X,Y,Z,formation
589546.9194,7010325.1231,857.0,sill_diabasio
589545.0228000004,7010323.475,795.0,encaixante_teresina
589611.2174000004,7010576.229,826.0,sill_diabasio
589771.1435000002,7010521.6893,800.0,encaixante_teresina
589976.3772,7010559.7608,682.0,encaixante_teresina
592876.6315000001,7006267.4192,741.0,sill_diabasio
592969.8046000004,7006327.3198,678.0,sill_diabasio
593732.9505000003,7010744.971,660.0,encaixante_irati
592462.0362,7009343.1645,693.0,encaixante_teresina
593866.8735999996,7015561.4334,879.0,sill_diabasio
593499.2713000001,7015722.3666,869.0,sill_diabasio
601460.3662,7001295.8688,400.0,sill_diabasio
602915.3287000004,7003843.7341,510.0,sill_diabasio
598337.7543000001,6996492.2749,550.0,sill_diabasio
589484.6316999998,7001143.7,626.2000122070312,sill_diabasio
593876.0,6999520.0,720.0,encaixante_palermo
588186.0,7007601.0,390.0,encaixante_palermo
589245.0,7010127.0,650.0,dique
587998.0,7007503.0,398.0,dique
604093.0,7030159.0,820.0,sill_diabasio
589451.0,7001101.0,640.0,sill_diabasio
584478.0,7010296.0,482.0,sill_diabasio
596465.0,7003414.0,400.0,sill_diabasio
594518.0,7003542.0,495.0,encaixante_rio_bonito
589442.0,7007022.0,430.0,encaixante_rio_bonito
603733.0,6993858.0,380.0,dique
598377.0,6993965.0,615.0,encaixante_palermo
599771.0,6994960.0,530.0,sill_diabasio
600848.0,6998060.0,420.0,dique
599802.0,6999865.0,365.0,encaixante_rio_bonito
592297.0,7009107.0,690.0,encaixante_teresina
587071.0,7016681.0,720.0,dique
587454.0,7016623.0,740.0,encaixante_teresina
588240.0,7015885.0,865.0,dique
592742.0,7006029.0,700.0,sill_diabasio
593370.0,7005169.0,730.0,sill_diabasio
592431.2879999997,7004651.9369,478.3999938964844,encaixante_palermo
592042.3727000002,7005932.0905,540.0,encaixante_irati
593446.2407631081,7005506.028092224,738.1473388671875,sill_diabasio
593445.0756002414,7005503.385960397,737.588134765625,sill_diabasio
593444.5061673297,7005503.887604277,738.076171875,sill_diabasio
593441.2492073305,7005504.774924238,737.2877197265625,sill_diabasio
593439.425896295,7005504.958058574,737.1796875,sill_diabasio
593435.6481846501,7005505.431651965,736.5628662109375,sill_diabasio
593434.8110040334,7005506.1989447605,736.948974609375,sill_diabasio
593469.651988341,7005496.195423735,736.366455078125,sill_diabasio
593468.9653539651,7005496.937221106,737.9595947265625,sill_diabasio
593464.5293022906,7005498.35512772,738.155029296875,sill_diabasio
593463.2458637417,7005496.737447237,737.228515625,sill_diabasio
593462.4099324595,7005495.949446725,736.0953369140625,sill_diabasio
593353.2633137743,7005347.304771434,721.46630859375,sill_diabasio
593361.269395416,7005339.932612873,722.8326416015625,sill_diabasio
593335.5546026939,7005362.873740852,727.9619140625,sill_diabasio
593354.8279586011,7005478.020140097,740.1297607421875,encaixante_serra_alta
593354.7467807145,7005475.9171239175,734.070556640625,encaixante_serra_alta
593354.2030619583,7005477.338006437,734.167724609375,encaixante_serra_alta
593356.0331115421,7005476.199950803,735.2158203125,encaixante_serra_alta
593360.4973546363,7005486.241578694,739.6046142578125,encaixante_serra_alta
593359.3794569663,7005487.264641281,735.1220703125,encaixante_serra_alta
593359.9972916718,7005485.013497113,733.59521484375,encaixante_serra_alta
593360.0279406889,7005485.001082607,733.56884765625,encaixante_serra_alta
593410.4000548037,7006081.584537754,751.56396484375,encaixante_teresina
593412.2497425071,7006083.192449279,752.5301513671875,encaixante_teresina
592976.1855697979,7006314.946303166,717.72900390625,sill_diabasio
593009.3077312204,7006369.950925622,734.089111328125,sill_diabasio
593008.3432932354,7006372.418423459,732.917724609375,sill_diabasio
593008.0115829166,7006372.355536806,733.6494140625,sill_diabasio
593004.9865622815,7006371.928320534,732.715087890625,sill_diabasio
593005.1806509676,7006371.356383331,732.5166015625,sill_diabasio
593006.8815942595,7006370.571612379,732.0140380859375,sill_diabasio
593007.7598165497,7006370.509683726,732.205322265625,sill_diabasio
593009.0817696874,7006363.713756269,733.2841796875,sill_diabasio
593008.8209016032,7006362.776326625,733.059814453125,sill_diabasio
593010.6496699881,7006360.112965434,732.3797607421875,sill_diabasio
593013.0616892719,7006357.464091294,732.9208984375,sill_diabasio
593017.8221791412,7006356.017356722,732.43310546875,sill_diabasio
593016.9476905814,7006354.183896657,731.936279296875,sill_diabasio
593020.165492465,7006351.601022576,731.9541015625,sill_diabasio
593022.1140452453,7006351.039278321,731.68896484375,sill_diabasio
593022.3260944004,7006355.274845649,731.93798828125,sill_diabasio
593026.8183260206,7006349.769091293,731.19140625,sill_diabasio
593023.0159530209,7006348.565598507,730.777587890625,sill_diabasio
593024.963311355,7006352.103648587,731.97998046875,sill_diabasio
593027.6125749552,7006353.611500792,732.033447265625,sill_diabasio
593031.0044366665,7006351.362975631,731.8564453125,sill_diabasio
593033.2295977562,7006349.724650513,731.675537109375,sill_diabasio
593034.0362836423,7006348.1810822375,733.0322265625,sill_diabasio
593033.3527812777,7006345.759092353,732.4613037109375,sill_diabasio
593031.7123432903,7006340.287947102,732.0830078125,sill_diabasio
593031.4646986825,7006339.128869163,731.2490234375,sill_diabasio
593028.2302344207,7006335.480771832,729.544921875,sill_diabasio
593026.251390798,7006332.774877716,728.83837890625,sill_diabasio
593025.7151624075,7006332.0167398695,728.65576171875,sill_diabasio
593031.7823768059,7006328.788971032,728.721435546875,sill_diabasio
593033.4573857683,7006327.452729411,727.8319091796875,sill_diabasio
593034.7048232595,7006325.965695782,726.7265625,sill_diabasio
593039.7341678255,7006322.936188595,725.4598388671875,sill_diabasio
593045.3584510367,7006321.090862999,724.06103515625,sill_diabasio
593049.3204474766,7006321.224179661,723.4417724609375,sill_diabasio
593049.9707947761,7006321.991435921,721.989990234375,sill_diabasio
593053.0579237518,7006320.773167911,720.995361328125,sill_diabasio
593052.8902054596,7006320.757801471,720.9710693359375,sill_diabasio
593049.7482082295,7006325.12692206,721.1942138671875,sill_diabasio
593043.8312324584,7006328.286007607,723.408447265625,sill_diabasio
593040.7580285002,7006331.772843378,726.157470703125,sill_diabasio
593041.1804094651,7006334.554582079,728.252685546875,sill_diabasio
593043.8345437975,7006338.180414304,728.38720703125,sill_diabasio
593045.4816329008,7006340.816773973,728.952880859375,sill_diabasio
593045.9590864718,7006345.399305176,729.6519775390625,sill_diabasio
593041.8761165052,7006351.7915414,730.4140625,sill_diabasio
593037.5075383119,7006350.598918217,731.744384765625,sill_diabasio
593043.6424815109,7006339.6894944,733.632568359375,sill_diabasio
593103.5536754943,7006284.7803589385,727.5206298828125,sill_diabasio
593103.9355822436,7006284.260191593,727.53564453125,sill_diabasio
593104.2790977759,7006284.84252293,727.301025390625,sill_diabasio
593105.2036191878,7006288.064724283,725.845703125,sill_diabasio
593104.6888725782,7006289.523039652,725.6142578125,sill_diabasio
593107.5457813275,7006291.480181398,726.2061767578125,sill_diabasio
593109.1362698916,7006292.110817703,726.219482421875,sill_diabasio
593107.3508742705,7006293.537620924,725.995849609375,sill_diabasio
593107.2634565292,7006293.784193508,725.17626953125,sill_diabasio
593095.1074559219,7006280.443344146,728.048828125,sill_diabasio
593097.3443735794,7006278.522442494,728.5595703125,sill_diabasio
593080.0672930524,7006283.569656648,719.4437255859375,sill_diabasio
593080.1671059798,7006283.522387074,719.40966796875,sill_diabasio
593079.1821412971,7006282.701131334,719.395263671875,sill_diabasio
592912.6214051828,7006312.315510306,724.78515625,sill_diabasio
592914.4112403707,7006312.015285127,723.4373779296875,sill_diabasio
592916.127644146,7006311.576029522,723.149658203125,sill_diabasio
592916.6327903705,7006309.890705364,722.88134765625,sill_diabasio
592916.7535330586,7006309.190816305,722.775390625,sill_diabasio
592925.1857601679,7006299.260226432,722.841796875,sill_diabasio
592909.0435305778,7006301.294535559,738.40087890625,encaixante_serra_alta
592916.2246702445,7006294.760761602,724.05517578125,encaixante_serra_alta
592894.5524491894,7006298.517765165,738.744140625,encaixante_serra_alta
592911.4280962297,7006290.82295095,725.10400390625,encaixante_serra_alta
592945.5605712407,7006005.304249115,705.011962890625,encaixante_serra_alta
588004.687709383,7007510.495398002,393.2212524414063,encaixante_irati
588000.0931713168,7007515.078332568,404.9791259765625,encaixante_irati
587994.4218821236,7007504.411666298,388.8,sill_diabasio
587312.6264703568,7017020.857568776,728.5,dique
596404.6708551889,7016008.41922128,490.1,encaixante_palermo
594332.0670167011,7016548.888643999,686.0,encaixante_serra_alta
593724.7282756895,7017802.233125995,653.3,encaixante_irati
593419.0756129563,7017924.517998778,625.1,encaixante_serra_alta
587317.2325397808,7016945.869920146,682.7,encaixante_teresina
587995.7158732472,7016224.800825704,816.8,encaixante_teresina
588391.8279925485,7016121.949658237,891.9,dique
588392.05726547,7016107.547651039,885.5,sill_diabasio
587231.4923991881,7016891.265440861,725.5,sill_diabasio
587229.1868204272,7016892.758437812,726.1,sill_diabasio
587229.1868204272,7016892.758437812,726.1,sill_diabasio
587223.2600214632,7016896.861300353,731.4,sill_diabasio
601478.4040788404,7020165.663465643,458.0,encaixante_rio_bonito
600754.9583433039,7021238.417994008,457.0,encaixante_rio_bonito
587220.9474296315,7016917.512690865,826.276123046875,dique
583452.1759599091,7011328.958001821,467.2000000000001,sill_diabasio
583449.8037423857,7011331.27380956,470.1363525390625,sill_diabasio
583452.3932727327,7011329.509671165,466.0596923828125,sill_diabasio
582834.3262678568,7010985.998913727,588.80712890625,encaixante_serra_alta
601506.8774320153,7019135.46511608,616.4869384765625,encaixante_rio_bonito
601425.5359451564,7019091.278417969,521.4959106445312,encaixante_rio_bonito
587434.1871999996,7011778.7666,801.7566347302574,sill_diabasio
587476.6767007384,7011805.291695508,809.5128553138593,sill_diabasio
587519.1662014773,7011831.816791016,812.911949523103,sill_diabasio
587561.6557022161,7011858.341886524,818.4243123989365,sill_diabasio
587604.1452029549,7011884.866982032,819.5021710329577,sill_diabasio
587646.6347036937,7011911.39207754,817.4684047511605,sill_diabasio
587689.1242044326,7011937.917173048,814.5311942521469,sill_diabasio
587731.6137051714,7011964.442268556,812.1053087353877,sill_diabasio
587774.1032059102,7011990.967364064,806.9262025340385,sill_diabasio
587816.5927066491,7012017.492459572,799.480687804686,sill_diabasio
587860.8499369716,7012040.904298835,795.5081711112143,sill_diabasio
587905.3997898778,7012063.800782644,791.6026153732712,sill_diabasio
587949.9496427841,7012086.697266452,790.1317827114206,sill_diabasio
587994.4994956903,7012109.59375026,789.3466257496925,sill_diabasio
588039.0493485965,7012132.490234068,790.3629124466231,sill_diabasio
588083.5992015027,7012155.386717876,790.5124856613846,sill_diabasio
588128.149054409,7012178.283201684,789.7971698038708,sill_diabasio
588172.6989073153,7012201.179685492,788.4110974632629,sill_diabasio
588217.2487602215,7012224.076169301,788.171761741276,sill_diabasio
588261.7986131278,7012246.972653109,790.4635299458225,sill_diabasio
588306.348466034,7012269.8691369165,797.5116986766755,sill_diabasio
588350.8983189403,7012292.765620724,807.2606899706088,sill_diabasio
588395.4481718466,7012315.662104533,816.5638727602394,sill_diabasio
588439.9980247528,7012338.558588341,823.9049295406263,sill_diabasio
588484.5478776591,7012361.455072149,827.3801699926332,sill_diabasio
588529.0977305654,7012384.3515559565,828.5069687567031,sill_diabasio
588573.6475834716,7012407.248039765,834.8047158238692,sill_diabasio
588613.1755282377,7012437.795078204,840.9567426683345,sill_diabasio
588651.902468006,7012469.56239633,856.8092218360503,sill_diabasio
588690.6294077744,7012501.329714456,871.0467222940147,sill_diabasio
588729.3563475428,7012533.097032581,884.5627013697449,sill_diabasio
588768.0832873113,7012564.864350708,891.266135707611,sill_diabasio
588806.8102270797,7012596.631668834,894.9858933760679,sill_diabasio
588845.537166848,7012628.39898696,894.9999999999999,sill_diabasio
588884.2641066164,7012660.166305086,895.0,sill_diabasio
588922.9910463848,7012691.933623211,895.5096010176328,sill_diabasio
588961.7179861532,7012723.700941337,897.462534206816,sill_diabasio
589000.4449259215,7012755.468259464,899.4359832426208,sill_diabasio
589039.1718656899,7012787.23557759,901.7525687579036,sill_diabasio
589077.8988054583,7012819.002895716,903.5673008593722,sill_diabasio
589117.8457568557,7012848.93654048,903.4972564513624,sill_diabasio
589162.107667693,7012872.384815763,903.6938206034592,sill_diabasio
589206.3695785304,7012895.833091047,904.7266922318528,sill_diabasio
589250.6314893678,7012919.28136633,906.3896734871594,sill_diabasio
589294.8934002052,7012942.729641614,912.5814507345324,sill_diabasio
589339.1553110424,7012966.1779168965,918.7833752183428,sill_diabasio
589383.4172218798,7012989.62619218,923.730846973994,sill_diabasio
589427.6791327172,7013013.074467463,925.0,sill_diabasio
589471.9410435546,7013036.522742747,927.035478304142,sill_diabasio
589516.202954392,7013059.97101803,928.9533621065526,sill_diabasio
589560.4648652293,7013083.419293314,930.0675206937252,sill_diabasio
589604.7267760667,7013106.867568597,930.4550664582003,sill_diabasio
589648.9886869041,7013130.315843881,930.3871295205968,sill_diabasio
589695.3182420043,7013148.982576491,930.497900761153,sill_diabasio
589742.7193047537,7013165.171387904,930.6443782531468,sill_diabasio
589790.1203675031,7013181.360199317,929.084145693557,sill_diabasio
589837.5214302526,7013197.54901073,927.1869108267005,sill_diabasio
589884.922493002,7013213.737822143,926.4966631610883,sill_diabasio
589932.3235557514,7013229.926633556,928.6099558328632,sill_diabasio
589979.7246185008,7013246.11544497,935.988909973134,sill_diabasio
590027.1256812502,7013262.304256383,945.7861923574836,sill_diabasio
590074.5267439997,7013278.493067796,954.7635706103052,sill_diabasio
590121.9278067491,7013294.681879209,960.6389622239416,sill_diabasio
590171.1049153801,7013299.931001143,964.059926232204,sill_diabasio
590221.1929142213,7013299.569425656,965.5700134681406,sill_diabasio
590271.2809130624,7013299.207850168,968.7932906790198,sill_diabasio
590321.3689119036,7013298.84627468,970.4947817036996,sill_diabasio
590371.4569107447,7013298.484699193,971.6415258689614,sill_diabasio
590421.5449095858,7013298.123123706,972.3810270535488,sill_diabasio
590471.6329084269,7013297.761548218,973.394450626752,sill_diabasio
590521.7209072681,7013297.399972731,974.2506502611512,sill_diabasio
590571.8089061092,7013297.038397244,975.379547687448,sill_diabasio
590621.8969049504,7013296.676821756,976.2960666429832,sill_diabasio
590667.6123296685,7013279.035664593,976.4097816201448,sill_diabasio
590711.8437114635,7013255.529851923,976.4547789150142,sill_diabasio
590756.0750932585,7013232.024039254,980.2315164272582,sill_diabasio
590800.3064750535,7013208.518226584,983.8195070725808,sill_diabasio
590844.5378568486,7013185.012413915,984.0327347211678,sill_diabasio
590888.7692386436,7013161.506601246,982.6776715006516,sill_diabasio
590932.0188000271,7013136.801255546,982.3846905734086,sill_diabasio
590963.8029866986,7013098.088159023,980.1645462518132,sill_diabasio
590995.5871733701,7013059.3750625,982.1734659876926,sill_diabasio
591027.3713600416,7013020.661965977,983.278882371786,sill_diabasio
591059.155546713,7012981.948869455,980.4843783553754,sill_diabasio
591090.9397333845,7012943.235772932,976.87386345968,sill_diabasio
591121.2260276332,7012903.6166315805,972.0498750808248,sill_diabasio
591140.7581563862,7012857.49251304,967.2173114742112,sill_diabasio
591160.2902851391,7012811.3683945,964.1369851063852,sill_diabasio
591179.8224138921,7012765.244275959,960.74942045559,sill_diabasio
591199.3545426452,7012719.120157419,960.0,sill_diabasio
591218.8866713982,7012672.996038879,960.0,sill_diabasio
591238.4188001512,7012626.871920339,958.6575131938964,sill_diabasio
591257.9509289042,7012580.747801798,957.6289527849372,sill_diabasio
591277.4830576573,7012534.623683258,957.6155093585412,sill_diabasio
591297.0151864102,7012488.4995647175,957.5763596301437,sill_diabasio
591316.5473151632,7012442.375446177,956.5831031222824,sill_diabasio
591336.0794439162,7012396.251327638,956.0430228326344,sill_diabasio
591355.6115726692,7012350.127209097,954.4942356302894,sill_diabasio
591375.1437014223,7012304.003090557,953.3687598635156,sill_diabasio
591394.6758301753,7012257.878972016,951.8611512996064,sill_diabasio
591414.2079589283,7012211.754853476,950.2675332764512,sill_diabasio
591433.7400876812,7012165.630734935,950.0,sill_diabasio
591453.2722164342,7012119.506616396,950.0,sill_diabasio
591472.8043451873,7012073.382497855,950.0,sill_diabasio
591492.3364739403,7012027.258379315,950.0,sill_diabasio
591511.8686026933,7011981.134260775,950.0,sill_diabasio
591531.4007314463,7011935.010142234,950.0,sill_diabasio
591550.9328601994,7011888.886023694,949.4465260948052,sill_diabasio
591570.3191131989,7011842.705272411,942.2615500150838,sill_diabasio
591587.0259616236,7011795.484306936,933.6094125330044,sill_diabasio
591603.7328100484,7011748.26334146,925.6402439001096,sill_diabasio
591620.4396584731,7011701.042375985,919.8884022279784,sill_diabasio
591637.1465068979,7011653.821410509,916.3283815035712,sill_diabasio
591653.8533553227,7011606.600445033,913.3571914412676,sill_diabasio
591670.5602037475,7011559.379479557,910.7424965270018,sill_diabasio
591687.2670521722,7011512.1585140815,908.0341306110502,sill_diabasio
591703.973900597,7011464.937548606,905.0302017024424,sill_diabasio
591720.6807490217,7011417.71658313,900.866761492408,sill_diabasio
591737.3875974464,7011370.495617654,896.7332524873066,sill_diabasio
591754.0944458712,7011323.274652179,892.5477388231768,sill_diabasio
591770.8012942959,7011276.053686704,891.1724123748502,sill_diabasio
591787.5081427207,7011228.832721228,890.4040957455071,sill_diabasio
591804.2149911454,7011181.611755752,889.4990275741694,sill_diabasio
591820.9218395702,7011134.390790276,887.9938193987243,sill_diabasio
591838.2914505559,7011087.464372326,887.4989847783991,sill_diabasio
591862.1452424059,7011043.419679352,888.7257615556384,sill_diabasio
591885.9990342561,7010999.374986379,891.1020592720471,sill_diabasio
591909.8528261061,7010955.330293406,893.1365740872859,sill_diabasio
591933.7066179562,7010911.285600432,896.1252439673976,sill_diabasio
591957.5604098062,7010867.240907459,899.8610138050071,sill_diabasio
591981.4142016564,7010823.196214486,901.6851105704908,sill_diabasio
592005.2679935064,7010779.151521512,904.4744634077484,sill_diabasio
592029.1217853564,7010735.106828539,905.50985223941,sill_diabasio
592052.9755772065,7010691.062135566,903.7921981402887,sill_diabasio
592076.8293690566,7010647.017442592,901.831711901872,sill_diabasio
592100.6831609067,7010602.972749619,900.8739008809944,sill_diabasio
592124.5369527567,7010558.928056645,900.2066740589544,sill_diabasio
592148.3907446067,7010514.8833636725,898.2022639131508,sill_diabasio
592172.2445364569,7010470.838670699,894.9100134017657,sill_diabasio
592196.0983283069,7010426.793977725,890.7214413525553,sill_diabasio
592213.7184572018,7010380.984593237,886.043591084893,sill_diabasio
592216.4913720997,7010330.97210172,881.324718763737,sill_diabasio
592219.2642869976,7010280.959610203,876.8331065123599,sill_diabasio
592222.0372018956,7010230.947118687,871.7515514780157,sill_diabasio
592224.8101167935,7010180.93462717,867.8275944452491,sill_diabasio
592227.5830316914,7010130.922135653,863.2876360218852,sill_diabasio
592230.3559465893,7010080.909644136,860.8137204139349,sill_diabasio
592233.1288614871,7010030.897152619,863.3869179422169,sill_diabasio
592235.901776385,7009980.884661103,866.9838634836296,sill_diabasio
592238.6746912829,7009930.872169586,866.9360018747611,sill_diabasio
592241.4476061808,7009880.859678069,855.5029716712263,sill_diabasio
592244.2205210787,7009830.847186552,831.1159262447977,sill_diabasio
592240.588104248,7009791.367701845,803.7236817550972,sill_diabasio
592197.4582320125,7009816.838321894,794.795757288566,sill_diabasio
592154.3283597769,7009842.308941944,787.3697281903542,sill_diabasio
592111.1984875413,7009867.779561993,780.0840355185858,sill_diabasio
592068.0686153057,7009893.250182042,772.9990758317017,sill_diabasio
592024.9387430701,7009918.720802091,766.1079007011738,sill_diabasio
591979.0763291838,7009938.218261877,755.2685801971403,sill_diabasio
591931.6035766463,7009954.195624965,745.6474674838921,sill_diabasio
591884.1308241088,7009970.172988054,740.2921956920686,sill_diabasio
591836.6580715714,7009986.150351143,739.3852248535153,sill_diabasio
591789.185319034,7010002.127714231,739.2875656366386,sill_diabasio
591741.7125664966,7010018.10507732,737.6490659659704,sill_diabasio
591694.2398139591,7010034.082440408,734.1423057652833,sill_diabasio
591646.7670614216,7010050.059803496,731.4504793513267,sill_diabasio
591599.2943088842,7010066.037166585,730.7125748483785,sill_diabasio
591551.8215563467,7010082.014529673,728.5129807596667,sill_diabasio
591504.3488038093,7010097.991892762,725.1812932905896,sill_diabasio
591456.8760512719,7010113.969255851,725.6093511161721,sill_diabasio
591409.4032987345,7010129.946618939,731.7466452348225,sill_diabasio
591361.930546197,7010145.923982027,739.3560450892696,sill_diabasio
591314.4577936595,7010161.901345116,745.8714000891575,sill_diabasio
591266.9850411221,7010177.878708204,750.108937342168,sill_diabasio
591219.5122885846,7010193.856071292,753.335787330813,sill_diabasio
591172.6190377845,7010211.403093508,754.827558895106,sill_diabasio
591126.1528925964,7010230.106989254,755.9824876408776,sill_diabasio
591079.6867474084,7010248.810885,756.2559338185002,sill_diabasio
591033.2206022203,7010267.514780747,754.9350323017505,sill_diabasio
590986.7544570322,7010286.2186764935,751.4248245252165,sill_diabasio
590940.2883118441,7010304.92257224,747.1650368050628,sill_diabasio
590893.8221666559,7010323.626467987,741.9041995835571,sill_diabasio
590847.3560214678,7010342.330363734,740.4665626740593,sill_diabasio
590800.8898762797,7010361.03425948,739.6894659340177,sill_diabasio
590754.4237310917,7010379.738155227,740.830709016152,sill_diabasio
590708.1804657934,7010398.934124757,747.3024309931059,sill_diabasio
590663.4750946162,7010421.525453904,752.3100605083341,sill_diabasio
590617.6365838981,7010439.664231983,756.8418432886326,sill_diabasio
590567.5705687553,7010441.191481947,755.1632768268312,sill_diabasio
590517.5045536123,7010442.718731911,746.9068566831279,sill_diabasio
590467.4385384694,7010444.245981875,738.6961050746143,sill_diabasio
590417.3725233265,7010445.773231839,735.4856530135172,sill_diabasio
590367.7876758984,7010440.733817512,734.6835385214855,sill_diabasio
590318.4790318335,7010431.924959174,731.8631783766459,sill_diabasio
590269.1703877684,7010423.1161008375,723.7205302662721,sill_diabasio
590219.8617437034,7010414.3072425,711.8500460893399,sill_diabasio
590170.5530996383,7010405.498384162,698.4253152916717,sill_diabasio
590121.2444555733,7010396.689525825,688.1203759296889,sill_diabasio
590071.9358115083,7010387.880667487,684.0007590471264,sill_diabasio
590025.604363317,7010399.569625975,686.7983956587415,sill_diabasio
589980.8391755196,7010422.042194279,695.5879649297365,sill_diabasio
589936.0739877222,7010444.514762583,712.3814655038807,sill_diabasio
589891.3087999248,7010466.987330888,732.9488842101146,sill_diabasio
589846.5436121273,7010489.459899193,750.6986539230868,sill_diabasio
589801.7784243299,7010511.932467497,766.161821599067,sill_diabasio
589757.0132365325,7010534.405035802,779.5648068122342,sill_diabasio
589712.248048735,7010556.877604106,791.7530287053371,sill_diabasio
589668.7266645097,7010581.531246204,802.5699722417685,sill_diabasio
589626.5913924363,7010608.615507538,813.099616059382,sill_diabasio
589584.4561203629,7010635.699768873,821.5401166198412,sill_diabasio
589542.3208482893,7010662.784030208,828.1954337715025,sill_diabasio
589500.1855762159,7010689.868291543,833.063137215607,sill_diabasio
589458.0503041424,7010716.952552877,832.1749879977317,sill_diabasio
589415.915032069,7010744.036814212,825.9202100202124,sill_diabasio
589373.7797599955,7010771.121075546,811.8309534053102,sill_diabasio
589331.6444879221,7010798.205336881,794.3660477155563,sill_diabasio
589289.5092158486,7010825.289598215,779.7312557804497,sill_diabasio
589249.0960949232,7010854.599218957,770.746277261998,sill_diabasio
589212.307384979,7010888.592294508,767.3864772000063,sill_diabasio
589175.5186750349,7010922.585370059,763.1453970128259,sill_diabasio
589138.7299650908,7010956.57844561,760.4259929759519,sill_diabasio
589101.9412551466,7010990.57152116,757.0790048982941,sill_diabasio
589063.8088292545,7011022.957783931,753.9124480781696,sill_diabasio
589023.8429612565,7011053.151620387,750.9200991539924,sill_diabasio
588987.2190640416,7011087.113351635,756.2861279982312,sill_diabasio
588952.469895766,7011123.188740321,761.4833892112408,sill_diabasio
588917.7207274903,7011159.264129008,774.641512173149,sill_diabasio
588880.0199616677,7011191.655712968,786.0136290612395,sill_diabasio
588837.2357883678,7011217.70284102,790.0253769006301,sill_diabasio
588794.451615068,7011243.749969074,791.8958754840974,sill_diabasio
588751.6674417682,7011269.797097126,790.7333893341397,sill_diabasio
588708.8832684683,7011295.8442251785,788.2999970069909,sill_diabasio
588663.6097870612,7011317.116919326,780.2287102496671,sill_diabasio
588617.7590768174,7011337.282502255,775.0223577331544,sill_diabasio
588571.9083665736,7011357.448085184,770.6763436990714,sill_diabasio
588526.0576563299,7011377.613668114,764.1306426158578,sill_diabasio
588480.6069265794,7011398.603502284,761.0972139887297,sill_diabasio
588436.3934346931,7011422.142947901,763.9110033605037,sill_diabasio
588392.1799428068,7011445.682393518,770.2869874020839,sill_diabasio
588347.9664509206,7011469.221839135,777.7385154213234,sill_diabasio
588303.1984536643,7011491.680688972,782.3745481049467,sill_diabasio
588258.2933112527,7011513.872276336,787.948145646018,sill_diabasio
588211.538477974,7011529.197971362,789.1647255105034,sill_diabasio
588161.5626433485,7011532.567588287,782.9120190393699,sill_diabasio
588111.5868087229,7011535.937205211,777.3708578223104,sill_diabasio
588061.6109740973,7011539.306822136,770.6718218345841,sill_diabasio
588011.5418031157,7011540.167074365,764.1224384702718,sill_diabasio
587961.4537380433,7011540.519355569,761.6810698865828,sill_diabasio
587911.3696443969,7011540.094057077,759.5545832214177,sill_diabasio
587861.2877908269,7011539.230166039,755.5003965635125,sill_diabasio
587811.2059372568,7011538.366275002,748.6399199522357,sill_diabasio
587761.1240836866,7011537.502383964,742.3035188223897,sill_diabasio
587711.040652897,7011536.946447646,736.054379143809,sill_diabasio
587660.9525778572,7011537.2973088,730.6814886245154,sill_diabasio
587610.8645028174,7011537.648169953,726.5423049924683,sill_diabasio
587560.7764277776,7011537.999031108,724.2804187459766,sill_diabasio
587515.0235345153,7011557.514793082,731.9691432184997,sill_diabasio
587474.3929728977,7011582.484890048,739.8437215059953,sill_diabasio
587464.3415296732,7011631.555317536,763.3229190199778,sill_diabasio
587454.2900864487,7011680.625745024,785.4047047070507,sill_diabasio
587444.2386432241,7011729.696172512,800.3916248400246,sill_diabasio
587434.1871999996,7011778.7666,801.7566347302574,sill_diabasio
584495.1848999998,7005734.9552,767.9002827888994,sill_diabasio
584526.7227146357,7005696.044763025,770.6555432154465,sill_diabasio
584558.2605292717,7005657.13432605,774.5598755853526,sill_diabasio
584589.7983439076,7005618.223889075,779.7745669422219,sill_diabasio
584621.3361585435,7005579.3134521,785.2950332159497,sill_diabasio
584652.8739731794,7005540.403015126,791.9331642204809,sill_diabasio
584684.4117878154,7005501.492578151,800.5229661428752,sill_diabasio
584715.9496024513,7005462.582141176,808.5985344728977,sill_diabasio
584747.4874170872,7005423.671704201,816.2643550670507,sill_diabasio
584779.0252317232,7005384.761267226,824.38590834779,sill_diabasio
584810.5630463591,7005345.850830251,831.8423729823027,sill_diabasio
584842.100860995,7005306.9403932765,836.8350097959099,sill_diabasio
584873.6386756309,7005268.029956302,840.3060958810017,sill_diabasio
584905.1764902669,7005229.119519327,842.6767402812537,sill_diabasio
584946.4238663347,7005201.282543178,842.5819260650063,sill_diabasio
584989.1222159271,7005175.100358401,844.0489400705293,sill_diabasio
585031.8205655195,7005148.918173625,846.6494733553643,sill_diabasio
585074.518915112,7005122.735988849,850.3773170709554,sill_diabasio
585117.2172647044,7005096.553804073,856.1624478815972,sill_diabasio
585159.9156142968,7005070.371619295,859.6360898061987,sill_diabasio
585202.6139638892,7005044.189434519,860.0,sill_diabasio
585245.3123134816,7005018.007249743,860.0,sill_diabasio
585288.010663074,7004991.825064966,860.0,sill_diabasio
585330.7090126664,7004965.64288019,860.0,sill_diabasio
585373.4073622588,7004939.460695413,858.2042554927996,sill_diabasio
585416.1057118512,7004913.278510637,859.7340995851846,sill_diabasio
585458.8016623585,7004887.09263569,857.8795273772698,sill_diabasio
585500.058485197,7004858.6931563495,857.5352527613508,sill_diabasio
585541.3153080355,7004830.293677008,855.7791796073932,sill_diabasio
585582.5721308739,7004801.894197667,855.6789784832188,sill_diabasio
585623.8289537125,7004773.494718325,855.5602506994151,sill_diabasio
585665.0857765509,7004745.095238984,852.5548626956826,sill_diabasio
585706.3425993894,7004716.695759643,845.7492057801439,sill_diabasio
585747.5994222279,7004688.296280301,838.4329053155124,sill_diabasio
585788.8562450664,7004659.89680096,833.9071288520886,sill_diabasio
585830.1130679048,7004631.497321619,833.7507214939301,sill_diabasio
585871.3698907433,7004603.097842277,832.8180954631938,sill_diabasio
585912.6267135818,7004574.698362936,826.1673574942055,sill_diabasio
585953.8835364203,7004546.298883595,816.5518249270042,sill_diabasio
585995.1403592587,7004517.899404253,807.0906307745062,sill_diabasio
586036.3971820973,7004489.499924912,800.5990118331996,sill_diabasio
586077.6540049358,7004461.10044557,796.1959486935446,sill_diabasio
586118.9108277742,7004432.70096623,789.5462774114137,sill_diabasio
586160.1676506128,7004404.301486888,780.1679498139184,sill_diabasio
586201.4244734512,7004375.902007546,770.1131920166391,sill_diabasio
586242.6812962897,7004347.5025282055,760.8318588908016,sill_diabasio
586283.9381191281,7004319.103048864,755.5019019255569,sill_diabasio
586304.0387902034,7004274.539766795,753.4602305532919,sill_diabasio
586320.5958004144,7004227.2690436095,748.598123893088,sill_diabasio
586337.1528106254,7004179.998320424,743.1370002749541,sill_diabasio
586353.7098208364,7004132.727597239,733.8081187988319,sill_diabasio
586345.1756464738,7004093.227249404,722.8146714971667,sill_diabasio
586304.8005980852,7004063.587557685,711.1617917201271,sill_diabasio
586264.4255496967,7004033.947865965,701.4679180108903,sill_diabasio
586224.0505013082,7004004.308174246,695.4949943916978,sill_diabasio
586183.6754529196,7003974.668482526,694.249355576894,sill_diabasio
586143.3004045311,7003945.028790807,694.2852710977896,sill_diabasio
586102.9253561426,7003915.3890990885,696.2015778723519,sill_diabasio
586062.550307754,7003885.749407369,700.9078969695224,sill_diabasio
586023.4486116333,7003854.486389473,705.8787419586669,sill_diabasio
585985.0460005852,7003822.332146794,708.5586151726684,sill_diabasio
585946.6433895371,7003790.177904114,708.0737572582893,sill_diabasio
585908.240778489,7003758.023661435,706.2782022334884,sill_diabasio
585869.838167441,7003725.869418756,704.657830160633,sill_diabasio
585826.3859070818,7003701.498101824,704.1883329722621,sill_diabasio
585781.3733452817,7003679.531646995,702.617807467207,sill_diabasio
585736.3607834816,7003657.565192165,700.5820182710627,sill_diabasio
585691.3482216815,7003635.598737335,699.991000520213,sill_diabasio
585646.3356598815,7003613.632282506,700.5490881426417,sill_diabasio
585601.3230980815,7003591.665827676,703.2507056151007,sill_diabasio
585553.389533644,7003577.886247751,705.0,sill_diabasio
585504.63822666,7003566.398605481,707.2206668262148,sill_diabasio
585455.886919676,7003554.91096321,709.849125945635,sill_diabasio
585407.135612692,7003543.42332094,710.0,sill_diabasio
585358.384305708,7003531.935678669,711.2914202428963,sill_diabasio
585309.632998724,7003520.448036399,714.6777766711365,sill_diabasio
585260.88169174,7003508.960394127,717.5475405763289,sill_diabasio
585211.1515231228,7003505.44985434,718.5525907360079,sill_diabasio
585161.0691301527,7003504.809719996,718.8795975068689,sill_diabasio
585110.9867371827,7003504.169585651,719.451394216962,sill_diabasio
585060.9043442127,7003503.529451305,720.3528463413285,sill_diabasio
585010.8219512426,7003502.88931696,721.743502880518,sill_diabasio
584960.7395582726,7003502.249182615,724.8564691240866,sill_diabasio
584910.6571653025,7003501.609048271,727.3871831762425,sill_diabasio
584860.5747723326,7003500.968913926,728.5898125027421,sill_diabasio
584810.5783781239,7003501.961281281,729.3866874191287,sill_diabasio
584760.840439017,7003507.859863397,728.5469802896235,sill_diabasio
584711.10249991,7003513.7584455125,727.639669330775,sill_diabasio
584661.364560803,7003519.657027628,725.5262708614877,sill_diabasio
584611.626621696,7003525.555609744,722.1120424061455,sill_diabasio
584561.888682589,7003531.45419186,718.5591059709523,sill_diabasio
584512.1507434822,7003537.352773976,715.3779285800651,sill_diabasio
584462.4128043752,7003543.251356091,712.1072587297045,sill_diabasio
584412.6748652682,7003549.149938207,709.4241464424871,sill_diabasio
584362.9369261612,7003555.048520322,708.4004148112538,sill_diabasio
584313.1989870542,7003560.947102438,706.7241852195405,sill_diabasio
584267.2281211376,7003579.45100325,704.2318328920006,sill_diabasio
584222.4094794705,7003601.810457999,702.4119093450106,sill_diabasio
584177.5908378033,7003624.169912749,702.6405740537057,sill_diabasio
584132.7721961362,7003646.529367498,703.7643337130031,sill_diabasio
584087.9535544689,7003668.888822247,706.3175368930466,sill_diabasio
584043.1349128018,7003691.248276997,708.511170762427,sill_diabasio
583998.3162711347,7003713.6077317465,706.9583891940675,sill_diabasio
583980.6363392326,7003760.012619039,705.4918416516213,sill_diabasio
583963.83706946,7003807.197790361,702.1668384013212,sill_diabasio
583947.0377996874,7003854.382961683,698.3114649015366,sill_diabasio
583930.2385299148,7003901.568133005,695.0,sill_diabasio
583913.4392601422,7003948.753304327,695.0,sill_diabasio
583901.1263271004,7003996.812921418,695.0,sill_diabasio
583898.9750865528,7004046.853185423,699.686406735373,sill_diabasio
583896.8238460051,7004096.893449428,705.2520201539205,sill_diabasio
583894.6726054575,7004146.933713432,712.0976626586021,sill_diabasio
583892.5213649098,7004196.973977437,719.4961615734597,sill_diabasio
583890.3701243622,7004247.014241443,725.7683052869693,sill_diabasio
583888.2188838145,7004297.054505448,730.785266054673,sill_diabasio
583886.0676432669,7004347.094769453,733.6439054946684,sill_diabasio
583883.9164027192,7004397.135033458,736.0375908889962,sill_diabasio
583886.4197341364,7004446.681141065,739.5989109806886,sill_diabasio
583899.0297283647,7004495.1542666415,742.667088353371,sill_diabasio
583911.6397225928,7004543.627392218,744.4622607519354,sill_diabasio
583924.249716821,7004592.1005177945,746.3224256397318,sill_diabasio
583936.8597110491,7004640.573643371,749.0197618196643,sill_diabasio
583949.4697052774,7004689.046768948,754.166263566579,sill_diabasio
583962.0796995055,7004737.5198945245,760.2783145100798,sill_diabasio
583974.6896937337,7004785.9930201005,765.0864447226006,sill_diabasio
583987.7309750034,7004834.349100123,765.0981268054519,sill_diabasio
584001.3561334608,7004882.54672366,765.1114444487408,sill_diabasio
584014.9812919182,7004930.744347197,764.9049865947293,sill_diabasio
584028.6064503756,7004978.941970733,765.402355656805,sill_diabasio
584042.2316088331,7005027.13959427,766.8185315152533,sill_diabasio
584055.8567672905,7005075.337217807,768.6172317307,sill_diabasio
584069.4819257479,7005123.534841344,771.0968035616506,sill_diabasio
584090.6338779719,7005168.618405001,774.0649639755567,sill_diabasio
584115.0441962908,7005212.353885074,777.1233471194981,sill_diabasio
584139.4545146096,7005256.089365146,778.9723485243691,sill_diabasio
584163.8648329285,7005299.824845218,780.7546782718048,sill_diabasio
584188.2751512474,7005343.560325291,781.6672270912863,sill_diabasio
584212.6854695664,7005387.295805363,783.9186688600273,sill_diabasio
584237.0957878852,7005431.031285435,788.5135198030625,sill_diabasio
584261.5061062041,7005474.766765508,796.3165214670356,sill_diabasio
584289.3752606102,7005515.9711749945,802.3017583017439,sill_diabasio
584323.6768671753,7005552.468512495,804.0994104517712,sill_diabasio
584357.9784737402,7005588.965849997,800.7840667564948,sill_diabasio
584392.2800803051,7005625.463187497,793.2527889575981,sill_diabasio
584426.58168687,7005661.960524998,784.0391153954031,sill_diabasio
584460.8832934349,7005698.457862499,775.7343640739658,sill_diabasio
584495.1848999998,7005734.9552,767.9002827888994,sill_diabasio
590723.5329999998,7018047.2752,963.3377498576735,sill_diabasio
590773.353965191,7018053.5797098605,965.180734636612,sill_diabasio
590823.1749303822,7018059.88421972,964.575984147796,sill_diabasio
590872.9958955734,7018066.1887295805,959.5173846063526,sill_diabasio
590922.8168607645,7018072.49323944,955.517556817662,sill_diabasio
590972.6378259558,7018078.7977493005,952.5449984082934,sill_diabasio
591022.1217342335,7018081.86491201,948.7825885664612,sill_diabasio
591069.5754550094,7018065.43263275,932.6751853678344,sill_diabasio
591117.0291757854,7018049.00035349,902.6024393745852,sill_diabasio
591164.4828965613,7018032.56807423,862.4109366597031,sill_diabasio
591211.9366173372,7018016.13579497,823.76949451466,sill_diabasio
591259.3903381131,7017999.70351571,796.6611895508626,sill_diabasio
591306.844058889,7017983.27123645,773.7200984250131,sill_diabasio
591354.297779665,7017966.838957191,757.549821905052,sill_diabasio
591401.4404262858,7017949.787158332,742.0819868566198,sill_diabasio
591442.9629258005,7017921.542557942,736.0303857146201,sill_diabasio
591484.485425315,7017893.297957551,733.6664873235958,sill_diabasio
591526.0079248295,7017865.053357161,738.6439269753861,sill_diabasio
591567.5304243441,7017836.80875677,745.7405179958723,sill_diabasio
591609.0529238586,7017808.56415638,756.9204420474094,sill_diabasio
591650.5754233731,7017780.319555989,767.5905698663906,sill_diabasio
591692.0979228878,7017752.074955598,787.3187710881275,sill_diabasio
591733.6204224023,7017723.830355207,824.7032990914521,sill_diabasio
591775.1429219169,7017695.585754817,874.6027025129413,sill_diabasio
591816.6654214314,7017667.341154426,923.5373717866016,sill_diabasio
591858.1879209459,7017639.096554036,955.7275797993424,sill_diabasio
591899.7104204606,7017610.851953645,967.9561855826404,sill_diabasio
591941.2329199751,7017582.607353255,969.5121314287032,sill_diabasio
591982.7554194896,7017554.362752865,973.2290672703564,sill_diabasio
592024.2779190042,7017526.118152474,977.6593377796148,sill_diabasio
592065.8004185187,7017497.873552084,980.671489650256,sill_diabasio
592107.3229180333,7017469.628951693,983.1831478461412,sill_diabasio
592148.8454175479,7017441.384351303,985.0,sill_diabasio
592190.3679170624,7017413.139750912,985.0,sill_diabasio
592223.2607043261,7017377.101282907,985.0,sill_diabasio
592247.1438828596,7017332.92584629,985.0,sill_diabasio
592271.0270613931,7017288.750409673,985.5212992346288,sill_diabasio
592294.9102399268,7017244.574973056,988.3560263588612,sill_diabasio
592318.7934184603,7017200.399536439,992.003374917553,sill_diabasio
592342.6765969938,7017156.224099822,995.7593978836056,sill_diabasio
592366.5597755275,7017112.0486632055,997.4461586829464,sill_diabasio
592390.442954061,7017067.873226589,998.9896655434897,sill_diabasio
592414.3261325945,7017023.697789972,1000.0,sill_diabasio
592438.2093111281,7016979.522353355,997.2961623399397,sill_diabasio
592462.0924896616,7016935.346916738,995.1610832065904,sill_diabasio
592485.9756681952,7016891.171480121,987.8781690988378,sill_diabasio
592509.8588467288,7016846.996043504,976.49777846772,sill_diabasio
592533.7420252623,7016802.820606887,962.6360429479694,sill_diabasio
592557.6252037958,7016758.64517027,948.1780160934652,sill_diabasio
592581.5083823295,7016714.469733654,936.3547180862516,sill_diabasio
592605.391560863,7016670.294297037,929.1709219254104,sill_diabasio
592613.1548878072,7016622.335153524,931.4317395684598,sill_diabasio
592611.4210986365,7016572.146814317,941.5087731538438,sill_diabasio
592609.6873094657,7016521.958475111,951.3720496142356,sill_diabasio
592607.953520295,7016471.770135906,957.277256509212,sill_diabasio
592606.2197311242,7016421.581796699,961.5705673572248,sill_diabasio
592604.4859419535,7016371.393457493,968.2346872083948,sill_diabasio
592602.7521527827,7016321.205118287,980.0272194739548,sill_diabasio
592601.018363612,7016271.016779081,987.698556033656,sill_diabasio
592595.7566376087,7016223.862069831,988.372277691127,sill_diabasio
592546.3944888475,7016214.628777524,993.8434925655254,sill_diabasio
592497.0323400861,7016205.395485218,1000.18944593659,sill_diabasio
592447.6701913248,7016196.162192912,1007.1567409906908,sill_diabasio
592398.3080425634,7016186.928900605,1011.2360391978892,sill_diabasio
592348.9458938021,7016177.695608298,1011.7839657860334,sill_diabasio
592299.5837450407,7016168.462315992,1010.1529556457716,sill_diabasio
592250.2215962794,7016159.229023686,1008.8018071472494,sill_diabasio
592200.859447518,7016149.995731379,1006.474934757889,sill_diabasio
592151.4972987567,7016140.762439072,1003.603114438705,sill_diabasio
592102.1351499953,7016131.529146765,1001.7701061045196,sill_diabasio
592052.773001234,7016122.295854459,996.41271072764,sill_diabasio
592003.4108524726,7016113.062562153,992.1600996078304,sill_diabasio
591954.0487037114,7016103.829269846,990.0,sill_diabasio
591904.68655495,7016094.595977539,986.2860081484238,sill_diabasio
591855.3244061887,7016085.362685232,984.5979674999556,sill_diabasio
591805.9622574273,7016076.129392926,987.4449079458782,sill_diabasio
591756.600108666,7016066.89610062,992.7116505617764,sill_diabasio
591707.2379599046,7016057.662808313,996.0780671946628,sill_diabasio
591657.8758111433,7016048.429516006,995.3004899060674,sill_diabasio
591608.5136623819,7016039.1962237,988.1580918469429,sill_diabasio
591560.1562548031,7016025.893975923,984.5685895843594,sill_diabasio
591512.1698790012,7016011.089140411,982.3475324419404,sill_diabasio
591464.1835031994,7015996.284304897,981.3493670021774,sill_diabasio
591416.1971273974,7015981.479469385,980.0,sill_diabasio
591368.2107515956,7015966.674633872,977.2664872250087,sill_diabasio
591320.2243757937,7015951.869798359,972.656075460006,sill_diabasio
591272.2379999919,7015937.064962847,970.0338837037132,sill_diabasio
591224.2516241899,7015922.260127334,967.2858116594888,sill_diabasio
591176.265248388,7015907.455291822,968.0606001701074,sill_diabasio
591128.2788725862,7015892.650456308,969.5648314652984,sill_diabasio
591080.2924967844,7015877.845620796,968.4272130669588,sill_diabasio
591032.3061209824,7015863.040785284,967.3875169009948,sill_diabasio
590984.3197451805,7015848.235949771,965.5634140337806,sill_diabasio
590936.3333693787,7015833.431114258,963.9331719743676,sill_diabasio
590888.3469935769,7015818.626278746,965.083256683826,sill_diabasio
590840.3606177749,7015803.821443233,962.4451327178716,sill_diabasio
590791.5018448723,7015793.704475723,959.8328394776454,sill_diabasio
590741.4021234277,7015790.255805206,960.2611139866264,sill_diabasio
590691.3024019833,7015786.807134687,960.793656467516,sill_diabasio
590641.2026805389,7015783.358464168,967.4514774308008,sill_diabasio
590591.1029590943,7015779.90979365,976.3934287582596,sill_diabasio
590541.0032376499,7015776.461123132,980.0,sill_diabasio
590490.9035162055,7015773.012452614,979.6642658347088,sill_diabasio
590440.8037947611,7015769.563782095,975.8675841669024,sill_diabasio
590390.7040733165,7015766.115111577,969.7803299330874,sill_diabasio
590340.6043518721,7015762.666441059,964.6424033062896,sill_diabasio
590297.094900978,7015767.987327377,961.3763277774232,sill_diabasio
590286.4714845606,7015817.069080003,961.7939607942992,sill_diabasio
590275.8480681432,7015866.150832628,961.6756481691908,sill_diabasio
590265.224651726,7015915.232585253,963.031287601088,sill_diabasio
590254.6012353086,7015964.314337879,960.8601973690668,sill_diabasio
590243.9778188912,7016013.396090504,960.0,sill_diabasio
590233.3544024739,7016062.477843129,959.4377633063364,sill_diabasio
590222.7309860565,7016111.559595754,955.690726122482,sill_diabasio
590212.1075696391,7016160.64134838,950.544854904642,sill_diabasio
590215.0481691445,7016209.855447374,944.35148648337,sill_diabasio
590224.7118564665,7016259.135144659,943.1386181926772,sill_diabasio
590234.3755437884,7016308.414841944,942.402488970648,sill_diabasio
590244.0392311102,7016357.694539229,947.543356949602,sill_diabasio
590253.7029184322,7016406.974236514,953.5189787822952,sill_diabasio
590263.3666057541,7016456.253933799,955.1032070360138,sill_diabasio
590273.0302930761,7016505.5336310845,955.0,sill_diabasio
590282.6939803979,7016554.8133283695,955.0,sill_diabasio
590292.3576677198,7016604.093025655,953.0565758048136,sill_diabasio
590302.0213550418,7016653.37272294,950.4730857291908,sill_diabasio
590314.8764090792,7016701.857005628,944.5791281920158,sill_diabasio
590329.4712873264,7016749.907655427,925.5014740185984,sill_diabasio
590344.0661655735,7016797.958305226,884.3227138937666,sill_diabasio
590358.6610438207,7016846.008955025,838.0259974947949,sill_diabasio
590373.2559220679,7016894.059604824,815.9210519611922,sill_diabasio
590387.850800315,7016942.110254623,827.0470936720587,sill_diabasio
590402.4456785622,7016990.160904422,856.3976679508619,sill_diabasio
590417.0405568094,7017038.211554221,893.2970889808621,sill_diabasio
590431.6354350565,7017086.26220402,916.1143636066054,sill_diabasio
590446.2303133036,7017134.312853819,916.0443734220646,sill_diabasio
590460.8251915509,7017182.363503618,901.052274059286,sill_diabasio
590475.420069798,7017230.414153417,875.0520790052068,sill_diabasio
590490.0149480451,7017278.464803216,849.7999009698366,sill_diabasio
590504.6098262924,7017326.515453015,838.5242337916807,sill_diabasio
590519.2047045395,7017374.566102814,841.9355584333815,sill_diabasio
590533.7995827866,7017422.616752613,838.0523285415989,sill_diabasio
590548.3944610339,7017470.667402412,813.7832813272431,sill_diabasio
590562.989339281,7017518.718052211,789.781469764588,sill_diabasio
590577.5842175282,7017566.76870201,774.106039961321,sill_diabasio
590592.1790957754,7017614.819351809,781.8046019560917,sill_diabasio
590606.7739740225,7017662.870001608,813.3616204163275,sill_diabasio
590621.3688522697,7017710.920651407,853.8811561998685,sill_diabasio
590635.9637305168,7017758.971301206,890.939217066132,sill_diabasio
590650.558608764,7017807.021951005,918.6543932576518,sill_diabasio
590665.1534870112,7017855.072600804,934.9117655691008,sill_diabasio
590679.7483652583,7017903.123250603,941.3044983224008,sill_diabasio
590694.3432435055,7017951.173900402,948.4492465962924,sill_diabasio
590708.9381217527,7017999.224550201,955.7512188326748,sill_diabasio
590723.5329999998,7018047.2752,963.3377498576735,sill_diabasio
592607.1436999999,7007817.0362,660.1623167630192,sill_diabasio
592657.0153336505,7007823.621507323,681.9553786533077,sill_diabasio
592706.886967301,7007830.206814647,697.6342856138265,sill_diabasio
592756.7586009516,7007836.792121969,701.4243715812615,sill_diabasio
592806.6302346023,7007843.377429293,701.3449456539367,sill_diabasio
592856.5018682529,7007849.962736616,697.8556708915557,sill_diabasio
592900.3677172062,7007839.789664918,697.0257116508407,sill_diabasio
592934.7042517327,7007803.0262522325,695.0,sill_diabasio
592969.040786259,7007766.262839547,696.552535798056,sill_diabasio
593003.3773207854,7007729.499426862,699.0022278934556,sill_diabasio
593037.7138553117,7007692.736014178,700.493538967572,sill_diabasio
593072.050389838,7007655.972601493,701.9787534232336,sill_diabasio
593106.3869243645,7007619.209188808,702.5441899255311,sill_diabasio
593140.7234588908,7007582.445776123,703.1366684424261,sill_diabasio
593175.0599934171,7007545.682363438,702.9924324399742,sill_diabasio
593209.3965279436,7007508.918950753,701.3687233535647,sill_diabasio
593243.7330624699,7007472.155538068,698.3787346371353,sill_diabasio
593278.0695969963,7007435.392125383,693.2315339442373,sill_diabasio
593307.1596301509,7007395.604876519,686.4395139586536,sill_diabasio
593321.7573761737,7007347.464956218,682.2346819833167,sill_diabasio
593336.3551221966,7007299.325035918,679.0042746806365,sill_diabasio
593350.9528682195,7007251.185115617,682.525288601694,sill_diabasio
593365.5506142424,7007203.045195316,690.2089400209586,sill_diabasio
593380.1483602653,7007154.905275015,696.3405384972507,sill_diabasio
593394.7461062882,7007106.765354714,697.1269423987228,sill_diabasio
593409.343852311,7007058.625434414,691.748888334024,sill_diabasio
593423.941598334,7007010.485514113,684.3791909907275,sill_diabasio
593438.5393443569,7006962.345593812,678.5450143294918,sill_diabasio
593453.1370903797,7006914.205673511,674.2187693907576,sill_diabasio
593467.7348364026,7006866.06575321,671.9254270334583,sill_diabasio
593482.3325824256,7006817.9258329095,669.4098867387373,sill_diabasio
593500.5528299735,7006771.076046348,667.7183872506217,sill_diabasio
593519.6712196064,7006724.546128087,665.9500796861789,sill_diabasio
593538.7896092393,7006678.016209826,663.4647730814855,sill_diabasio
593557.9079988722,7006631.486291565,663.3285143164276,sill_diabasio
593577.0263885051,7006584.956373304,664.844231160056,sill_diabasio
593596.144778138,7006538.426455043,663.6275319439055,sill_diabasio
593615.2631677709,7006491.896536782,661.9881328351756,sill_diabasio
593634.3815574038,7006445.3666185215,658.5741813916865,sill_diabasio
593653.4999470367,7006398.836700261,654.7705652781838,sill_diabasio
593645.429317325,7006350.815891683,656.7249895432838,sill_diabasio
593631.5131252079,7006302.474545897,659.9706862830039,sill_diabasio
593617.5969330906,7006254.13320011,664.7553515349738,sill_diabasio
593603.6807409734,7006205.791854323,673.3266591390679,sill_diabasio
593576.7068886035,7006166.017086648,688.4045695134112,sill_diabasio
593537.9048278069,7006134.002305789,708.6035427779641,sill_diabasio
593499.1027670101,7006101.98752493,730.0817650330182,sill_diabasio
593460.3007062135,7006069.972744071,746.3973278264949,sill_diabasio
593411.229906417,7006069.267194784,753.7710348818462,sill_diabasio
593361.0042330064,7006072.082837868,751.2724784959878,sill_diabasio
593310.7785595958,7006074.898480952,746.2480165507159,sill_diabasio
593260.5528861852,7006077.714124035,737.3489999859611,sill_diabasio
593210.3272127747,7006080.529767119,729.0335913349909,sill_diabasio
593160.705274599,7006087.791945729,722.0872943075055,sill_diabasio
593111.5471713992,7006098.470288547,716.8355364066849,sill_diabasio
593062.3890681996,7006109.148631364,710.009100734831,sill_diabasio
593013.2309649999,7006119.826974181,703.872492317164,sill_diabasio
592964.0728618001,7006130.505316999,699.87000478596,sill_diabasio
592914.9147586004,7006141.183659816,697.645051115914,sill_diabasio
592865.7566554007,7006151.8620026335,695.5546184702288,sill_diabasio
592816.598552201,7006162.540345452,689.0563692273026,sill_diabasio
592768.6914310325,7006177.879558036,684.8440363483328,sill_diabasio
592720.793034159,7006193.251275327,679.2456607871422,sill_diabasio
592672.8946372854,7006208.622992618,671.6159270492694,sill_diabasio
592624.9962404119,7006223.994709908,660.3079626063045,sill_diabasio
592577.0978435384,7006239.366427199,648.7560225946565,sill_diabasio
592529.1994466648,7006254.73814449,639.3684829049029,sill_diabasio
592494.8432637509,7006290.81257059,637.2585824056507,sill_diabasio
592461.5676940702,7006328.538988097,635.4978820663517,sill_diabasio
592428.2921243894,7006366.265405605,635.3302690531636,sill_diabasio
592395.0165547086,7006403.991823112,634.2737556038464,sill_diabasio
592374.3240749806,7006446.869001828,635.9136997016487,sill_diabasio
592371.5953772987,7006497.099473899,638.2524992693435,sill_diabasio
592368.8666796167,7006547.32994597,643.1931937828606,sill_diabasio
592366.1379819349,7006597.560418041,649.7735818872311,sill_diabasio
592363.409284253,7006647.7908901125,657.948677754439,sill_diabasio
592360.6805865712,7006698.021362184,662.194979568748,sill_diabasio
592357.9518888893,7006748.251834254,662.9981810000547,sill_diabasio
592355.2231912075,7006798.482306325,660.6781727492439,sill_diabasio
592357.1870441441,7006848.722790518,659.5841060390893,sill_diabasio
592359.7013724417,7006898.964449216,657.3300957951097,sill_diabasio
592362.2157007394,7006949.2061079135,655.9659910025379,sill_diabasio
592364.7300290371,7006999.447766612,654.4448854981654,sill_diabasio
592367.2443573347,7007049.68942531,652.266040321787,sill_diabasio
592375.6637932243,7007098.851036723,650.7274269592317,sill_diabasio
592391.0957870092,7007146.730047609,650.9292612564664,sill_diabasio
592406.5277807943,7007194.609058494,651.9961853843032,sill_diabasio
592421.9597745794,7007242.488069379,653.6656286387712,sill_diabasio
592437.3917683644,7007290.367080264,654.6645750287968,sill_diabasio
592452.8237621494,7007338.246091149,655.1198768590907,sill_diabasio
592468.2557559345,7007386.125102034,653.5885422650766,sill_diabasio
592483.6877497195,7007434.004112919,651.2626624617819,sill_diabasio
592499.1197435046,7007481.883123804,648.373387145951,sill_diabasio
592514.5517372896,7007529.762134689,645.9911254889976,sill_diabasio
592529.9837310747,7007577.641145574,645.2839854760905,sill_diabasio
592545.4157248597,7007625.52015646,645.7156426325357,sill_diabasio
592560.8477186448,7007673.399167345,647.0365241128853,sill_diabasio
592576.2797124299,7007721.27817823,649.8077363413848,sill_diabasio
592591.7117062148,7007769.157189115,654.4118796047205,sill_diabasio
592607.1436999999,7007817.0362,660.1623167630192,sill_diabasio
589317.9857999999,7015954.7509,946.1258994242266,sill_diabasio
589289.7613590874,7015913.388104459,936.216353780962,sill_diabasio
589261.536918175,7015872.025308918,926.6174370478176,sill_diabasio
589233.3124772626,7015830.662513377,915.5023318720284,sill_diabasio
589189.8712838002,7015809.306068766,905.49886650217,sill_diabasio
589142.4738320102,7015793.151147423,898.5469696804674,sill_diabasio
589095.07638022,7015776.996226081,895.0,sill_diabasio
589047.6789284298,7015760.841304738,895.0,sill_diabasio
589000.2814766397,7015744.686383395,895.0,sill_diabasio
588952.8840248496,7015728.531462053,895.0,sill_diabasio
588905.4865730595,7015712.37654071,895.0,sill_diabasio
588858.1980762867,7015695.916839633,895.0,sill_diabasio
588811.3008715903,7015678.362577716,895.0,sill_diabasio
588764.4036668937,7015660.8083158,895.2857976697096,sill_diabasio
588717.5064621973,7015643.254053882,898.5775607359551,sill_diabasio
588670.6092575009,7015625.699791966,900.6434373231292,sill_diabasio
588623.7120528044,7015608.14553005,902.3651579309552,sill_diabasio
588576.8148481079,7015590.591268132,902.1022853833034,sill_diabasio
588529.9176434114,7015573.037006216,903.2376282476772,sill_diabasio
588483.020438715,7015555.482744299,901.6932995887856,sill_diabasio
588436.1232340186,7015537.928482383,897.1308026902825,sill_diabasio
588389.2260293221,7015520.374220465,892.438003913336,sill_diabasio
588342.3288246256,7015502.819958549,887.4000325841505,sill_diabasio
588295.4316199291,7015485.265696633,881.5154825095182,sill_diabasio
588248.5344152327,7015467.711434715,872.6250597620528,sill_diabasio
588201.6372105363,7015450.157172799,859.9243513924938,sill_diabasio
588154.7400058397,7015432.602910882,841.076127526708,sill_diabasio
588107.8428011433,7015415.048648966,818.6439815635932,sill_diabasio
588060.9455964469,7015397.494387048,796.2899862783607,sill_diabasio
588010.9498975222,7015399.184675604,776.7726952571297,sill_diabasio
587960.9128291681,7015401.131907052,761.7394522558666,sill_diabasio
587910.8757608141,7015403.079138502,747.7269327267232,sill_diabasio
587860.83869246,7015405.02636995,740.8420317055125,sill_diabasio
587810.801624106,7015406.973601399,731.688305172537,sill_diabasio
587760.8484163851,7015410.370845764,723.0109882274037,sill_diabasio
587710.9204788723,7015414.205030878,718.8082715545172,sill_diabasio
587660.9925413593,7015418.039215992,715.7241450398866,sill_diabasio
587611.0646038464,7015421.873401106,713.6106680193534,sill_diabasio
587561.1366663335,7015425.70758622,703.8769098631112,sill_diabasio
587516.6516594669,7015448.596176343,687.2479558208852,sill_diabasio
587472.2317484396,7015471.712651509,672.366329421466,sill_diabasio
587427.8118374122,7015494.829126676,663.6430576913118,sill_diabasio
587383.3919263849,7015517.945601841,655.9088974047553,sill_diabasio
587349.0334536418,7015554.259824007,650.7652319779681,sill_diabasio
587314.9771947424,7015590.970464828,649.9999999999999,sill_diabasio
587280.920935843,7015627.681105651,650.2321566912037,sill_diabasio
587246.8646769436,7015664.391746473,652.4290044430969,sill_diabasio
587217.6733858761,7015704.44069311,648.9818623754425,sill_diabasio
587195.6722224776,7015749.423453462,644.0612587461121,sill_diabasio
587173.6710590792,7015794.406213814,637.5038094435725,sill_diabasio
587151.975379633,7015839.5177595625,633.1233412464768,sill_diabasio
587135.1322976376,7015886.675054954,629.3652873352385,sill_diabasio
587118.2892156421,7015933.832350346,634.2781919154028,sill_diabasio
587101.4461336468,7015980.989645738,645.0598822228498,sill_diabasio
587084.6030516513,7016028.14694113,659.3385048412347,sill_diabasio
587070.3428053139,7016075.956531603,670.5410285570756,sill_diabasio
587062.7751399012,7016125.456333218,680.6938783488272,sill_diabasio
587055.2074744884,7016174.956134833,691.1130602669534,sill_diabasio
587047.6398090757,7016224.45593645,703.5302694539962,sill_diabasio
587040.072143663,7016273.955738065,718.9380876853938,sill_diabasio
587044.6068176915,7016322.66182428,731.6514563304762,sill_diabasio
587058.574608265,7016370.749252432,733.5697836278837,sill_diabasio
587072.5423988384,7016418.836680584,721.8855741795918,sill_diabasio
587086.5101894119,7016466.924108736,704.0445681123516,sill_diabasio
587100.4779799854,7016515.011536888,682.979829390567,sill_diabasio
587114.4457705589,7016563.09896504,664.5988056006826,sill_diabasio
587128.4135611324,7016611.186393192,653.3275651060624,sill_diabasio
587155.3867241753,7016653.359445206,657.8282661465873,sill_diabasio
587182.4479456748,7016695.492451398,671.7738893194064,sill_diabasio
587209.5091671742,7016737.6254575895,694.8350518148228,sill_diabasio
587236.5703886737,7016779.75846378,720.9768381642212,sill_diabasio
587263.6316101731,7016821.891469972,743.1209227491645,sill_diabasio
587290.6928316726,7016864.024476164,756.2123072991126,sill_diabasio
587317.7540531722,7016906.157482356,752.5187842037531,sill_diabasio
587344.8152746717,7016948.290488547,741.9092684013355,sill_diabasio
587371.8764961711,7016990.4234947385,721.5776442028035,sill_diabasio
587398.9377176706,7017032.55650093,704.9013459125254,sill_diabasio
587446.6355127034,7017023.054094452,702.8644102277275,sill_diabasio
587495.2818471389,7017011.178318023,702.8188685018258,sill_diabasio
587543.9281815743,7016999.302541594,702.4364766123063,sill_diabasio
587592.5745160098,7016987.426765166,703.1710322050637,sill_diabasio
587641.2208504452,7016975.5509887375,699.9861948491342,sill_diabasio
587689.8671848807,7016963.675212309,690.4670832459731,sill_diabasio
587738.5135193161,7016951.799435881,678.3199298631164,sill_diabasio
587787.1598537515,7016939.923659452,667.8933036486003,sill_diabasio
587835.806188187,7016928.047883024,660.9638145236686,sill_diabasio
587884.4525226224,7016916.172106596,655.8449757371857,sill_diabasio
587933.3478054294,7016905.377200273,655.1933284512711,sill_diabasio
587982.2878565525,7016894.77666652,659.8133638990995,sill_diabasio
588031.2279076757,7016884.176132767,673.477036969105,sill_diabasio
588080.1679587987,7016873.575599014,688.9496015762961,sill_diabasio
588129.1080099219,7016862.975065261,703.0909093217795,sill_diabasio
588178.048061045,7016852.374531508,707.3856648130808,sill_diabasio
588226.9881121682,7016841.773997755,709.0618429779765,sill_diabasio
588275.9281632912,7016831.173464002,703.9419628226847,sill_diabasio
588324.8682144143,7016820.572930249,701.139114755396,sill_diabasio
588373.764814098,7016809.78825836,700.2110880416614,sill_diabasio
588422.2810847764,7016797.391831486,710.7792463921925,sill_diabasio
588470.7973554548,7016784.995404611,723.3063515560684,sill_diabasio
588519.3136261331,7016772.598977737,738.8025726109406,sill_diabasio
588567.8298968115,7016760.202550864,753.072529580928,sill_diabasio
588604.0957854468,7016726.083969208,768.1214121330398,sill_diabasio
588639.8060526856,7016690.980169791,783.38283511329,sill_diabasio
588675.5163199245,7016655.876370374,797.1851549176529,sill_diabasio
588711.2265871633,7016620.7725709565,817.0377676000464,sill_diabasio
588746.9368544021,7016585.66877154,839.631070274293,sill_diabasio
588782.6471216409,7016550.564972122,864.879729400818,sill_diabasio
588818.3573888798,7016515.4611727055,886.1009340516432,sill_diabasio
588853.8889424405,7016480.187947686,899.2016415735804,sill_diabasio
588887.0387179805,7016442.656729994,906.5377943603794,sill_diabasio
588920.1884935204,7016405.125512303,913.1511682653768,sill_diabasio
588953.3382690604,7016367.59429461,913.2184986422394,sill_diabasio
588986.4880446004,7016330.063076919,909.7634640648304,sill_diabasio
589019.6378201402,7016292.5318592265,906.985431829714,sill_diabasio
589052.7875956802,7016255.000641535,907.376660746128,sill_diabasio
589085.9373712202,7016217.469423844,911.4743258158164,sill_diabasio
589119.0871467602,7016179.938206151,918.71670874977,sill_diabasio
589152.2369223001,7016142.40698846,925.3469495053968,sill_diabasio
589185.3866978401,7016104.875770768,928.84204149268,sill_diabasio
589218.53647338,7016067.344553076,930.9810968997772,sill_diabasio
589251.68624892,7016029.813335384,935.2491532413068,sill_diabasio
589284.8360244599,7015992.282117692,940.667837573266,sill_diabasio
589317.9857999999,7015954.7509,946.1258994242266,sill_diabasio
587003.8523000004,7014780.9937,949.445947343226,sill_diabasio
587052.61161642,7014769.17674352,945.8294503784014,sill_diabasio
587101.3709328396,7014757.359787038,945.053577591102,sill_diabasio
587150.1302492592,7014745.542830557,941.374375059483,sill_diabasio
587198.8895656788,7014733.725874075,935.2686159920132,sill_diabasio
587247.6488820984,7014721.908917594,927.7728068250012,sill_diabasio
587296.408198518,7014710.091961112,921.5616205222616,sill_diabasio
587345.1675149376,7014698.275004631,921.151480434907,sill_diabasio
587393.9268313573,7014686.458048149,920.6491608652636,sill_diabasio
587442.6861477769,7014674.641091668,923.5219168518624,sill_diabasio
587470.4426394555,7014634.030410111,927.0074829397728,sill_diabasio
587496.587602972,7014591.210411502,930.9916193816862,sill_diabasio
587522.7325664884,7014548.390412892,934.8789169911108,sill_diabasio
587548.8775300048,7014505.570414282,931.8612838084688,sill_diabasio
587575.0224935213,7014462.7504156735,927.8986899417156,sill_diabasio
587601.1674570377,7014419.930417064,919.4919053554696,sill_diabasio
587627.3124205542,7014377.110418455,909.2844386746686,sill_diabasio
587653.4573840706,7014334.290419845,897.8475754200775,sill_diabasio
587647.981168064,7014284.497607479,891.6653676600502,sill_diabasio
587642.269771583,7014234.652935261,884.2254873787494,sill_diabasio
587636.5583751021,7014184.808263044,876.1616909169188,sill_diabasio
587630.8469786211,7014134.963590827,866.6067570832195,sill_diabasio
587625.1355821401,7014085.11891861,855.1390894803801,sill_diabasio
587619.4241856592,7014035.274246393,842.6759443441151,sill_diabasio
587612.327555518,7013985.630079999,833.8407879412289,sill_diabasio
587603.6711073763,7013936.211689658,827.3986828036532,sill_diabasio
587595.0146592347,7013886.793299319,818.5740153948072,sill_diabasio
587586.358211093,7013837.374908979,806.7402145133452,sill_diabasio
587576.003286784,7013788.372159366,792.367380181946,sill_diabasio
587560.861381834,7013740.540850448,778.7032086454096,sill_diabasio
587545.719476884,7013692.709541532,765.4344560972788,sill_diabasio
587530.577571934,7013644.878232615,753.2793115587749,sill_diabasio
587515.435666984,7013597.046923699,742.9793571498479,sill_diabasio
587500.2937620339,7013549.215614783,734.611695393571,sill_diabasio
587485.1518570839,7013501.3843058655,726.6751729130867,sill_diabasio
587470.0099521339,7013453.552996949,719.8838282853245,sill_diabasio
587449.2839284651,7013408.541948068,717.9935615820647,sill_diabasio
587419.7758694955,7013367.966267495,717.3322181754539,sill_diabasio
587390.2678105257,7013327.39058692,713.2408530047945,sill_diabasio
587360.759751556,7013286.814906347,707.35049667432,sill_diabasio
587331.2516925863,7013246.239225772,709.0363344628182,sill_diabasio
587301.7436336166,7013205.663545199,714.1662642036556,sill_diabasio
587272.2093750589,7013165.109185994,718.1044924562875,sill_diabasio
587238.4750075145,7013127.972898557,722.8702280977577,sill_diabasio
587204.7406399699,7013090.83661112,724.6889797907577,sill_diabasio
587171.0062724255,7013053.700323684,725.2753283052116,sill_diabasio
587137.271904881,7013016.564036247,725.9314623095082,sill_diabasio
587099.0424633885,7012984.212529527,730.4710162163921,sill_diabasio
587059.8742447215,7012952.860304014,735.763638669154,sill_diabasio
587020.7060260543,7012921.508078501,740.0107181344754,sill_diabasio
586981.5378073872,7012890.155852987,742.1879736029214,sill_diabasio
586942.3695887201,7012858.803627473,743.3446473692013,sill_diabasio
586903.201370053,7012827.45140196,743.8644955964069,sill_diabasio
586862.7206230761,7012798.120515733,746.1470512594527,sill_diabasio
586818.1454699335,7012775.095157527,752.7533430387359,sill_diabasio
586773.5703167911,7012752.069799322,757.9489949490212,sill_diabasio
586728.9951636485,7012729.044441115,759.530974407581,sill_diabasio
586684.4200105061,7012706.019082909,759.7991150393566,sill_diabasio
586639.7033058978,7012683.270443069,759.1869183206506,sill_diabasio
586594.9468763265,7012660.599461392,759.8518215270564,sill_diabasio
586550.1904467552,7012637.928479714,760.1853910227493,sill_diabasio
586504.6676323126,7012616.973992975,761.2800204300682,sill_diabasio
586457.9098558034,7012598.785487426,762.9218756589569,sill_diabasio
586411.1520792941,7012580.596981877,764.1856297095944,sill_diabasio
586364.3943027849,7012562.4084763285,761.7577579828859,sill_diabasio
586317.6365262757,7012544.21997078,756.6067708573017,sill_diabasio
586270.8787497664,7012526.031465231,749.4476831700886,sill_diabasio
586224.1209732572,7012507.842959682,744.0610159980689,sill_diabasio
586177.363196748,7012489.6544541335,738.6960399399223,sill_diabasio
586130.6054202387,7012471.4659485845,733.225949730832,sill_diabasio
586083.8476437294,7012453.277443036,727.843070887197,sill_diabasio
586037.0898672203,7012435.088937487,719.7730445810017,sill_diabasio
585990.3585055978,7012416.833587976,712.0212866712133,sill_diabasio
585943.7982028335,7012398.145366961,705.8059733203922,sill_diabasio
585897.2379000692,7012379.457145947,701.4560427690166,sill_diabasio
585850.677597305,7012360.768924932,695.9659899926104,sill_diabasio
585804.1172945407,7012342.080703918,686.1466160638686,sill_diabasio
585757.5569917765,7012323.392482903,673.2982148121517,sill_diabasio
585710.9966890122,7012304.704261888,657.9127437734737,sill_diabasio
585664.436386248,7012286.016040874,643.9038630191658,sill_diabasio
585615.7462858664,7012276.949174524,637.8158018724421,sill_diabasio
585565.6486072956,7012274.2410386335,638.5554984501382,sill_diabasio
585515.5509287247,7012271.532902743,638.368200254818,sill_diabasio
585465.4532501539,7012268.824766852,639.5248858483134,sill_diabasio
585415.355571583,7012266.116630961,641.9132169728134,sill_diabasio
585365.2578930121,7012263.40849507,647.8853832672505,sill_diabasio
585315.1602144414,7012260.70035918,657.3897951987398,sill_diabasio
585265.0625358705,7012257.992223289,670.0288138546621,sill_diabasio
585214.9648572996,7012255.284087398,684.120857156648,sill_diabasio
585164.8671787288,7012252.575951507,698.1340622182024,sill_diabasio
585114.7695001579,7012249.867815617,713.5471351160705,sill_diabasio
585064.6718215871,7012247.159679726,727.2614901034135,sill_diabasio
585014.5741430162,7012244.451543835,735.3259628728704,sill_diabasio
584965.6149601814,7012253.636239345,739.1935171701414,sill_diabasio
584916.9409379222,7012265.799748514,736.1349544620771,sill_diabasio
584868.2669156631,7012277.963257683,722.0871169925086,sill_diabasio
584819.5928934041,7012290.126766852,696.6893502757607,sill_diabasio
584770.918871145,7012302.290276022,666.5276608675114,sill_diabasio
584721.8196138685,7012311.662340272,639.0225470842265,sill_diabasio
584671.7316028251,7012314.543754492,614.6492530082086,sill_diabasio
584621.6435917816,7012317.425168712,598.0744452603476,sill_diabasio
584571.5555807382,7012320.3065829305,587.6736833113023,sill_diabasio
584521.4675696947,7012323.18799715,581.1011944623845,sill_diabasio
584471.5022932498,7012327.126679225,577.2102538868996,sill_diabasio
584422.0862213616,7012335.796352652,580.0671796566448,sill_diabasio
584372.6701494734,7012344.466026079,590.0836141861566,sill_diabasio
584323.2540775852,7012353.135699506,607.5105448087295,sill_diabasio
584273.838005697,7012361.805372934,627.7150018325119,sill_diabasio
584224.4219338088,7012370.475046361,648.576946618487,sill_diabasio
584175.0058619207,7012379.144719788,669.8014023177942,sill_diabasio
584125.5897900325,7012387.814393215,691.3050097979097,sill_diabasio
584076.1737181443,7012396.484066642,709.9844906989507,sill_diabasio
584026.7576462561,7012405.153740069,718.4553013678644,sill_diabasio
583977.341574368,7012413.823413496,713.6440134309611,sill_diabasio
583927.9255024798,7012422.493086923,711.4125633821677,sill_diabasio
583878.5094305915,7012431.16276035,710.7132823626971,sill_diabasio
583829.458410783,7012441.633050283,716.6883711273643,sill_diabasio
583780.5676537768,7012452.893835228,722.2868723478277,sill_diabasio
583733.3259315953,7012468.392565228,718.6075312646391,sill_diabasio
583689.6822276217,7012493.138039595,710.6274140716093,sill_diabasio
583646.0385236479,7012517.883513962,701.4805043233591,sill_diabasio
583602.3948196743,7012542.628988329,694.1800452662682,sill_diabasio
583558.7511157006,7012567.374462696,689.3376054950775,sill_diabasio
583515.107411727,7012592.119937063,684.9462517361283,sill_diabasio
583471.4637077532,7012616.86541143,682.0011021649767,sill_diabasio
583427.8200037795,7012641.610885797,680.2701714161125,sill_diabasio
583384.1762998059,7012666.3563601645,678.4739544075218,sill_diabasio
583340.5325958321,7012691.101834531,675.0568568477631,sill_diabasio
583296.8888918585,7012715.847308898,664.9472672887549,sill_diabasio
583253.2451878848,7012740.592783265,649.6740047289642,sill_diabasio
583217.195644199,7012774.194977295,640.2088181986412,sill_diabasio
583186.0801323821,7012813.551505629,641.4536616505637,sill_diabasio
583154.9646205652,7012852.908033964,651.0052887596431,sill_diabasio
583123.8491087483,7012892.264562299,659.7426182478218,sill_diabasio
583092.7335969313,7012931.621090633,663.842160014684,sill_diabasio
583061.6180851144,7012970.977618968,665.0,sill_diabasio
583045.3308937335,7013012.266455466,665.0,sill_diabasio
583065.3213084232,7013058.282699541,664.9749513561092,sill_diabasio
583085.3117231128,7013104.298943616,664.1837442467023,sill_diabasio
583105.3021378025,7013150.31518769,664.4332114661646,sill_diabasio
583125.2925524922,7013196.331431764,664.4566569623528,sill_diabasio
583145.2829671819,7013242.347675839,664.8167603444903,sill_diabasio
583171.7274631418,7013283.683489808,665.3156535938981,sill_diabasio
583209.2551664938,7013316.98188135,665.928060343204,sill_diabasio
583246.782869846,7013350.280272893,666.5404670925135,sill_diabasio
583284.3105731981,7013383.578664435,669.3247456497447,sill_diabasio
583321.8382765503,7013416.8770559775,672.3308462852897,sill_diabasio
583359.3659799024,7013450.17544752,675.0956131487212,sill_diabasio
583396.8936832545,7013483.473839061,678.758799601754,sill_diabasio
583434.4213866066,7013516.772230604,677.4648938872559,sill_diabasio
583471.9490899588,7013550.070622146,675.0,sill_diabasio
583509.476793311,7013583.3690136885,675.6155383486541,sill_diabasio
583547.004496663,7013616.667405231,678.7253941322069,sill_diabasio
583586.0255827744,7013645.99261958,682.2052331655761,sill_diabasio
583636.1952804395,7013645.656711286,681.4239818281533,sill_diabasio
583686.3649781046,7013645.320802993,679.7793576371037,sill_diabasio
583736.5346757697,7013644.9848947,679.0560294667346,sill_diabasio
583786.7043734349,7013644.648986408,680.0,sill_diabasio
583836.8740710999,7013644.313078115,680.0,sill_diabasio
583887.043768765,7013643.977169821,680.0,sill_diabasio
583937.2134664302,7013643.641261528,680.6122860861889,sill_diabasio
583987.3831640953,7013643.305353235,682.1053825908771,sill_diabasio
584037.5528617605,7013642.969444943,683.7725244074835,sill_diabasio
584087.7225594255,7013642.63353665,685.8967833539854,sill_diabasio
584136.0822181547,7013653.33426746,689.0716536332104,sill_diabasio
584183.516492262,7013669.677493521,694.9880444748657,sill_diabasio
584230.9507663695,7013686.020719582,704.0887628084796,sill_diabasio
584278.3850404768,7013702.363945643,715.3574861492885,sill_diabasio
584325.8193145843,7013718.707171706,726.570667464273,sill_diabasio
584373.2535886917,7013735.050397767,733.3495174641994,sill_diabasio
584420.687862799,7013751.393623828,737.7296267888063,sill_diabasio
584468.1221369065,7013767.736849889,742.0574949739737,sill_diabasio
584515.5564110138,7013784.080075951,748.7489733309013,sill_diabasio
584562.9906851213,7013800.4233020125,755.7838398209622,sill_diabasio
584610.4249592287,7013816.766528074,765.4462401303475,sill_diabasio
584657.859233336,7013833.109754135,774.9964698230947,sill_diabasio
584705.2935074435,7013849.452980196,784.664927367848,sill_diabasio
584752.7277815508,7013865.796206258,790.001186472675,sill_diabasio
584800.1620556583,7013882.139432319,791.5707796160765,sill_diabasio
584847.5963297657,7013898.482658381,785.8262774743255,sill_diabasio
584895.0306038731,7013914.825884442,778.8623118356959,sill_diabasio
584942.4648779805,7013931.169110504,772.2829915834144,sill_diabasio
584989.8991520879,7013947.512336565,767.7482381060845,sill_diabasio
585037.3334261953,7013963.855562626,766.3049954954338,sill_diabasio
585084.7677003028,7013980.198788688,764.4060247650452,sill_diabasio
585132.2019744101,7013996.542014749,762.901916505243,sill_diabasio
585179.6362485175,7014012.885240811,763.1845537389079,sill_diabasio
585227.070522625,7014029.228466872,765.3577327963416,sill_diabasio
585274.5047967323,7014045.571692933,771.4215798868897,sill_diabasio
585321.9390708398,7014061.9149189945,777.4374818458218,sill_diabasio
585369.3733449471,7014078.258145057,782.2848500948511,sill_diabasio
585416.8076190546,7014094.601371118,784.4797482782386,sill_diabasio
585464.241893162,7014110.944597179,784.2609667831139,sill_diabasio
585511.6761672694,7014127.28782324,781.0392071248657,sill_diabasio
585559.1104413768,7014143.631049302,776.5916700617942,sill_diabasio
585606.5447154841,7014159.974275364,771.3537803607587,sill_diabasio
585653.9789895916,7014176.317501425,767.4993550856623,sill_diabasio
585701.413263699,7014192.660727486,769.051976583506,sill_diabasio
585748.8475378064,7014209.003953547,772.85968702376,sill_diabasio
585796.2818119138,7014225.347179609,775.5579420635868,sill_diabasio
585843.7160860212,7014241.690405671,771.9096007068865,sill_diabasio
585891.1503601286,7014258.033631732,767.4332520711571,sill_diabasio
585938.5846342361,7014274.376857793,765.1805907383169,sill_diabasio
585986.0189083434,7014290.720083855,764.2982969425482,sill_diabasio
586033.4531824508,7014307.063309916,765.0455509329904,sill_diabasio
586078.171493418,7014328.049321624,768.8661552484662,sill_diabasio
586115.6641706112,7014361.387146315,774.3050075305769,sill_diabasio
586153.1568478043,7014394.724971005,779.7567614662992,sill_diabasio
586190.6495249975,7014428.062795695,785.4635712366724,sill_diabasio
586228.1422021905,7014461.400620385,795.8526005052627,sill_diabasio
586265.6348793836,7014494.738445076,807.5310450339931,sill_diabasio
586303.1275565767,7014528.076269766,819.5878170324562,sill_diabasio
586340.6202337699,7014561.4140944565,832.8268423231921,sill_diabasio
586379.5682735132,7014592.151754005,842.8058574857039,sill_diabasio
586427.5901217046,7014606.678057543,847.4505819509993,sill_diabasio
586475.6119698959,7014621.204361081,852.8652862179288,sill_diabasio
586523.6338180873,7014635.730664619,862.4895775743229,sill_diabasio
586571.6556662786,7014650.256968157,876.7322284638603,sill_diabasio
586619.6775144698,7014664.783271696,891.256145813813,sill_diabasio
586667.6993626612,7014679.309575234,903.9331885284864,sill_diabasio
586715.7212108525,7014693.835878772,914.6082665370404,sill_diabasio
586763.7430590438,7014708.36218231,925.1161209323428,sill_diabasio
586811.7649072352,7014722.888485848,934.3424403431762,sill_diabasio
586859.7867554264,7014737.414789386,941.3873036183757,sill_diabasio
586907.8086036177,7014751.941092924,946.1692637089476,sill_diabasio
586955.8304518091,7014766.467396462,945.1578223660964,sill_diabasio
587003.8523000004,7014780.9937,949.445947343226,sill_diabasio
585080.4972000001,7017250.261,582.6619779594807,sill_diabasio
585117.9725818114,7017283.780203451,585.2141472145196,sill_diabasio
585155.4479636226,7017317.299406903,591.7609417668779,sill_diabasio
585192.9233454339,7017350.818610354,596.4437935871556,sill_diabasio
585230.3987272452,7017384.337813806,603.4062822085523,sill_diabasio
585267.8741090563,7017417.857017257,611.0017020504794,sill_diabasio
585305.3494908676,7017451.376220709,619.165811420641,sill_diabasio
585350.3525507593,7017464.984597322,627.1897505382587,sill_diabasio
585400.6300200918,7017464.642078063,634.8437652471478,sill_diabasio
585450.9074894243,7017464.299558805,640.0,sill_diabasio
585501.1849587568,7017463.957039546,640.0,sill_diabasio
585551.4624280892,7017463.614520288,640.0,sill_diabasio
585598.1148232745,7017446.460053119,640.0,sill_diabasio
585644.0659436065,7017426.053294872,640.2672311082507,sill_diabasio
585690.0170639387,7017405.646536625,636.0838848538014,sill_diabasio
585735.9681842708,7017385.239778378,630.0658557222412,sill_diabasio
585781.9193046029,7017364.833020131,624.0849127932572,sill_diabasio
585827.8704249349,7017344.426261884,618.6274904871108,sill_diabasio
585873.821545267,7017324.019503637,615.4264853774574,sill_diabasio
585919.7726655991,7017303.61274539,613.8650642789983,sill_diabasio
585965.7237859311,7017283.205987143,613.8893500414067,sill_diabasio
586011.6749062632,7017262.799228896,613.1880529706228,sill_diabasio
586057.2326732588,7017241.551276671,612.2069813906594,sill_diabasio
586102.3545280034,7017219.371117376,612.2485137538374,sill_diabasio
586147.476382748,7017197.190958082,612.4852006401388,sill_diabasio
586192.5982374927,7017175.010798788,611.4382992494926,sill_diabasio
586237.7200922373,7017152.830639493,609.188545449711,sill_diabasio
586282.8419469821,7017130.650480199,607.1329036112094,sill_diabasio
586327.9638017267,7017108.470320905,606.0899872285595,sill_diabasio
586373.0856564713,7017086.29016161,605.6732749734422,sill_diabasio
586418.207511216,7017064.110002316,607.3593324425278,sill_diabasio
586463.3293659607,7017041.929843022,610.9621810942639,sill_diabasio
586508.4512207054,7017019.749683727,617.6687798581619,sill_diabasio
586550.5036720933,7016992.943026228,621.7460128269228,sill_diabasio
586588.4800426209,7016959.992509943,621.091865120515,sill_diabasio
586626.4564131484,7016927.041993657,617.6390134252551,sill_diabasio
586664.432783676,7016894.091477372,615.0,sill_diabasio
586702.4091542036,7016861.140961086,615.0,sill_diabasio
586740.3855247311,7016828.190444801,616.0298018098374,sill_diabasio
586753.7230125834,7016785.541549292,616.8435230871341,sill_diabasio
586748.3959828194,7016735.545909525,621.5812783677261,sill_diabasio
586743.0689530552,7016685.5502697565,630.6281178207382,sill_diabasio
586737.7419232911,7016635.554629989,640.8200855364066,sill_diabasio
586732.4148935269,7016585.558990221,652.5470289957643,sill_diabasio
586727.0878637629,7016535.563350452,668.8139335370633,sill_diabasio
586707.345692872,7016491.278796336,685.8108642448624,sill_diabasio
586676.9866401269,7016451.200508469,702.1896093481926,sill_diabasio
586646.627587382,7016411.122220602,712.5595330229285,sill_diabasio
586616.2685346369,7016371.043932734,708.4368210793319,sill_diabasio
586570.4913399467,7016353.58402217,699.9554002411163,sill_diabasio
586522.089799851,7016339.9740200285,689.2191258598891,sill_diabasio
586473.6882597551,7016326.364017888,673.8096144954388,sill_diabasio
586425.2867196593,7016312.7540157465,653.8619760934417,sill_diabasio
586376.8851795635,7016299.144013606,635.8949575424492,sill_diabasio
586328.4836394677,7016285.534011465,621.0642677560738,sill_diabasio
586280.082099372,7016271.924009324,610.8104735976772,sill_diabasio
586231.6805592763,7016258.314007183,604.2804223076936,sill_diabasio
586183.2790191805,7016244.704005042,598.5596462424548,sill_diabasio
586134.1768606469,7016233.9380624,596.5558063905436,sill_diabasio
586084.9919178736,7016223.508170439,595.6312806359865,sill_diabasio
586035.8069751003,7016213.078278479,594.4630145691483,sill_diabasio
585986.622032327,7016202.648386519,596.9070704263376,sill_diabasio
585937.4370895537,7016192.218494558,599.2263873362328,sill_diabasio
585888.2521467805,7016181.788602597,599.4808580586589,sill_diabasio
585839.0672040072,7016171.358710636,597.8386378353412,sill_diabasio
585789.8822612339,7016160.928818676,594.4816583154118,sill_diabasio
585740.3154170658,7016155.74768217,593.12481535328,sill_diabasio
585690.1387362232,7016158.9479855215,592.257374171604,sill_diabasio
585639.9620553806,7016162.148288873,594.0006246656744,sill_diabasio
585589.785374538,7016165.3485922245,593.7495959251034,sill_diabasio
585539.6086936954,7016168.548895576,590.3538336380423,sill_diabasio
585489.4320128529,7016171.749198928,587.1281497028419,sill_diabasio
585439.2553320102,7016174.949502279,584.5018068162276,sill_diabasio
585389.0786511677,7016178.149805631,583.9256775446346,sill_diabasio
585338.901970325,7016181.350108982,583.4536442306277,sill_diabasio
585288.7252894825,7016184.550412334,583.1692537771172,sill_diabasio
585238.5486086399,7016187.750715685,582.0420888986134,sill_diabasio
585188.3719277973,7016190.951019037,578.1029794028889,sill_diabasio
585138.1952469547,7016194.151322388,572.9593545200468,sill_diabasio
585088.018566112,7016197.35162574,567.4528100841719,sill_diabasio
585037.8418852695,7016200.551929091,562.1964180347894,sill_diabasio
585011.2229942085,7016238.297394747,547.996447978519,sill_diabasio
584989.921849312,7016283.840807751,541.4694870070031,sill_diabasio
584968.6207044156,7016329.384220754,536.9341962337496,sill_diabasio
584947.3195595192,7016374.927633758,537.8051325080469,sill_diabasio
584926.0184146228,7016420.471046762,538.1092647279326,sill_diabasio
584904.7172697263,7016466.0144597655,540.603334411462,sill_diabasio
584885.3822580933,7016512.423830502,543.9563008782176,sill_diabasio
584866.1617815589,7016558.883646727,546.4188521074082,sill_diabasio
584846.9413050245,7016605.343462952,546.9179757830702,sill_diabasio
584822.7620431344,7016649.38311875,543.3106339730876,sill_diabasio
584797.961725808,7016693.11966528,538.3030930700224,sill_diabasio
584780.5813102854,7016738.025178912,534.0693526564593,sill_diabasio
584790.733168868,7016787.268259738,536.0028661934361,sill_diabasio
584800.8850274506,7016836.511340564,538.6400262232402,sill_diabasio
584814.3756246674,7016884.279377868,538.7914266208918,sill_diabasio
584843.9446885932,7016924.94400255,546.3925238278972,sill_diabasio
584873.513752519,7016965.608627231,555.8974671060803,sill_diabasio
584903.0828164449,7017006.273251913,563.5454491104241,sill_diabasio
584932.6518803708,7017046.937876593,571.0306483442175,sill_diabasio
584962.2209442967,7017087.602501275,575.117256637319,sill_diabasio
584991.7900082226,7017128.267125956,577.4349929028153,sill_diabasio
585021.3590721483,7017168.9317506375,579.782571017337,sill_diabasio
585050.9281360742,7017209.596375318,580.0,sill_diabasio
585080.4972000001,7017250.261,582.6619779594807,sill_diabasio
587091.4426999995,7011815.913,785.2944590580807,sill_diabasio
587110.8037065783,7011769.233955078,776.9560180342264,sill_diabasio
587130.164713157,7011722.554910156,761.169582635797,sill_diabasio
587139.4197563028,7011674.750266839,746.2766516553489,sill_diabasio
587130.8040020317,7011624.955180847,736.1674545050166,sill_diabasio
587122.1882477605,7011575.160094855,726.7278212940757,sill_diabasio
587113.5724934894,7011525.365008864,720.5967261817011,sill_diabasio
587095.1174709619,7011478.899254919,717.0414003077033,sill_diabasio
587071.726414387,7011434.103716269,713.9265231623104,sill_diabasio
587048.3353578121,7011389.30817762,709.1511539227714,sill_diabasio
587024.9443012372,7011344.512638971,703.4978743524568,sill_diabasio
587001.5532446624,7011299.717100321,699.3793427390216,sill_diabasio
586978.1621880875,7011254.921561672,695.7032299226914,sill_diabasio
586954.1606269114,7011210.456953048,691.1551021612572,sill_diabasio
586929.3925631181,7011166.407834708,686.2893117335702,sill_diabasio
586904.6244993248,7011122.358716369,681.2085778704078,sill_diabasio
586879.8564355315,7011078.309598029,675.1897145481347,sill_diabasio
586855.0883717382,7011034.260479689,669.9760355823521,sill_diabasio
586829.258956989,7010990.900319268,665.3348288512399,sill_diabasio
586799.1078299712,7010950.345524852,663.8965477488317,sill_diabasio
586768.9567029536,7010909.790730435,663.8891742328951,sill_diabasio
586738.8055759359,7010869.23593602,663.4166581754722,sill_diabasio
586708.6544489182,7010828.681141604,662.7297583718578,sill_diabasio
586678.5033219004,7010788.126347187,664.5272684273907,sill_diabasio
586648.3521948827,7010747.571552771,666.5340413885585,sill_diabasio
586618.201067865,7010707.016758354,666.1892130089825,sill_diabasio
586588.0499408472,7010666.461963939,660.1834518925018,sill_diabasio
586557.8988138295,7010625.907169523,654.3296006622151,sill_diabasio
586523.1101316506,7010589.257591895,648.9877376855056,sill_diabasio
586487.9898568335,7010555.747966009,637.2295602713124,sill_diabasio
586446.9986932311,7010585.303106292,650.072302239085,sill_diabasio
586406.0075296287,7010614.858246574,662.554846238549,sill_diabasio
586374.854970905,7010653.1648317,670.5097829905073,sill_diabasio
586351.5934673471,7010697.870298104,678.2288031411924,sill_diabasio
586337.4722767819,7010746.392187882,686.3649481818378,sill_diabasio
586323.4463189159,7010794.933742291,692.4968671948263,sill_diabasio
586317.1934176678,7010845.080357696,700.2296569381803,sill_diabasio
586310.9405164196,7010895.226973101,702.8103420633421,sill_diabasio
586305.7011806885,7010945.485097891,704.885240669038,sill_diabasio
586300.9025249027,7010995.791704944,709.0013086559251,sill_diabasio
586292.7506086401,7011045.416820774,710.3487440643142,sill_diabasio
586277.531786435,7011093.605712246,705.0368322947708,sill_diabasio
586262.3129642298,7011141.7946037175,699.5613097846796,sill_diabasio
586253.7456884837,7011191.456723488,699.2103536239492,sill_diabasio
586247.1929965018,7011241.565046533,698.9350762880213,sill_diabasio
586241.5754235364,7011291.716023474,693.9328609442421,sill_diabasio
586243.5391810009,7011342.212810176,689.5336153409572,sill_diabasio
586251.1662167364,7011390.885795651,683.7637728029752,sill_diabasio
586279.0393599179,7011433.038727931,691.9627922478674,sill_diabasio
586312.7225144014,7011469.629695816,705.3572084231093,sill_diabasio
586353.6199891715,7011499.314344509,724.3950228446436,sill_diabasio
586394.5174639416,7011528.998993201,734.9510278702396,sill_diabasio
586435.4149387116,7011558.683641894,741.6264347826097,sill_diabasio
586480.5077710386,7011581.363370919,753.4705021115105,sill_diabasio
586525.9811985967,7011603.407626331,760.5254577861452,sill_diabasio
586571.4647879914,7011625.430182436,764.1959331046476,sill_diabasio
586617.5135124789,7011646.245964517,765.2618562620518,sill_diabasio
586663.5622369666,7011667.061746597,765.5863801537329,sill_diabasio
586709.6109614542,7011687.877528679,766.251945368709,sill_diabasio
586755.6596859418,7011708.693310759,768.5630873956982,sill_diabasio
586801.7084104294,7011729.50909284,773.3573299500567,sill_diabasio
586847.757134917,7011750.324874922,779.6905052671494,sill_diabasio
586895.4585766225,7011766.408127983,783.6639584978055,sill_diabasio
586944.4546074668,7011778.784345987,787.5618514017322,sill_diabasio
586993.4506383111,7011791.160563991,791.1368996506212,sill_diabasio
587042.4466691553,7011803.536781996,791.5740184215746,sill_diabasio
587091.4426999995,7011815.913,785.2944590580807,sill_diabasio
604169.5850999998,6992949.3199,415.0,dique
604142.5751399363,6992991.464339984,415.0,dique
604115.5651798727,6993033.608779967,415.0,dique
604088.5552198092,6993075.753219951,415.0,dique
604061.5452597457,6993117.897659935,420.0,dique
604034.5352996822,6993160.042099918,420.0,dique
604007.5253396186,6993202.186539902,420.0,dique
603980.515379555,6993244.330979886,420.0,dique
603953.5054194916,6993286.47541987,420.0,dique
603926.4954594279,6993328.619859854,420.0,dique
603899.4854993644,6993370.764299837,420.0,dique
603872.4755393009,6993412.908739821,420.0,dique
603845.4655792374,6993455.053179805,420.0,dique
603818.4556191738,6993497.197619788,420.0,dique
603791.4456591103,6993539.342059772,420.0,dique
603764.4356990468,6993581.486499757,420.0,dique
603737.4257389832,6993623.63093974,420.0,dique
603710.4157789197,6993665.775379724,420.0,dique
603683.4058188562,6993707.919819708,420.0,dique
603656.3958587927,6993750.064259691,420.0,dique
603629.3858987291,6993792.208699675,415.0,dique
603602.3759386656,6993834.353139659,415.0,dique
603575.3659786021,6993876.497579643,410.0,dique
603548.3560185385,6993918.642019627,410.0,dique
603521.346058475,6993960.78645961,410.0,dique
603494.3360984115,6994002.930899594,410.0,dique
603467.326138348,6994045.075339578,410.0,dique
603440.3161782844,6994087.219779561,410.0,dique
603413.3062182209,6994129.364219545,405.0,dique
603386.2962581574,6994171.5086595295,405.0,dique
603359.2862980937,6994213.653099513,405.0,dique
603332.2763380302,6994255.797539497,405.0,dique
603304.7932056431,6994297.630454687,405.0,dique
603276.7551264791,6994339.098006832,400.0,dique
603248.7170473152,6994380.565558978,400.0,dique
603220.6789681513,6994422.033111124,395.0,dique
603192.6408889875,6994463.50066327,390.0,dique
603164.6028098236,6994504.968215416,390.0,dique
603136.5647306596,6994546.435767562,390.0,dique
603108.5266514957,6994587.903319708,390.0,dique
603080.4885723318,6994629.370871854,390.0,dique
603052.450493168,6994670.838424,390.0,dique
603024.4124140041,6994712.305976146,390.0,dique
602996.3743348401,6994753.773528292,390.0,dique
602968.3362556762,6994795.241080438,395.0,dique
602940.2981765124,6994836.708632584,395.0,dique
602912.2600973485,6994878.17618473,395.0,dique
602884.2220181846,6994919.643736876,400.0,dique
602856.1839390207,6994961.111289022,400.0,dique
602828.1458598567,6995002.578841168,405.0,dique
602800.1077806929,6995044.046393314,405.0,dique
602772.069701529,6995085.51394546,410.0,dique
602744.0316223651,6995126.981497606,415.0,dique
602715.9935432012,6995168.449049752,420.0,dique
602687.9554640373,6995209.916601898,425.0,dique
602659.9173848734,6995251.384154044,425.0,dique
602631.8793057095,6995292.85170619,430.0,dique
602603.8412265456,6995334.319258336,435.0,dique
602575.8031473818,6995375.786810482,440.0,dique
602547.7650682178,6995417.254362628,445.0,dique
602519.7269890539,6995458.721914774,450.0,dique
602491.68890989,6995500.18946692,450.0,dique
602463.6508307261,6995541.657019066,450.0,dique
602435.6127515623,6995583.124571212,450.0,dique
602407.5746723983,6995624.592123358,445.0,dique
602379.5365932344,6995666.059675504,440.0,dique
602351.4985140705,6995707.527227649,434.8518107007257,dique
602323.4604349067,6995748.994779795,427.45181274523145,dique
602295.4223557428,6995790.462331941,420.8589464748731,dique
602267.3842765788,6995831.929884087,416.21745595443787,dique
602239.3461974149,6995873.397436233,411.5786556097347,dique
602211.308118251,6995914.864988379,407.3253184494743,dique
602183.2700390872,6995956.332540525,403.134904310215,dique
602155.2319599233,6995997.800092671,398.9035276265949,dique
602127.1938807593,6996039.267644817,395.0741659943192,dique
602099.1558015954,6996080.735196963,395.0,dique
602071.1177224315,6996122.202749109,395.0,dique
602043.0796432677,6996163.670301256,395.0,dique
602015.0415641038,6996205.137853402,396.1408593791481,dique
601985.6582622711,6996245.660369817,400.0,dique
601956.1560025478,6996286.099316829,400.0,dique
601926.6537428244,6996326.53826384,400.0,dique
601897.1514831012,6996366.977210851,402.2818633719429,dique
601867.6492233778,6996407.416157863,407.2259435499121,dique
601838.1469636546,6996447.855104875,412.8815439688466,dique
601808.6447039312,6996488.294051886,418.9733009221643,dique
601779.1424442079,6996528.732998897,424.3619216546893,dique
601749.6401844845,6996569.171945909,428.6724092664167,dique
601720.1379247613,6996609.610892921,431.2633859844293,dique
601690.6356650379,6996650.049839932,432.89629845630014,dique
601661.1334053146,6996690.488786943,435.2357059510276,dique
601631.6311455913,6996730.927733955,440.3882367309841,dique
601602.128885868,6996771.366680967,446.9353838256815,dique
601572.6266261446,6996811.8056279775,455.7886717440622,dique
601543.1243664213,6996852.244574989,465.9377323984331,dique
601513.622106698,6996892.683522001,477.1372200847897,dique
601484.1836800802,6996933.164221293,490.6754614369958,dique
601458.9560950277,6996976.399169154,506.8720925314908,dique
601433.7285099752,6997019.634117017,519.67388663073,dique
601408.5009249226,6997062.869064878,528.3564163764789,dique
601383.2733398702,6997106.10401274,529.8634128530634,dique
601358.0457548177,6997149.338960601,529.6674907574114,dique
601332.8181697652,6997192.573908463,524.6749923262956,dique
601307.5905847127,6997235.808856324,515.4282331344053,dique
601282.3629996602,6997279.043804186,504.8862435375088,dique
601257.1354146077,6997322.2787520485,494.6443146110946,dique
601231.9078295552,6997365.51369991,487.8211058993477,dique
601206.6802445027,6997408.748647772,483.9442225068657,dique
601181.4526594502,6997451.983595633,479.9516996099694,dique
601156.2250743977,6997495.218543495,475.97288881686194,dique
601130.9974893453,6997538.453491356,473.275421503372,dique
601105.7699042928,6997581.688439218,472.2055610053178,dique
601080.5423192403,6997624.92338708,471.8720412022074,dique
601055.3147341878,6997668.158334942,471.6545153884486,dique
601030.0871491353,6997711.393282803,470.84517647826834,dique
601004.8595640828,6997754.628230665,469.4392329349133,dique
600979.6319790302,6997797.863178526,468.0531210501813,dique
600954.4043939777,6997841.098126388,468.8563004045509,dique
600929.1768089252,6997884.333074249,470.0701238193257,dique
600903.9492238727,6997927.568022111,468.06181784539103,dique
600878.7216388203,6997970.802969973,464.9553044263842,dique
600853.4940537678,6998014.037917835,458.5760914716103,dique
600828.2664687153,6998057.272865696,452.5727889598903,dique
600803.0388836628,6998100.507813558,448.0104621924345,dique
600777.8112986103,6998143.742761419,445.7140463343613,dique
600752.5837135578,6998186.977709281,447.3154204933805,dique
600727.3561285053,6998230.212657142,449.50694947153374,dique
600702.1285434528,6998273.4476050045,453.1369729907537,dique
600676.9009584003,6998316.682552866,459.4842256108766,dique
600651.6733733478,6998359.917500728,467.19122066751913,dique
600626.4457882954,6998403.152448589,474.1418503646749,dique
600601.2182032429,6998446.387396451,479.0111085547391,dique
600575.9906181904,6998489.622344312,482.9850461722355,dique
600550.8165227715,6998532.888042791,485.6314091169006,dique
600526.1485432709,6998576.444701887,492.9877133678403,dique
600501.4805637704,6998620.001360982,504.5891699401191,dique
600476.8125842698,6998663.558020077,513.5728504795675,dique
600452.1446047692,6998707.114679173,513.1458360586066,dique
600427.4766252686,6998750.671338268,508.82794870464863,dique
600402.808645768,6998794.227997363,504.16752280615606,dique
600378.1406662675,6998837.784656458,507.1112678316766,dique
600353.4726867669,6998881.3413155535,514.3586553089518,dique
600328.8047072663,6998924.8979746485,520.0347373072777,dique
600304.1367277657,6998968.454633744,513.1259038136475,dique
600279.4687482651,6999012.011292839,503.0452138539212,dique
600254.8007687645,6999055.567951934,494.8391193573925,dique
600230.132789264,6999099.124611029,489.99275298259215,dique
600205.4648097634,6999142.681270124,488.76149465979256,dique
600180.7968302628,6999186.237929219,487.8457747454168,dique
600156.1288507622,6999229.794588315,484.3256105771036,dique
600131.4608712615,6999273.35124741,477.5461391766237,dique
600106.7928917609,6999316.907906505,471.71854487891113,dique
600082.1249122604,6999360.464565601,468.43289590949234,dique
600057.4569327598,6999404.021224696,463.35436445954224,dique
600032.7889532592,6999447.577883791,456.44496241747305,dique
600008.1209737586,6999491.134542886,448.91127038636006,dique
599983.452994258,6999534.691201982,440.77068056618566,dique
599958.7850147574,6999578.247861077,433.19226032108816,dique
599934.1170352569,6999621.804520172,425.2186603695153,dique
599909.4490557563,6999665.361179267,418.5857182274121,dique
599884.7810762557,6999708.917838363,412.1112456746401,dique
599860.1130967551,6999752.474497458,405.89048925439215,dique
599835.4451172545,6999796.031156553,399.98455221711504,dique
599810.7771377539,6999839.587815649,394.3446994119778,dique
599786.1091582534,6999883.144474744,389.6077483808865,dique
599761.4411787528,6999926.701133839,386.8979653006303,dique
599736.7731992522,6999970.257792934,383.96505150006857,dique
599712.1052197516,7000013.81445203,381.2667430399435,dique
599687.437240251,7000057.371111125,377.9034244917136,dique
599662.7692607505,7000100.92777022,374.1404326253596,dique
599638.1012812499,7000144.484429315,367.337355708073,dique
599613.4333017493,7000188.041088411,358.9253532541013,dique
599588.7653222487,7000231.597747506,353.04097714930856,dique
599564.0973427481,7000275.154406601,350.0,dique
599539.4293632475,7000318.711065696,350.0,dique
599514.761383747,7000362.267724792,350.00000000000006,dique
599490.0934042464,7000405.824383887,350.0,dique
599465.4254247458,7000449.3810429815,350.0,dique
599440.7574452452,7000492.937702077,349.31911699030826,dique
599416.0894657446,7000536.494361172,347.8613798308069,dique
599391.421486244,7000580.051020267,348.4821309047508,dique
599366.7535067435,7000623.607679362,352.1187580348683,dique
599342.096087885,7000667.170313446,354.41193304087415,dique
599317.4652917986,7000710.748010131,358.23139601112155,dique
599292.8344957122,7000754.325706815,361.4746695964549,dique
599268.2036996257,7000797.903403499,365.9790727536096,dique
599243.5729035393,7000841.481100184,372.0809278908689,dique
599218.9421074529,7000885.058796869,377.9970967400084,dique
599194.3113113665,7000928.636493553,382.3352595120024,dique
599169.68051528,7000972.214190237,384.3787031053501,dique
599145.0497191936,7001015.791886922,383.71369913128393,dique
599120.4189231072,7001059.369583607,382.218892946612,dique
599095.7881270207,7001102.947280292,380.3534972489663,dique
599071.1573309343,7001146.524976976,380.5763041009417,dique
599046.5265348479,7001190.10267366,384.0876162498644,dique
599021.8957387614,7001233.680370345,388.508445048396,dique
598997.264942675,7001277.2580670295,392.1358505705205,dique
598972.6341465886,7001320.835763714,393.8890049246017,dique
598948.0033505022,7001364.413460398,396.0984878050816,dique
598923.3725544157,7001407.991157083,399.86819297853856,dique
598898.7417583293,7001451.568853768,403.23905984019984,dique
598874.1109622429,7001495.146550452,404.779769374743,dique
598849.4801661564,7001538.724247136,404.3912835289983,dique
598824.84937007,7001582.301943821,403.65503091773866,dique
598800.2185739836,7001625.879640506,403.1715502604848,dique
598775.5877778971,7001669.45733719,400.7043033268337,dique
598750.9569818107,7001713.035033875,396.0075244187926,dique
598726.3261857243,7001756.612730559,393.022635783915,dique
598701.695389638,7001800.190427244,390.6071913108833,dique
598677.0645935514,7001843.768123928,388.1077670797003,dique
598652.433797465,7001887.345820613,385.8613435624758,dique
598627.8030013787,7001930.923517297,384.8305079695231,dique
598603.1722052922,7001974.501213982,382.148082964059,dique
598578.5414092058,7002018.0789106665,380.3802057718185,dique
598553.9106131194,7002061.656607351,376.8275568949832,dique
598529.2798170329,7002105.234304035,376.1603094497293,dique
598504.6490209465,7002148.81200072,372.8862466924231,dique
598480.0182248601,7002192.389697405,370.2260975321942,dique
598455.3874287737,7002235.967394089,366.92863325078713,dique
598429.9689146517,7002279.076862131,365.0941022366856,dique
598403.4578798051,7002321.536923313,363.200931301708,dique
598376.9468449586,7002363.996984494,364.4889390206576,dique
598350.4358101122,7002406.457045675,364.8972543928965,dique
598323.9247752656,7002448.9171068575,363.6635404230926,dique
598297.4137404191,7002491.377168039,361.1449397420639,dique
598270.9027055725,7002533.83722922,354.56330122595125,dique
598244.391670726,7002576.297290402,350.15074298925606,dique
598217.8806358795,7002618.757351584,347.633712568902,dique
598191.3696010329,7002661.217412765,345.0,dique
598164.8585661864,7002703.677473947,345.0,dique
598138.3475313399,7002746.137535129,345.0,dique
598111.8364964933,7002788.59759631,345.0,dique
598085.3254616468,7002831.057657491,345.0,dique
598058.8144268002,7002873.517718674,345.0,dique
598032.3033919537,7002915.977779855,345.49779337449746,dique
598005.7923571073,7002958.437841036,347.1880190374266,dique
597979.2813222607,7003000.897902219,349.101547972255,dique
597952.7702874142,7003043.3579634,352.8626130269174,dique
597926.2592525677,7003085.818024581,358.6861762622736,dique
597899.7482177211,7003128.278085763,363.67357773035,dique
597873.2371828746,7003170.738146945,369.22050405354287,dique
597846.726148028,7003213.198208126,373.3679231417294,dique
597820.2151131815,7003255.658269308,377.3807744737421,dique
597793.704078335,7003298.11833049,381.3711700285304,dique
597767.1930434884,7003340.578391671,384.8053439228114,dique
597740.6820086419,7003383.0384528525,392.25141169104495,dique
597714.1709737953,7003425.498514035,402.3185187336321,dique
597687.6599389488,7003467.958575216,417.00806177958566,dique
597661.1489041023,7003510.418636397,429.4515488375398,dique
597634.6378692559,7003552.878697579,434.7058703126087,dique
597608.1268344093,7003595.338758761,435.51789317954086,dique
597581.6157995628,7003637.798819942,436.57150102222187,dique
597555.1047647162,7003680.258881124,440.744713680952,dique
597528.5937298697,7003722.718942306,447.62526178732855,dique
597502.0826950232,7003765.179003487,456.0645749718657,dique
597475.5716601766,7003807.639064669,464.92733543677775,dique
597449.0606253301,7003850.099125851,469.98390996983227,dique
597422.5495904835,7003892.559187032,469.2832968783541,dique
597396.038555637,7003935.019248214,464.90022461731496,dique
597369.5275207905,7003977.479309395,461.0763443465437,dique
597343.0164859439,7004019.939370577,456.483944968725,dique
597316.5054510974,7004062.399431759,452.2115545472777,dique
597289.994416251,7004104.85949294,448.6632741121483,dique
597263.4833814044,7004147.319554122,451.0140586027803,dique
597236.9723465579,7004189.779615304,459.2895756220427,dique
597210.4613117113,7004232.239676485,465.6920340562908,dique
597183.9502768648,7004274.699737666,465.8197521360594,dique
597157.4392420183,7004317.159798848,461.1076319096068,dique
597130.9282071717,7004359.61986003,458.6312249304287,dique
597104.4171723252,7004402.079921211,458.0168732716166,dique
597077.9061374787,7004444.539982393,459.4949274699736,dique
597051.3951026321,7004487.000043575,462.36003560743313,dique
597024.8840677856,7004529.460104756,464.6930252488868,dique
596998.373032939,7004571.920165938,467.1149534799462,dique
596971.8619980925,7004614.38022712,466.8834641276898,dique
596945.3509632461,7004656.840288301,465.4623274066755,dique
596918.8399283995,7004699.300349482,460.3918823013706,dique
596892.328893553,7004741.760410665,455.84179449453575,dique
596865.8178587065,7004784.220471846,451.3273002626263,dique
596839.3068238599,7004826.680533027,448.7682352916417,dique
596812.7957890134,7004869.14059421,452.26058314184473,dique
596786.2847541668,7004911.600655391,457.26648996856966,dique
596759.7737193203,7004954.060716572,462.31476787353233,dique
596733.2626844738,7004996.5207777545,463.0671638811355,dique
596706.7516496272,7005038.980838936,460.5041520339804,dique
596680.2406147807,7005081.440900117,455.7312188159383,dique
596653.7295799342,7005123.9009612985,451.5574735111277,dique
596627.2185450876,7005166.361022481,451.5411046568676,dique
596600.7075102411,7005208.821083662,451.9001401922119,dique
596574.1964753947,7005251.281144843,446.1748625519444,dique
596547.6854405481,7005293.741206026,439.2981403540585,dique
596521.1744057016,7005336.201267207,435.733194170435,dique
596494.663370855,7005378.661328388,436.44140436422686,dique
596468.1523360085,7005421.12138957,442.6355478483432,dique
596441.641301162,7005463.581450752,449.43195841071054,dique
596415.1302663154,7005506.041511933,452.6333735330164,dique
596388.6192314689,7005548.501573115,452.3447524056802,dique
596362.1081966223,7005590.961634297,448.0595830020831,dique
596332.9376931445,7005631.329864007,444.5763336779794,dique
596297.9180428339,7005667.09738917,441.9112107163877,dique
596262.8983925233,7005702.864914333,439.8839412854399,dique
596227.8787422127,7005738.632439497,438.8394987937022,dique
596192.859091902,7005774.39996466,436.3602818200472,dique
596157.8394415914,7005810.167489823,433.44762794248027,dique
596122.8197912808,7005845.935014986,430.1046368386712,dique
596087.8001409702,7005881.70254015,426.363022821016,dique
596052.7804906595,7005917.470065312,421.202439615008,dique
596017.7608403489,7005953.237590476,414.2705779257245,dique
595982.7411900383,7005989.005115639,408.1765575387475,dique
595947.7215397276,7006024.772640803,404.94831747993055,dique
595912.701889417,7006060.540165965,403.6447764517607,dique
595877.6822391064,7006096.307691129,402.29958864361873,dique
595842.6625887958,7006132.075216292,399.442144256837,dique
595807.6429384851,7006167.842741455,394.1745373838469,dique
595772.6232881746,7006203.610266618,387.43113109662505,dique
595737.603637864,7006239.377791782,380.8503665265968,dique
595702.5839875534,7006275.145316945,376.534328776475,dique
595667.5643372427,7006310.912842108,373.2326340884977,dique
595632.5446869321,7006346.680367271,371.1569324395706,dique
595597.5250366215,7006382.447892435,370.0,dique
595562.5053863109,7006418.215417598,370.0,dique
595527.4857360002,7006453.982942761,370.0,dique
595492.4660856896,7006489.750467924,370.0,dique
595457.446435379,7006525.517993088,370.0,dique
595422.4267850684,7006561.28551825,370.0,dique
595387.4071347577,7006597.053043414,370.0,dique
595352.3874844471,7006632.820568577,370.0,dique
595317.3678341365,7006668.588093741,370.0,dique
595284.2790197126,7006706.032723916,370.0,dique
595253.7648648934,7006745.713678035,370.0,dique
595223.2507100742,7006785.394632155,370.0,dique
595192.7365552551,7006825.075586275,372.0233980810731,dique
595162.222400436,7006864.756540394,374.1202478115523,dique
595131.7082456168,7006904.4374945145,378.3447052181199,dique
595101.1940907976,7006944.118448634,384.51015627649525,dique
595070.6799359785,7006983.799402754,391.9287639737082,dique
595040.1657811593,7007023.480356873,397.61277637784167,dique
595009.6516263401,7007063.161310993,402.6405548643256,dique
594979.1374715209,7007102.842265113,407.8763078496513,dique
594948.6233167017,7007142.523219232,414.12509568886856,dique
594918.1091618827,7007182.204173353,422.4521645834263,dique
594887.5950070635,7007221.885127472,428.8330637367896,dique
594857.0808522443,7007261.566081592,430.0,dique
594826.5666974251,7007301.247035712,429.734538864804,dique
594796.052542606,7007340.927989831,421.1609136779816,dique
594765.5383877868,7007380.608943951,420.0,dique
594735.0242329676,7007420.289898071,420.00000000000006,dique
594704.5100781485,7007459.970852191,431.3257660173358,dique
594673.9959233294,7007499.65180631,446.0327489417399,dique
594643.4817685102,7007539.33276043,462.1207925843561,dique
594612.967613691,7007579.01371455,476.4504147770757,dique
594582.4534588718,7007618.694668669,485.88028271469295,dique
594551.9393040526,7007658.375622789,493.2725142150621,dique
594521.4251492335,7007698.056576909,502.4676517442014,dique
594490.9109944144,7007737.737531029,510.4063298948615,dique
594460.3968395952,7007777.418485148,517.6180611473442,dique
594429.882684776,7007817.099439268,525.5099186725629,dique
594399.3685299569,7007856.780393388,535.5512394339056,dique
594368.8543751377,7007896.461347507,546.9877296598441,dique
594338.3402203185,7007936.142301627,558.759936371778,dique
594307.8260654993,7007975.823255747,569.200040657211,dique
594277.3119106801,7008015.504209867,577.8574391344855,dique
594246.7977558611,7008055.185163987,587.8302312584435,dique
594216.2836010419,7008094.866118106,599.4879530502853,dique
594185.7694462227,7008134.547072226,614.2383993631643,dique
594155.2552914035,7008174.228026345,629.1961295662676,dique
594124.7411365844,7008213.9089804655,642.0819187713653,dique
594093.5415600237,7008253.02132648,656.3626858866394,dique
594060.1792288802,7008290.339507369,674.6989742136195,dique
594026.8168977367,7008327.657688258,696.0185884370167,dique
593993.4545665934,7008364.975869147,712.9945431790347,dique
593960.0922354499,7008402.294050036,725.2602820456633,dique
593926.7299043065,7008439.612230925,732.3171464815345,dique
593893.367573163,7008476.930411813,737.3333264354055,dique
593860.0052420195,7008514.248592702,739.6908739854566,dique
593826.6429108761,7008551.566773591,739.2064935097428,dique
593793.2805797326,7008588.88495448,737.5533889248383,dique
593759.9182485892,7008626.203135368,735.473280648951,dique
593726.5559174458,7008663.521316257,734.7928438469169,dique
593693.1935863023,7008700.839497146,736.3814034817053,dique
593659.8312551589,7008738.157678035,738.7003234524028,dique
593626.4689240154,7008775.475858924,741.4577736411665,dique
593593.106592872,7008812.794039813,744.453913472746,dique
593559.7442617285,7008850.112220702,748.7664450096258,dique
593526.381930585,7008887.430401591,752.6875156779968,dique
593493.0195994416,7008924.74858248,755.7947669388575,dique
593459.6572682982,7008962.066763368,758.5985176181816,dique
593426.2949371547,7008999.384944257,760.4482827348119,dique
593392.9326060113,7009036.703125146,760.3615966765485,dique
593359.5702748678,7009074.021306035,759.0500530320465,dique
593326.2079437244,7009111.339486924,759.8301885568575,dique
593292.8456125809,7009148.657667813,767.3489718889704,dique
593259.4832814374,7009185.975848702,781.0731991267498,dique
593226.120950294,7009223.294029591,793.7536343360405,dique
593192.7586191506,7009260.61221048,803.0425814456642,dique
593159.3962880071,7009297.930391368,809.4881839582899,dique
593126.0339568637,7009335.248572257,814.72465999695,dique
593092.6716257202,7009372.566753146,818.4781551162719,dique
593059.3092945768,7009409.884934035,815.9350673708833,dique
593027.0892043167,7009448.131997404,807.2534710396075,dique
592997.3562802877,7009488.401650902,796.7465316226707,dique
592967.6233562587,7009528.6713044,792.513254482073,dique
592937.8904322298,7009568.940957898,799.8267093893027,dique
592908.1575082008,7009609.2106113965,811.6144412301278,dique
592878.4245841719,7009649.480264895,820.1302391778445,dique
592848.691660143,7009689.749918394,825.530758947029,dique
592818.958736114,7009730.019571892,828.8717144014292,dique
592789.2258120851,7009770.28922539,832.2205422673694,dique
592759.4928880561,7009810.558878888,835.1860254322471,dique
592729.7599640271,7009850.828532387,837.0234904678966,dique
592700.0270399982,7009891.098185885,839.3982094025403,dique
592670.2941159692,7009931.367839383,843.4139819122615,dique
592640.5611919402,7009971.637492881,849.4607423421452,dique
592610.8282679113,7010011.907146379,855.3712388133717,dique
592581.0953438823,7010052.176799878,861.33052018324,dique
592551.3624198535,7010092.446453376,866.4634137642922,dique
592521.6294958245,7010132.716106874,871.8344435116585,dique
592491.8965717955,7010172.985760372,876.8735646880607,dique
592462.1636477666,7010213.25541387,881.791029292757,dique
592432.4307237376,7010253.5250673685,885.389460337041,dique
592402.6977997087,7010293.794720867,887.9247617803951,dique
592372.9648756797,7010334.064374365,891.3576320793898,dique
592343.2319516507,7010374.334027863,895.3294579853061,dique
592313.4990276218,7010414.603681362,899.0703809887757,dique
592283.7661035928,7010454.87333486,901.4803793639016,dique
592254.0331795638,7010495.142988359,903.8047160878388,dique
592224.3002555349,7010535.412641857,905.8421490207048,dique
592226.7100420758,7010573.401891532,909.8414261438692,dique
592261.8304947229,7010609.070443087,906.450565565952,dique
592305.2905583164,7010606.498568549,898.5829947489651,dique
592352.0731195651,7010588.691723595,890.713775248177,dique
592398.8556808139,7010570.884878642,881.2897044925235,dique
592445.6382420626,7010553.078033689,872.7155756784334,dique
592491.2186499648,7010533.25381943,866.7616747903037,dique
592529.1438550063,7010500.583181439,868.472741519798,dique
592567.0690600479,7010467.912543448,868.8254047265731,dique
592604.9942650894,7010435.241905457,869.3222905535993,dique
592642.9194701309,7010402.571267466,869.0744826279176,dique
592680.8446751726,7010369.900629475,865.1327180552382,dique
592718.7698802141,7010337.229991484,858.6725224530094,dique
592756.6950852557,7010304.559353493,851.9449706937758,dique
592794.6202902972,7010271.888715502,847.7197506940204,dique
592832.5454953387,7010239.218077512,844.9968653533056,dique
592865.9801649937,7010202.1381076295,842.8512177784502,dique
592897.9533528324,7010163.623084281,837.6581153988997,dique
592929.9265406709,7010125.108060931,830.0871603218766,dique
592961.8997285096,7010086.593037581,823.3675490654667,dique
592993.8729163483,7010048.078014231,817.5451004977524,dique
593025.846104187,7010009.562990882,813.2457616284232,dique
593057.8192920256,7009971.047967533,810.1378116760536,dique
593089.7924798643,7009932.532944183,807.286539670168,dique
593121.7656677029,7009894.017920834,803.9220250285707,dique
593153.7388555416,7009855.502897484,799.537316290738,dique
593185.7120433802,7009816.987874134,793.9183352020766,dique
593217.6852312189,7009778.472850785,786.8976542739623,dique
593249.6584190576,7009739.957827436,781.6241886299925,dique
593281.6316068963,7009701.442804086,779.7479118221996,dique
593313.6047947349,7009662.927780736,780.6788742182227,dique
593345.5779825735,7009624.412757387,782.7608240873295,dique
593377.5511704122,7009585.897734038,784.3051966029327,dique
593409.5243582509,7009547.382710688,785.3374003922789,dique
593441.4975460896,7009508.867687338,785.6600367589947,dique
593473.4707339283,7009470.352663989,785.6406844962365,dique
593505.4439217668,7009431.837640639,784.9104145419761,dique
593537.4171096055,7009393.32261729,784.3090919629001,dique
593569.3902974442,7009354.807593941,784.1127810461926,dique
593601.3634852829,7009316.292570591,784.1993787925626,dique
593633.3366731216,7009277.777547241,784.6023253260474,dique
593665.3098609602,7009239.262523892,784.616675792852,dique
593697.2830487988,7009200.747500543,783.5663003186372,dique
593729.2562366375,7009162.232477193,781.4665671246676,dique
593761.2294244762,7009123.717453843,778.6745495946168,dique
593793.2026123148,7009085.202430494,775.0473426704161,dique
593825.1758001535,7009046.687407144,770.8361517568419,dique
593856.6924477206,7009007.798027056,767.3434658860328,dique
593888.1975607458,7008968.899188804,764.7470623531631,dique
593919.7026737711,7008930.00035055,762.1230991620744,dique
593951.2077867963,7008891.101512297,757.5331663937794,dique
593982.7128998215,7008852.202674044,751.3460291584141,dique
594014.2180128467,7008813.303835791,746.2269594744638,dique
594045.7231258719,7008774.404997538,743.5982444155494,dique
594077.2282388972,7008735.506159284,741.1220904442448,dique
594108.7333519224,7008696.607321031,735.8930350679791,dique
594140.2384649476,7008657.708482778,727.461925686814,dique
594171.7435779728,7008618.809644525,712.7758067469133,dique
594203.248690998,7008579.910806271,695.5324510633855,dique
594234.7538040233,7008541.0119680185,680.1017545362902,dique
594266.2589170485,7008502.113129765,669.3654443025061,dique
594297.7640300737,7008463.214291512,663.0047451321514,dique
594329.2691430988,7008424.315453258,657.6857793664367,dique
594360.7742561242,7008385.416615006,651.6134530085767,dique
594392.2793691494,7008346.517776752,645.6792751440465,dique
594423.7844821746,7008307.618938499,638.8810100024946,dique
594455.2895951997,7008268.720100246,630.5963791740628,dique
594486.794708225,7008229.821261993,619.4485905052754,dique
594518.2998212503,7008190.92242374,605.3417846086729,dique
594549.8049342755,7008152.023585486,590.2630392057893,dique
594581.3100473006,7008113.124747233,574.1674758220049,dique
594612.8151603258,7008074.22590898,557.0840033005311,dique
594644.3202733512,7008035.327070727,539.7503067812161,dique
594675.8253863764,7007996.428232473,526.7736395831656,dique
594707.3304994015,7007957.529394221,516.3409171981024,dique
594738.8356124267,7007918.630555967,509.0775972510604,dique
594770.3407254519,7007879.731717714,501.3376097561328,dique
594803.3509147536,7007842.154515709,491.9992687275486,dique
594837.8515792524,7007805.886128464,480.8043420443563,dique
594872.352243751,7007769.617741219,467.7583143088211,dique
594906.8529082498,7007733.349353975,455.715990946446,dique
594941.3535727485,7007697.08096673,444.1666686543461,dique
594975.8542372473,7007660.812579486,438.6131808609932,dique
595010.3549017459,7007624.544192241,436.5318030085903,dique
595044.8555662447,7007588.2758049965,432.5154940909859,dique
595079.3562307433,7007552.007417752,422.60873253263344,dique
595113.8568952421,7007515.739030506,408.3395233242669,dique
595148.3575597409,7007479.470643262,395.66050084190886,dique
595182.8582242395,7007443.202256017,389.18777750458463,dique
595217.3588887383,7007406.933868773,386.13797459641376,dique
595251.859553237,7007370.665481528,388.2703923540585,dique
595286.3602177358,7007334.397094283,389.9256694831428,dique
595320.8608822344,7007298.128707039,388.6494301375746,dique
595355.3615467332,7007261.860319794,384.35201621337086,dique
595389.8622112318,7007225.59193255,378.26918339025343,dique
595424.3628757306,7007189.323545305,373.8254362414599,dique
595458.8635402293,7007153.05515806,370.0,dique
595493.364204728,7007116.786770816,370.0,dique
595527.8648692268,7007080.518383571,370.0,dique
595562.3655337255,7007044.249996327,370.0,dique
595596.8661982242,7007007.981609082,370.00000000000006,dique
595631.3668627229,7006971.713221837,370.0,dique
595665.8675272217,7006935.444834593,370.0,dique
595700.3681917203,7006899.176447348,370.00000000000006,dique
595734.8688562191,7006862.908060104,370.56666610383473,dique
595769.3695207178,7006826.639672859,372.2378031835831,dique
595803.8701852165,7006790.371285614,373.969193553131,dique
595838.3708497153,7006754.10289837,376.8509192025935,dique
595872.871514214,7006717.8345111245,379.9765736686042,dique
595907.3721787127,7006681.56612388,383.8901657909229,dique
595941.8728432114,7006645.297736635,389.0318745616341,dique
595976.3735077102,7006609.02934939,396.570854981091,dique
596010.8741722088,7006572.760962146,404.90682436841576,dique
596045.3748367076,7006536.492574901,412.8998220452137,dique
596079.8755012063,7006500.224187657,421.0835628267869,dique
596114.376165705,7006463.955800412,430.30951985382313,dique
596148.8768302038,7006427.687413167,441.0511257433644,dique
596183.3774947025,7006391.419025923,451.6555977407763,dique
596218.5444588551,7006355.851055207,463.4278116923041,dique
596256.4890582922,7006323.202944423,471.8770252095595,dique
596294.4336577294,7006290.554833639,476.61951786045904,dique
596332.3782571667,7006257.906722856,480.37598093251046,dique
596370.3228566039,7006225.258612073,484.4560371804527,dique
596408.2674560411,7006192.610501289,488.36919826599353,dique
596446.2120554784,7006159.962390506,491.8875473952187,dique
596484.1566549155,7006127.314279722,495.09219363804505,dique
596522.1012543527,7006094.666168938,498.0102390826938,dique
596560.04585379,7006062.018058156,502.1281762225495,dique
596597.9904532272,7006029.369947372,508.1116803176777,dique
596635.9350526644,7005996.721836588,515.4370835070297,dique
596673.8796521017,7005964.073725805,522.4132063061073,dique
596711.8242515388,7005931.425615022,527.4794719967861,dique
596749.7688509761,7005898.777504238,532.3084899613285,dique
596786.1072302974,7005864.631862689,536.6972314906682,dique
596816.0210789237,7005824.496424177,538.1639097606818,dique
596845.9349275501,7005784.360985665,536.2684485248009,dique
596875.8487761766,7005744.2255471535,534.4167453104992,dique
596905.7626248029,7005704.090108641,533.3698763758198,dique
596935.6764734293,7005663.954670129,533.2642647073668,dique
596965.5903220557,7005623.819231618,536.3184913511702,dique
596995.504170682,7005583.683793106,537.9225628737581,dique
597025.4180193085,7005543.548354594,538.1350770456096,dique
597055.3318679349,7005503.412916082,537.7404721900812,dique
597085.2457165612,7005463.277477571,539.3115599959725,dique
597115.1595651876,7005423.142039059,540.76639656396,dique
597145.0734138141,7005383.006600547,544.6478211210343,dique
597174.9872624404,7005342.871162035,547.4508455091524,dique
597204.9011110668,7005302.735723523,547.5037865570612,dique
597234.8149596932,7005262.600285011,545.3512136761072,dique
597264.7288083195,7005222.464846499,543.4431274583986,dique
597294.642656946,7005182.329407987,544.2814765115797,dique
597324.5565055724,7005142.193969476,546.8617351370813,dique
597353.5170349162,7005101.506182107,550.6747151420356,dique
597373.4592392797,7005055.59321826,553.9306949594273,dique
597393.4014436433,7005009.680254411,555.020629865392,dique
597413.3436480067,7004963.767290563,555.4945360010067,dique
597433.2858523702,7004917.854326715,553.051431148464,dique
597453.2280567337,7004871.941362867,549.4586992754832,dique
597473.1702610971,7004826.02839902,550.1086467292018,dique
597493.1124654607,7004780.115435171,554.5723800413574,dique
597513.0546698242,7004734.202471323,561.3824225463537,dique
597532.9968741876,7004688.289507476,565.9531123294349,dique
597552.9390785511,7004642.376543627,565.261108616642,dique
597572.8812829147,7004596.46357978,563.0860481126509,dique
597592.8234872781,7004550.550615932,562.9961150339976,dique
597612.7656916416,7004504.637652083,565.1334812128756,dique
597632.7078960051,7004458.724688236,568.8335165468047,dique
597652.6501003685,7004412.811724387,566.8335169324972,dique
597672.5923047321,7004366.89876054,565.0510293405787,dique
597692.5345090955,7004320.985796692,558.7025083675751,dique
597712.476713459,7004275.072832843,548.9199210418684,dique
597732.4189178225,7004229.159868996,538.4301718918587,dique
597752.361122186,7004183.246905148,527.9722270574898,dique
597772.3033265495,7004137.3339413,519.4123098474715,dique
597792.245530913,7004091.420977452,510.1162609160662,dique
597812.1877352764,7004045.508013604,501.7630823587922,dique
597832.1299396399,7003999.595049756,490.9004321590768,dique
597852.0721440035,7003953.682085908,480.7401745525798,dique
597872.0143483669,7003907.769122059,470.2468226327943,dique
597893.1904127822,7003862.460754255,458.04666242381927,dique
597917.2537560593,7003818.567163897,443.77898413910975,dique
597941.3170993365,7003774.673573539,432.07756132843207,dique
597965.3804426137,7003730.7799831815,425.48190576563206,dique
597989.4437858909,7003686.886392823,422.13395944605134,dique
598013.5071291681,7003642.992802465,417.2237499849242,dique
598037.5704724452,7003599.099212107,410.6467464629718,dique
598061.6338157224,7003555.205621749,402.4062424461875,dique
598085.6971589996,7003511.312031392,394.5318629025328,dique
598109.7605022768,7003467.418441034,389.4666377077409,dique
598133.823845554,7003423.524850676,388.20078618229854,dique
598157.8871888311,7003379.631260318,385.9369264266164,dique
598181.9505321083,7003335.737669961,378.8563174121121,dique
598206.0138753855,7003291.8440796025,370.3737429918283,dique
598230.0772186627,7003247.950489244,363.4659405888182,dique
598254.1405619399,7003204.056898886,357.7722291531105,dique
598278.203905217,7003160.163308528,351.55710693951823,dique
598302.2672484942,7003116.269718171,348.10323547369273,dique
598326.3305917714,7003072.376127813,345.7039272746562,dique
598350.3939350486,7003028.482537455,345.0,dique
598374.4572783258,7002984.588947097,345.0,dique
598398.520621603,7002940.69535674,345.0,dique
598422.5839648801,7002896.801766382,345.0,dique
598446.6473081573,7002852.908176024,345.0,dique
598470.7106514345,7002809.014585665,345.0,dique
598494.7739947117,7002765.120995308,345.0,dique
598518.8373379889,7002721.22740495,345.0,dique
598542.900681266,7002677.333814592,348.34486462659464,dique
598566.9640245432,7002633.440224234,357.8836517649584,dique
598591.0273678204,7002589.546633876,371.13567390585337,dique
598615.0907110976,7002545.653043519,384.8628466862619,dique
598638.5090573246,7002501.413435767,395.7495469657223,dique
598661.7709784628,7002457.089911662,402.7554483264743,dique
598685.032899601,7002412.766387557,409.1572750788265,dique
598708.2948207393,7002368.442863451,416.8192363979141,dique
598731.5567418776,7002324.119339345,424.099963671638,dique
598754.8186630158,7002279.79581524,429.3808127824087,dique
598778.0805841541,7002235.472291134,433.2989672878705,dique
598801.3425052924,7002191.148767029,437.0785397782284,dique
598824.6044264307,7002146.825242924,441.10200895908105,dique
598847.8663475688,7002102.501718817,446.377465740862,dique
598871.1282687071,7002058.178194712,448.9015114533593,dique
598894.3901898453,7002013.854670607,450.1593813231922,dique
598917.6521109836,7001969.531146501,454.5766794341005,dique
598940.9140321219,7001925.207622395,462.80316538492553,dique
598964.1759532602,7001880.88409829,474.88180809900894,dique
598987.4378743984,7001836.560574184,481.62815022084175,dique
599010.6997955366,7001792.237050079,484.41783738218726,dique
599033.9617166749,7001747.9135259725,479.1316853643898,dique
599057.2236378131,7001703.590001867,475.3297839204536,dique
599080.4855589514,7001659.266477762,469.0488455984331,dique
599103.7474800897,7001614.942953656,463.53343646669066,dique
599127.3682205062,7001570.817955077,453.5710284449136,dique
599152.5612932304,7001527.562887733,445.469469768663,dique
599177.7543659545,7001484.307820389,439.121959292566,dique
599202.9474386787,7001441.052753046,431.10057292466416,dique
599228.1405114029,7001397.797685702,422.6483426411762,dique
599253.3335841269,7001354.542618359,414.17643284999855,dique
599278.526656851,7001311.287551016,407.76699452925016,dique
599303.7197295752,7001268.032483672,400.6729778309219,dique
599328.9128022994,7001224.777416328,395.83759353924256,dique
599354.1058750235,7001181.522348984,390.5979768368392,dique
599379.2989477476,7001138.267281641,388.0105859819161,dique
599404.4920204717,7001095.012214297,385.6333478142129,dique
599429.6850931959,7001051.757146954,385.3563736429997,dique
599454.87816592,7001008.50207961,384.9168583946916,dique
599480.0712386442,7000965.247012267,383.4052032116344,dique
599505.2643113682,7000921.991944923,380.3604460341653,dique
599530.4573840924,7000878.736877579,378.1774016226417,dique
599555.6504568165,7000835.481810236,377.8555466964866,dique
599580.8435295407,7000792.2267428925,376.09686382612,dique
599606.0366022649,7000748.971675549,372.370743797838,dique
599631.2296749889,7000705.716608205,366.56799739641616,dique
599656.422747713,7000662.461540862,357.3447391789341,dique
599681.6158204372,7000619.206473518,350.9987006731108,dique
599706.8088931614,7000575.951406174,348.55843275419625,dique
599732.0019658855,7000532.696338831,347.1907601556133,dique
599757.1950386097,7000489.441271488,345.9759077023767,dique
599782.3881113337,7000446.186204144,346.20662158190333,dique
599807.5811840579,7000402.9311368,346.8797617610803,dique
599832.774256782,7000359.676069457,347.6425982876274,dique
599857.9673295062,7000316.421002113,348.95606493047285,dique
599883.1604022303,7000273.165934769,350.61647069973566,dique
599908.3534749544,7000229.910867426,355.585332283351,dique
599933.5465476785,7000186.655800083,362.9764088756144,dique
599958.7396204027,7000143.400732739,372.1864464933394,dique
599983.9326931268,7000100.145665395,381.3834110643392,dique
600009.125765851,7000056.890598051,389.4826712830649,dique
600034.318838575,7000013.635530708,396.3031200416449,dique
600059.5119112992,6999970.3804633645,403.1319397470506,dique
600084.7049840234,6999927.125396021,409.8322530198554,dique
600109.8980567475,6999883.870328678,416.0736364173058,dique
600135.0911294717,6999840.615261334,424.5585497667919,dique
600160.2842021957,6999797.36019399,434.922761806631,dique
600185.4772749199,6999754.105126646,444.0322601351288,dique
600210.670347644,6999710.850059303,452.2820828401326,dique
600236.5717604267,6999668.024189523,459.1284825368015,dique
600263.2512174263,6999625.6697524665,465.8293547732805,dique
600289.9306744258,6999583.3153154105,474.7133867985252,dique
600316.6101314253,6999540.960878354,485.089195506879,dique
600343.2895884248,6999498.606441297,496.1544893571392,dique
600369.9690454244,6999456.25200424,504.8125139991397,dique
600396.6485024239,6999413.897567184,512.0601009359351,dique
600423.3279594234,6999371.543130127,519.7977205484527,dique
600450.0074164231,6999329.18869307,528.3862375805943,dique
600476.6868734226,6999286.834256013,536.4423423758046,dique
600503.3663304221,6999244.479818957,543.1882890464763,dique
600530.0457874216,6999202.1253819,549.3218156594917,dique
600556.7252444212,6999159.770944843,554.6884495627378,dique
600583.4047014207,6999117.416507786,559.8122950231824,dique
600610.0841584202,6999075.06207073,558.0134009963384,dique
600636.7636154197,6999032.707633673,556.5720807865605,dique
600663.4430724193,6998990.353196616,555.2182375956462,dique
600690.1225294188,6998947.998759559,552.8438238673934,dique
600716.8019864183,6998905.644322502,547.7961023750568,dique
600743.481443418,6998863.289885446,536.6026744430511,dique
600770.1609004175,6998820.9354483895,523.1299014706688,dique
600796.840357417,6998778.581011333,512.4438926239394,dique
600823.5198144165,6998736.226574276,502.87139896303233,dique
600848.3341610902,6998692.775692652,495.31470923861656,dique
600872.3671927497,6998648.865498466,488.593664191944,dique
600896.4002244092,6998604.955304281,482.8640960174243,dique
600920.4332560687,6998561.045110095,477.5618842316069,dique
600944.4662877283,6998517.13491591,471.5784324262962,dique
600968.4993193878,6998473.224721723,465.2806003954214,dique
600992.5323510474,6998429.314527538,459.4648959764242,dique
601016.5653827069,6998385.404333352,453.6213160746655,dique
601040.5984143664,6998341.494139167,448.3845364019878,dique
601064.6314460259,6998297.58394498,444.9710814445168,dique
601088.6644776855,6998253.6737507945,444.2901612071859,dique
601112.697509345,6998209.763556609,447.7394973314263,dique
601136.7305410046,6998165.853362423,453.16568546649137,dique
601160.7635726641,6998121.943168237,461.2631621787996,dique
601184.7966043236,6998078.032974051,469.120742041561,dique
601208.8296359831,6998034.122779866,475.1705025077296,dique
601232.8626676427,6997990.21258568,478.4449527894574,dique
601256.8956993022,6997946.302391495,480.5923751693362,dique
601280.9287309618,6997902.392197308,481.4529945192419,dique
601304.9617626212,6997858.482003123,482.6799906961236,dique
601328.9947942807,6997814.571808937,485.2279269177425,dique
601353.0278259403,6997770.661614751,487.911746072121,dique
601380.7082362167,6997728.954951284,491.0156134426298,dique
601408.3968563166,6997687.253247709,494.7742421910915,dique
601436.0854764165,6997645.551544133,497.840366652406,dique
601463.7740965164,6997603.849840556,499.677851878779,dique
601491.4627166163,6997562.148136981,500.75898825468784,dique
601519.1513367163,6997520.446433404,500.5408685432305,dique
601546.8399568162,6997478.744729828,501.462085866424,dique
601574.5285769161,6997437.043026253,500.4283317412292,dique
601602.217197016,6997395.341322676,498.5576951946424,dique
601629.905817116,6997353.639619101,494.96439506967886,dique
601657.594437216,6997311.9379155245,493.6034956792637,dique
601685.2830573159,6997270.236211948,491.94047087615695,dique
601712.9716774158,6997228.534508373,487.9608225753259,dique
601740.6602975157,6997186.832804796,483.63543832274087,dique
601768.3489176156,6997145.13110122,477.9310644325525,dique
601796.0375377155,6997103.4293976445,472.7535048304135,dique
601823.7261578154,6997061.727694068,469.4175873508627,dique
601851.1800599451,6997019.877187602,466.5382201346198,dique
601877.083666414,6996977.04384853,463.24761593900143,dique
601902.9872728828,6996934.210509458,460.9307876100648,dique
601928.8908793516,6996891.377170386,459.5051245515384,dique
601954.7944858206,6996848.543831313,458.3483960554293,dique
601980.6980922894,6996805.71049224,455.3656074750686,dique
602006.6016987582,6996762.877153168,452.195642433073,dique
602032.5053052271,6996720.043814096,447.6142715883054,dique
602058.4089116959,6996677.210475024,443.6169881758132,dique
602084.3125181647,6996634.377135951,439.5601298061058,dique
602110.2161246337,6996591.543796879,434.779956782552,dique
602136.1197311025,6996548.710457807,428.8353570144407,dique
602162.0233375713,6996505.877118735,422.1553919921147,dique
602187.9269440401,6996463.043779662,415.05301132648856,dique
602213.830550509,6996420.210440589,408.08470137556776,dique
602239.7341569779,6996377.377101517,400.2383728755073,dique
602265.6377634467,6996334.5437624445,393.27637338781534,dique
602291.5413699156,6996291.710423373,390.00000000000006,dique
602317.4449763844,6996248.8770843,394.2290099825014,dique
602343.3485828532,6996206.043745228,401.2740067402756,dique
602369.2521893221,6996163.210406155,409.1327634088859,dique
602395.155795791,6996120.377067083,416.566374918039,dique
602421.0594022598,6996077.543728011,424.1244699674983,dique
602446.9630087287,6996034.710388938,430.5386555011029,dique
602472.8666151975,6995991.877049866,433.9596952405606,dique
602498.7702216663,6995949.043710793,434.74200383668426,dique
602524.6738281352,6995906.210371722,435.7509055940761,dique
602550.577434604,6995863.377032649,435.645011365391,dique
602576.4810410729,6995820.543693577,434.1360159779838,dique
602602.3846475418,6995777.710354504,432.2602327723432,dique
602628.2882540106,6995734.877015431,429.8198801081445,dique
602654.1918604794,6995692.04367636,430.0,dique
602680.0954669483,6995649.210337287,425.0,dique
602705.9990734172,6995606.376998215,420.0,dique
602731.902679886,6995563.543659142,415.0,dique
602757.8062863549,6995520.71032007,410.0,dique
602783.7098928237,6995477.876980998,410.0,dique
602809.6134992925,6995435.043641926,405.0,dique
602835.5171057614,6995392.210302853,405.0,dique
602861.4207122303,6995349.37696378,400.0,dique
602887.5504310396,6995306.682683456,400.0,dique
602914.0908463693,6995264.240980871,395.0,dique
602940.631261699,6995221.799278286,395.0,dique
602967.1716770286,6995179.357575702,395.0,dique
602993.7120923584,6995136.915873117,390.0,dique
603020.2525076881,6995094.474170531,390.0,dique
603046.7929230178,6995052.032467946,390.0,dique
603073.3333383475,6995009.590765362,390.0,dique
603099.8737536771,6994967.149062777,390.0,dique
603126.4141690069,6994924.707360192,390.0,dique
603152.9545843365,6994882.265657607,390.0,dique
603179.4949996662,6994839.823955022,390.0,dique
603206.035414996,6994797.382252437,395.0,dique
603232.5758303256,6994754.940549852,395.0,dique
603259.1162456553,6994712.498847267,400.0,dique
603285.656660985,6994670.057144682,405.0,dique
603312.1970763147,6994627.615442097,405.0,dique
603338.7374916443,6994585.173739512,405.0,dique
603365.2779069741,6994542.732036928,405.0,dique
603391.8183223038,6994500.290334342,405.0,dique
603418.3587376334,6994457.848631757,405.0,dique
603444.8991529632,6994415.406929173,410.0,dique
603471.4395682928,6994372.965226588,410.0,dique
603497.9799836226,6994330.523524003,410.0,dique
603524.5203989522,6994288.081821417,410.0,dique
603550.6793798307,6994245.408214235,410.0,dique
603576.1440379325,6994202.312472543,410.0,dique
603601.6086960343,6994159.216730852,415.0,dique
603627.0733541361,6994116.120989161,415.0,dique
603652.5380122379,6994073.025247469,420.0,dique
603678.0026703398,6994029.929505778,420.0,dique
603703.4673284416,6993986.833764086,420.0,dique
603728.9319865433,6993943.7380223945,420.0,dique
603754.3966446451,6993900.642280703,420.0,dique
603779.8613027469,6993857.546539011,420.0,dique
603805.3259608487,6993814.45079732,420.0,dique
603830.7906189506,6993771.355055628,420.0,dique
603856.2552770524,6993728.259313937,420.0,dique
603881.7199351542,6993685.163572245,420.0,dique
603907.184593256,6993642.067830554,420.0,dique
603932.6492513578,6993598.972088862,420.0,dique
603958.1139094597,6993555.876347171,420.0,dique
603983.5785675615,6993512.78060548,420.0,dique
604009.0432256632,6993469.684863788,420.0,dique
604034.7222780098,6993426.716826506,420.0,dique
604060.490178282,6993383.80171169,420.0,dique
604086.2580785543,6993340.8865968725,415.0,dique
604112.0259788266,6993297.971482056,415.0,dique
604137.7938790988,6993255.056367239,415.0,dique
604163.5617793711,6993212.141252423,415.0,dique
604189.3296796434,6993169.2261376055,415.0,dique
604215.0975799157,6993126.311022789,415.0,dique
604240.8654801879,6993083.395907972,420.0,dique
604266.6333804601,6993040.480793155,420.0,dique
604292.4012807324,6992997.5656783385,420.0,dique
604318.1691810046,6992954.650563521,420.0,dique
604289.1697775449,6992921.464726924,420.0,dique
604250.1974602381,6992890.0505542,420.0,dique
604209.8923138614,6992919.637914303,415.0,dique
604169.5850999998,6992949.3199,415.0,dique
591722.7445999999,7011913.3209,925.9654875937832,dique
591707.2730002033,7011961.127509033,937.5161732755806,dique
591691.8014004069,7012008.934118067,944.8645704902156,dique
591676.3298006103,7012056.7407271005,949.455135649254,dique
591660.8582008138,7012104.547336135,950.0,dique
591645.3866010172,7012152.353945169,950.0,dique
591629.9150012208,7012200.160554202,950.0,dique
591614.4434014242,7012247.967163236,950.0,dique
591598.9718016277,7012295.7737722695,948.841495559206,dique
591583.5002018311,7012343.580381303,951.1979064625524,dique
591565.799649645,7012390.603960587,953.4371003271718,dique
591547.9730162065,7012437.583247596,955.7819771707166,dique
591530.146382768,7012484.562534603,958.4355604573556,dique
591512.3197493297,7012531.541821612,960.5030945564648,dique
591494.4931158912,7012578.521108621,962.8812669381442,dique
591476.6664824528,7012625.500395629,965.338984768818,dique
591458.8398490144,7012672.479682637,967.6021071540708,dique
591441.013215576,7012719.458969646,969.869505481503,dique
591423.1865821375,7012766.438256654,973.984455645906,dique
591405.3599486991,7012813.417543663,978.7665463353752,dique
591387.5333152607,7012860.396830672,983.674171908382,dique
591351.2945803221,7012894.471874746,987.12617622443,dique
591313.2169941902,7012927.258147818,989.4589439281832,dique
591275.1394080584,7012960.04442089,991.1980668015232,dique
591237.0618219264,7012992.830693961,992.6007381310536,dique
591198.9842357945,7013025.616967034,994.7707574587256,dique
591160.9066496626,7013058.403240105,997.0060527812124,dique
591122.8290635308,7013091.189513177,998.0494224192876,dique
591084.7514773989,7013123.975786248,998.5741819497124,dique
591046.6738912669,7013156.762059321,997.6276405527648,dique
591008.596305135,7013189.548332392,997.0019664778392,dique
590970.5187190032,7013222.334605464,997.9656606471904,dique
590932.4411328713,7013255.120878536,1000.7759567500804,dique
590897.0183230198,7013290.517358209,1003.8099210882132,dique
590864.8813791041,7013329.144539096,1007.3526077819502,dique
590832.7444351884,7013367.771719984,1009.627043091783,dique
590800.6074912725,7013406.398900871,1012.2449289563328,dique
590768.4705473568,7013445.02608176,1015.8605769325771,dique
590736.3336034409,7013483.653262647,1020.4468453100052,dique
590704.1966595252,7013522.280443534,1025.3741190419348,dique
590672.0597156094,7013560.907624422,1029.4552630238838,dique
590639.9227716936,7013599.534805309,1030.365158035473,dique
590607.7858277778,7013638.161986197,1030.7349634676996,dique
590575.6488838621,7013676.789167085,1032.8642790963434,dique
590543.5119399462,7013715.416347972,1035.2950295247851,dique
590514.9193182804,7013756.360902415,1039.030853595214,dique
590492.4237052398,7013801.291845667,1043.011541719657,dique
590469.9280921993,7013846.222788919,1046.5014645990714,dique
590447.4324791587,7013891.15373217,1049.4276370592363,dique
590424.9368661181,7013936.084675422,1051.2363835843205,dique
590402.4412530776,7013981.015618674,1052.1560938088287,dique
590379.9456400371,7014025.946561926,1053.2034601310568,dique
590357.4500269964,7014070.877505178,1053.3617576178,dique
590334.9544139559,7014115.80844843,1053.498240210516,dique
590312.4588009154,7014160.739391682,1053.1076838101706,dique
590289.9631878748,7014205.670334933,1050.9451734680529,dique
590267.4675748342,7014250.601278185,1048.791996046568,dique
590244.9719617937,7014295.532221437,1047.057718703357,dique
590222.4763487531,7014340.463164689,1046.101800817943,dique
590199.9807357126,7014385.394107941,1043.8576348036986,dique
590177.485122672,7014430.325051192,1040.3908253516931,dique
590154.9895096314,7014475.255994445,1036.8268753632326,dique
590132.4938965909,7014520.186937696,1033.1332427393556,dique
590109.9982835504,7014565.117880948,1027.759296006896,dique
590087.5026705097,7014610.0488242,1021.602854444485,dique
590065.0070574692,7014654.979767452,1012.5738451635498,dique
590042.5114444287,7014699.910710704,1004.1266133380266,dique
590020.0158313881,7014744.841653955,994.7949876568232,dique
589997.5202183475,7014789.772597208,983.1686799862946,dique
589975.024605307,7014834.703540459,970.8191286477984,dique
589952.5289922664,7014879.634483711,960.0364741562672,dique
589930.0333792259,7014924.565426962,950.5533248277552,dique
589907.5377661854,7014969.496370215,942.2893713596164,dique
589899.3864322344,7015018.301791316,937.6994213475969,dique
589896.2009802881,7015068.448527635,934.0864335784516,dique
589893.0155283418,7015118.595263954,931.4345200411694,dique
589889.8300763954,7015168.742000273,931.1596841125972,dique
589923.9864115721,7015186.864374461,937.4905716309496,dique
589974.0327549907,7015191.359458218,944.0897280739432,dique
590011.882228108,7015171.831415908,948.4058036823964,dique
590037.7861873765,7015128.7753227055,950.0,dique
590063.690146645,7015085.719229504,950.0,dique
590089.5941059134,7015042.663136303,952.1831559932218,dique
590115.4980651818,7014999.6070431005,958.6612206617732,dique
590141.4020244502,7014956.550949899,969.5851302068098,dique
590167.3059837187,7014913.4948566975,979.3584993310424,dique
590193.2099429872,7014870.438763496,986.8878401641048,dique
590219.1139022555,7014827.382670294,994.4526741766988,dique
590245.017861524,7014784.3265770925,1007.119478884514,dique
590270.9218207925,7014741.270483891,1020.8978809715608,dique
590296.825780061,7014698.214390689,1031.6840669133776,dique
590322.7297393293,7014655.158297488,1039.3684509095417,dique
590348.6336985978,7014612.102204286,1043.4232777733446,dique
590374.5376578663,7014569.0461110845,1047.7800340760768,dique
590400.4416171347,7014525.990017883,1048.2463148156603,dique
590424.0279456278,7014481.637364497,1048.4030009501726,dique
590447.1642159409,7014437.032933512,1046.362077029727,dique
590470.300486254,7014392.428502526,1043.6052515462825,dique
590493.4367565671,7014347.82407154,1041.0031452431342,dique
590516.5730268802,7014303.219640554,1039.7824305589247,dique
590539.7092971933,7014258.615209568,1039.0593762298388,dique
590562.8455675064,7014214.010778583,1038.2577111780167,dique
590585.9818378194,7014169.406347597,1037.4543397354123,dique
590609.1181081326,7014124.80191661,1036.605597050404,dique
590632.2543784457,7014080.197485625,1035.237429434724,dique
590655.3906487589,7014035.593054639,1032.9163341768285,dique
590678.5269190719,7013990.988623654,1031.2940447476883,dique
590701.663189385,7013946.384192668,1030.572838207236,dique
590731.1848598646,7013906.986050698,1028.2739893513074,dique
590770.2170387784,7013875.342231762,1024.270139533855,dique
590809.249217692,7013843.698412826,1021.1283057579813,dique
590848.2813966057,7013812.054593891,1017.5971128491678,dique
590887.3135755194,7013780.410774956,1014.5377266811288,dique
590926.3457544331,7013748.76695602,1008.408130218828,dique
590965.3779333467,7013717.123137085,1000.8187608861258,dique
591004.4101122604,7013685.479318149,993.8988972927835,dique
591043.4422911741,7013653.835499214,988.814497921744,dique
591082.4744700878,7013622.191680279,986.13829518664,dique
591121.5066490014,7013590.547861342,982.6173961715514,dique
591160.5388279151,7013558.904042407,979.066037105412,dique
591199.5710068288,7013527.260223472,977.737076620556,dique
591238.6031857425,7013495.616404536,980.3028359262386,dique
591275.0797888308,7013461.501812337,984.3286454780944,dique
591305.3889020223,7013421.424388205,987.1468225734778,dique
591335.6980152137,7013381.346964072,985.3973894645184,dique
591366.0071284052,7013341.269539939,984.8645250496136,dique
591396.3162415966,7013301.192115806,991.209897463136,dique
591426.6253547881,7013261.114691674,1003.8457588960724,dique
591456.9344679796,7013221.037267541,1012.364647401449,dique
591487.243581171,7013180.959843408,1012.6308687518672,dique
591517.5526943625,7013140.882419275,1002.8283989197952,dique
591547.8618075539,7013100.804995142,988.5346836496268,dique
591578.1709207454,7013060.72757101,971.4900211757318,dique
591607.336040505,7013020.12597914,956.0066375346672,dique
591617.8987237811,7012971.000914361,950.533378017884,dique
591628.4614070572,7012921.875849581,947.491562660308,dique
591639.0240903334,7012872.750784802,945.215218365838,dique
591649.5867736095,7012823.625720023,941.6178552535551,dique
591660.1494568856,7012774.500655243,936.8907496796642,dique
591670.7121401618,7012725.375590464,933.3340128923268,dique
591681.2748234379,7012676.250525685,933.1561045479114,dique
591691.837506714,7012627.125460905,934.8223324041608,dique
591702.4001899902,7012578.000396126,935.1306196360516,dique
591712.9628732663,7012528.875331347,933.4205158591186,dique
591723.5255565424,7012479.750266567,929.796696508356,dique
591734.0882398186,7012430.625201788,926.5944445585574,dique
591744.6509230947,7012381.500137009,925.3194367065108,dique
591755.2136063708,7012332.375072229,925.262791762648,dique
591765.776289647,7012283.25000745,924.523849097924,dique
591776.3389729231,7012234.124942671,921.7425742792284,dique
591786.9016561992,7012184.999877891,916.7511059668784,dique
591797.4643394754,7012135.874813112,911.4174524655838,dique
591808.0270227515,7012086.749748332,908.0052180738252,dique
591804.0564155601,7012040.253831339,911.0216558902468,dique
591776.95247704,7011997.942854226,919.961807233292,dique
591749.8485385199,7011955.631877113,924.6458964178124,dique
591722.7445999999,7011913.3209,925.9654875937832,dique
591293.2604880335,6998731.6088737305,468.9259130892124,encaixante_rio_bonito
591699.1098001293,6998651.083598078,505.45512751366505,encaixante_rio_bonito
591699.1098001293,6998651.083598078,505.45512751366505,encaixante_rio_bonito
592118.198177695,6999030.203467099,525.9826713657545,encaixante_rio_bonito
592537.2865552607,6999409.32333612,516.4183048005889,encaixante_rio_bonito
592537.2865552607,6999409.32333612,516.4183048005889,encaixante_rio_bonito
593019.9673999291,6999677.118611508,532.6550481293422,encaixante_rio_bonito
593502.6482445975,6999944.913886896,546.8361082728118,encaixante_rio_bonito
593502.6482445975,6999944.913886896,546.8361082728118,encaixante_rio_bonito
593959.6444920881,7000074.375797441,582.260523386358,encaixante_rio_bonito
593959.6444920881,7000074.375797441,582.260523386358,encaixante_rio_bonito
594589.3549080894,7000102.766659707,659.3696351768615,encaixante_rio_bonito
595219.0653240907,7000131.157521973,619.2137857216211,encaixante_rio_bonito
595219.0653240907,7000131.157521973,619.2137857216211,encaixante_rio_bonito
595653.2603040824,6999873.015336605,619.6212547154975,encaixante_rio_bonito
595653.2603040824,6999873.015336605,619.6212547154975,encaixante_rio_bonito
595788.4462888713,6999406.715216776,572.7500756614515,encaixante_rio_bonito
595788.4462888713,6999406.715216776,572.7500756614515,encaixante_rio_bonito
595754.6600923964,6998897.55401575,523.2042714590051,encaixante_rio_bonito
595754.6600923964,6998897.55401575,523.2042714590051,encaixante_rio_bonito
595471.4614986116,6998157.465493092,462.1667586157447,encaixante_rio_bonito
595471.4614986116,6998157.465493092,462.1667586157447,encaixante_rio_bonito
595201.1491513329,6997595.248677886,542.629422133105,encaixante_rio_bonito
594930.8368040541,6997033.03186268,407.3697071219449,encaixante_rio_bonito
594746.7388003524,6996650.08061962,402.499075608118,encaixante_rio_bonito
594686.0592940535,6996523.852670692,424.0064929060228,encaixante_rio_bonito
594686.0592940535,6996523.852670692,424.0064929060228,encaixante_rio_bonito
594501.8361713504,6995761.016015315,504.5624981443317,encaixante_rio_bonito
594501.8361713504,6995761.016015315,504.5624981443317,encaixante_rio_bonito
594271.9006428364,6995496.957740994,540.0,encaixante_rio_bonito
594271.9006428364,6995496.957740994,540.0,encaixante_rio_bonito
593764.0491935093,6995168.438117573,620.0,encaixante_rio_bonito
593764.0491935093,6995168.438117573,620.0,encaixante_rio_bonito
593302.8994864004,6994961.301372766,630.0,encaixante_rio_bonito
592841.7497792915,6994754.164627958,580.0,encaixante_rio_bonito
590069.4918548344,7001935.14919834,439.39672604346487,encaixante_rio_bonito
590497.1587776049,7001564.312928274,492.6736185136725,encaixante_rio_bonito
590924.8257003755,7001193.476658209,567.2380276019052,encaixante_rio_bonito
590924.8257003755,7001193.476658209,567.2380276019052,encaixante_rio_bonito
591201.4883594175,7001069.542443067,598.2371037295686,encaixante_rio_bonito
591201.4883594175,7001069.542443067,598.2371037295686,encaixante_rio_bonito
591437.0601305123,7000757.646469923,547.6313603062883,encaixante_rio_bonito
591437.0601305123,7000757.646469923,547.6313603062883,encaixante_rio_bonito
591603.8329707144,7000094.922955453,430.3439419281642,encaixante_rio_bonito
591581.9772744605,6999357.087277826,454.5634379066872,encaixante_rio_bonito
591293.2604880335,6998731.6088737305,468.9259130892124,encaixante_rio_bonito
588887.3305715227,7006026.952642454,425.6922027015946,encaixante_rio_bonito
589052.2694844243,7005510.664216943,435.0660098835384,encaixante_rio_bonito
589217.208397326,7004994.375791432,500.35282183141817,encaixante_rio_bonito
589217.208397326,7004994.375791432,500.35282183141817,encaixante_rio_bonito
589252.9857563595,7004456.822212205,535.3973717906327,encaixante_rio_bonito
589288.763115393,7003919.268632978,602.2781841079043,encaixante_rio_bonito
589288.763115393,7003919.268632978,602.2781841079043,encaixante_rio_bonito
589571.3594521836,7003241.552074606,472.455983689518,encaixante_rio_bonito
589571.3594521836,7003241.552074606,472.455983689518,encaixante_rio_bonito
589576.7554622187,7002887.089573203,424.216472532148,encaixante_rio_bonito
588875.7274116783,7006052.375626352,425.83161702872894,encaixante_rio_bonito
588887.3305715227,7006026.952642454,425.6922027015946,encaixante_rio_bonito
595104.8328694976,7004517.989140071,399.5418182530215,encaixante_rio_bonito
594831.8520222047,7004282.136276319,384.7761992113202,encaixante_rio_bonito
594831.8520222047,7004282.136276319,384.7761992113202,encaixante_rio_bonito
594220.5503013446,7003926.732580883,408.9958056253252,encaixante_rio_bonito
594220.5503013446,7003926.732580883,408.9958056253252,encaixante_rio_bonito
593516.1947992675,7003918.721178001,483.44853732469016,encaixante_rio_bonito
593516.1947992675,7003918.721178001,483.44853732469016,encaixante_rio_bonito
592955.684452342,7003976.154561311,488.3704102899328,encaixante_rio_bonito
592955.684452342,7003976.154561311,488.3704102899328,encaixante_rio_bonito
592533.8667128966,7004272.345354276,465.9612006615261,encaixante_rio_bonito
592533.8667128966,7004272.345354276,465.9612006615261,encaixante_rio_bonito
592138.4887308816,7004463.52781748,456.28709129646,encaixante_rio_bonito
592138.4887308816,7004463.52781748,456.28709129646,encaixante_rio_bonito
591800.8513859228,7004663.780503869,429.54592632331503,encaixante_rio_bonito
591800.8513859228,7004663.780503869,429.54592632331503,encaixante_rio_bonito
591464.2971699437,7005116.502591541,389.3223044592517,encaixante_rio_bonito
591464.2971699437,7005116.502591541,389.3223044592517,encaixante_rio_bonito
591175.9349417364,7005851.985515896,449.2444385752868,encaixante_rio_bonito
591175.9349417364,7005851.985515896,449.2444385752868,encaixante_rio_bonito
591129.3705896421,7006132.490299361,450.233221168444,encaixante_rio_bonito
591129.3705896421,7006132.490299361,450.233221168444,encaixante_rio_bonito
590925.3462597886,7006715.538607445,438.69325994796606,encaixante_rio_bonito
590721.3219299351,7007298.586915528,410.0358625109629,encaixante_rio_bonito
590721.3219299351,7007298.586915528,410.0358625109629,encaixante_rio_bonito
590514.7395947393,7007532.710271323,444.2882386003503,encaixante_rio_bonito
590514.7395947393,7007532.710271323,444.2882386003503,encaixante_rio_bonito
590001.6275412068,7007890.952758908,445.7702327580206,encaixante_rio_bonito
590001.6275412068,7007890.952758908,445.7702327580206,encaixante_rio_bonito
589466.2269583937,7007928.063555643,452.8620820720031,encaixante_rio_bonito
588930.8263755806,7007965.174352379,455.8133408553748,encaixante_rio_bonito
588930.8263755806,7007965.174352379,455.8133408553748,encaixante_rio_bonito
588893.3952575255,7007953.152740629,453.5663116473768,encaixante_rio_bonito
601635.9247101411,6993278.603977012,430.0,encaixante_rio_bonito
601401.8398979567,6992965.0,435.0,encaixante_rio_bonito
597850.4940365825,6992965.0,560.0,encaixante_rio_bonito
598051.0374879604,6993473.580599576,560.0,encaixante_rio_bonito
598051.0374879604,6993473.580599576,560.0,encaixante_rio_bonito
598016.2426563894,6993609.198725625,560.0,encaixante_rio_bonito
598016.2426563894,6993609.198725625,560.0,encaixante_rio_bonito
597974.1846984157,6993773.345564162,560.0,encaixante_rio_bonito
597974.1846984157,6993773.345564162,560.0,encaixante_rio_bonito
597701.4067780266,6994362.67649073,550.0,encaixante_rio_bonito
597701.4067780266,6994362.67649073,550.0,encaixante_rio_bonito
597657.3789153949,6995060.922736887,545.0,encaixante_rio_bonito
597657.3789153949,6995060.922736887,545.0,encaixante_rio_bonito
597729.5990950671,6995425.84903233,555.0,encaixante_rio_bonito
597729.5990950671,6995425.84903233,555.0,encaixante_rio_bonito
597729.6074498331,6995425.891606286,555.0,encaixante_rio_bonito
597729.6074498331,6995425.891606286,555.0,encaixante_rio_bonito
598067.9524162789,6995622.688230086,560.0,encaixante_rio_bonito
598067.9524162789,6995622.688230086,560.0,encaixante_rio_bonito
598358.4222782912,6995527.245839439,555.0,encaixante_rio_bonito
598358.4222782912,6995527.245839439,555.0,encaixante_rio_bonito
598483.0509265685,6995486.293062251,550.0,encaixante_rio_bonito
598483.0509265685,6995486.293062251,550.0,encaixante_rio_bonito
598594.0961001363,6995330.608137989,540.0,encaixante_rio_bonito
598594.0961001363,6995330.608137989,540.0,encaixante_rio_bonito
598594.227329871,6995330.424184889,540.0,encaixante_rio_bonito
598594.227329871,6995330.424184889,540.0,encaixante_rio_bonito
598943.7916908469,6994840.303126618,515.0,encaixante_rio_bonito
598943.7916908469,6994840.303126618,515.0,encaixante_rio_bonito
599211.6361825034,6994893.527546393,445.0,encaixante_rio_bonito
599211.6361825034,6994893.527546393,445.0,encaixante_rio_bonito
599276.1074405112,6995513.280736395,435.0,encaixante_rio_bonito
599276.1074405112,6995513.280736395,435.0,encaixante_rio_bonito
599734.1943775208,6995615.102871614,500.0,encaixante_rio_bonito
599734.1943775208,6995615.102871614,500.0,encaixante_rio_bonito
599901.4984225943,6995652.253806831,505.0,encaixante_rio_bonito
599901.4984225943,6995652.253806831,505.0,encaixante_rio_bonito
600053.7986339831,6996005.08773027,414.6859427393949,encaixante_rio_bonito
600053.7986339831,6996005.08773027,414.6859427393949,encaixante_rio_bonito
600073.0638374437,6996049.690577711,410.83591797612746,encaixante_rio_bonito
600073.0638374437,6996049.690577711,410.83591797612746,encaixante_rio_bonito
600218.7077834377,6996126.577699898,417.3553628336704,encaixante_rio_bonito
600218.7077834377,6996126.577699898,417.3553628336704,encaixante_rio_bonito
600218.7447459811,6996126.597128011,417.3588909965624,encaixante_rio_bonito
600218.7447459811,6996126.597128011,417.3588909965624,encaixante_rio_bonito
600341.8392332885,6996191.503093766,425.5164851121344,encaixante_rio_bonito
600341.8392332885,6996191.503093766,425.5164851121344,encaixante_rio_bonito
600341.8771812934,6996191.523111338,425.5186160337013,encaixante_rio_bonito
600341.8771812934,6996191.523111338,425.5186160337013,encaixante_rio_bonito
600761.5513171057,6995994.485231916,458.1134902660103,encaixante_rio_bonito
600761.5513171057,6995994.485231916,458.1134902660103,encaixante_rio_bonito
601230.2350280345,6995774.412942818,421.0965514778486,encaixante_rio_bonito
601230.2350280345,6995774.412942818,421.0965514778486,encaixante_rio_bonito
601323.5248862135,6995672.37027863,425.0,encaixante_rio_bonito
601323.5248862135,6995672.37027863,425.0,encaixante_rio_bonito
601495.4166978655,6995484.26763764,435.0,encaixante_rio_bonito
601495.4166978655,6995484.26763764,435.0,encaixante_rio_bonito
601668.3331640144,6994818.177486463,430.0,encaixante_rio_bonito
601668.3331640144,6994818.177486463,430.0,encaixante_rio_bonito
601524.9180480663,6994243.29543238,435.0,encaixante_rio_bonito
601524.9180480663,6994243.29543238,435.0,encaixante_rio_bonito
601635.9247101411,6993278.603977012,430.0,encaixante_rio_bonito
596920.6007114555,7012557.849497925,391.26517862194646,encaixante_rio_bonito
596920.9468486863,7012522.053038161,390.0,encaixante_rio_bonito
605093.0,7026426.47716257,613.238666152151,encaixante_rio_bonito
604563.226826519,7025845.516280402,586.210530598367,encaixante_rio_bonito
604563.226826519,7025845.516280402,586.210530598367,encaixante_rio_bonito
604089.7179964939,7025439.525763908,642.4657090264702,encaixante_rio_bonito
603616.2091664688,7025033.535247412,712.6047248683965,encaixante_rio_bonito
603142.7003364437,7024627.544730917,675.6696980476798,encaixante_rio_bonito
603142.7003364437,7024627.544730917,675.6696980476798,encaixante_rio_bonito
603120.3570613895,7024328.543820144,670.0,encaixante_rio_bonito
603120.3570613895,7024328.543820144,670.0,encaixante_rio_bonito
603854.687126643,7024244.957630289,735.0,encaixante_rio_bonito
603854.687126643,7024244.957630289,735.0,encaixante_rio_bonito
604778.9623463558,7024337.018713169,745.0,encaixante_rio_bonito
604778.9623463558,7024337.018713169,745.0,encaixante_rio_bonito
605093.0,7024432.455216538,753.9530597933108,encaixante_rio_bonito
605093.0,7023222.890164679,615.0,encaixante_rio_bonito
604927.7215597685,7023117.271057559,633.2561044991476,encaixante_rio_bonito
604927.7215597685,7023117.271057559,633.2561044991476,encaixante_rio_bonito
604532.245555548,7022732.844075495,611.8794241715893,encaixante_rio_bonito
604136.7695513276,7022348.417093432,610.1416913427101,encaixante_rio_bonito
604136.7695513276,7022348.417093432,610.1416913427101,encaixante_rio_bonito
604083.7523864228,7021938.9546996,621.7237642497289,encaixante_rio_bonito
604083.7523864228,7021938.9546996,621.7237642497289,encaixante_rio_bonito
604497.7820027755,7021575.472461417,657.3988499735135,encaixante_rio_bonito
604911.8116191282,7021211.9902232345,685.107423131067,encaixante_rio_bonito
604911.8116191282,7021211.9902232345,685.107423131067,encaixante_rio_bonito
604769.3879787942,7020803.275987707,642.9417369543764,encaixante_rio_bonito
604769.3879787942,7020803.275987707,642.9417369543764,encaixante_rio_bonito
604004.5244372408,7020765.474369263,700.0629685117103,encaixante_rio_bonito
604004.5244372408,7020765.474369263,700.0629685117103,encaixante_rio_bonito
603498.8736473771,7020858.182318186,676.5789912240049,encaixante_rio_bonito
603498.8736473771,7020858.182318186,676.5789912240049,encaixante_rio_bonito
603265.4697738677,7021447.276404338,684.893262135548,encaixante_rio_bonito
603265.4697738677,7021447.276404338,684.893262135548,encaixante_rio_bonito
602991.635057934,7021959.15340529,677.5244205154761,encaixante_rio_bonito
602991.635057934,7021959.15340529,677.5244205154761,encaixante_rio_bonito
602875.1384717884,7022281.266717163,664.2575558492322,encaixante_rio_bonito
602875.1384717884,7022281.266717163,664.2575558492322,encaixante_rio_bonito
602373.7127388645,7022492.122099696,622.9100206683238,encaixante_rio_bonito
601872.2870059407,7022702.977482229,643.3357320408032,encaixante_rio_bonito
601370.8612730168,7022913.832864761,686.0714787250769,encaixante_rio_bonito
601370.8612730168,7022913.832864761,686.0714787250769,encaixante_rio_bonito
601238.9755360165,7023801.034700047,635.3961331487665,encaixante_rio_bonito
601238.9755360165,7023801.034700047,635.3961331487665,encaixante_rio_bonito
601102.4379511375,7024112.302622506,635.1028002832679,encaixante_rio_bonito
601102.4379511375,7024112.302622506,635.1028002832679,encaixante_rio_bonito
600638.2763777717,7024437.393064777,646.5963146287254,encaixante_rio_bonito
600638.2763777717,7024437.393064777,646.5963146287254,encaixante_rio_bonito
600455.801101631,7025214.272804745,624.7428981582293,encaixante_rio_bonito
600455.801101631,7025214.272804745,624.7428981582293,encaixante_rio_bonito
600148.1276606293,7025260.884845341,605.6160553146982,encaixante_rio_bonito
600148.1276606293,7025260.884845341,605.6160553146982,encaixante_rio_bonito
599669.3092906149,7024987.90334199,619.4080411059781,encaixante_rio_bonito
599669.3092906149,7024987.90334199,619.4080411059781,encaixante_rio_bonito
599427.1346453269,7024524.568968367,611.0024789518003,encaixante_rio_bonito
599427.1346453269,7024524.568968367,611.0024789518003,encaixante_rio_bonito
599283.29788157,7023916.426147406,639.2339593959424,encaixante_rio_bonito
599139.461117813,7023308.283326444,600.9747781588441,encaixante_rio_bonito
598995.6243540561,7022700.140505483,632.3342398277802,encaixante_rio_bonito
598995.6243540561,7022700.140505483,632.3342398277802,encaixante_rio_bonito
598562.7038768758,7022360.119439894,714.7214328612304,encaixante_rio_bonito
598129.7833996955,7022020.098374305,631.8528948859856,encaixante_rio_bonito
597696.8629225153,7021680.077308716,691.6679607802421,encaixante_rio_bonito
597696.8629225153,7021680.077308716,691.6679607802421,encaixante_rio_bonito
597284.5419370004,7021018.573916677,566.101667274188,encaixante_rio_bonito
597284.5419370004,7021018.573916677,566.101667274188,encaixante_rio_bonito
597438.1827447106,7020341.691730838,596.44144236445,encaixante_rio_bonito
597438.1827447106,7020341.691730838,596.44144236445,encaixante_rio_bonito
598071.3321244168,7020059.97740072,619.9912132151794,encaixante_rio_bonito
598071.3321244168,7020059.97740072,619.9912132151794,encaixante_rio_bonito
597470.7240050558,7019410.936653679,652.6751039593064,encaixante_rio_bonito
597470.7240050558,7019410.936653679,652.6751039593064,encaixante_rio_bonito
597150.8549782914,7019136.632475439,625.7134738517123,encaixante_rio_bonito
597150.8549782914,7019136.632475439,625.7134738517123,encaixante_rio_bonito
597097.1318258485,7018605.241869775,523.37030097042,encaixante_rio_bonito
597097.1318258485,7018605.241869775,523.37030097042,encaixante_rio_bonito
597047.4371503456,7018299.753371736,460.0,encaixante_rio_bonito
596993.1472707809,7017964.0427463055,510.9960794568796,encaixante_rio_bonito
596836.4302296875,7016990.496870244,541.5175326618095,encaixante_rio_bonito
596836.4302296875,7016990.496870244,541.5175326618095,encaixante_rio_bonito
596741.78184481,7016280.671917284,515.5851795585583,encaixante_rio_bonito
596741.78184481,7016280.671917284,515.5851795585583,encaixante_rio_bonito
596852.1706926229,7015732.692453416,579.6386831398877,encaixante_rio_bonito
596962.5595404359,7015184.712989548,546.4553321996663,encaixante_rio_bonito
596962.5595404359,7015184.712989548,546.4553321996663,encaixante_rio_bonito
596942.6185050884,7014246.75382491,481.91024928892966,encaixante_rio_bonito
596942.6185050884,7014246.75382491,481.91024928892966,encaixante_rio_bonito
596987.5814456356,7013767.952967459,408.56384074402126,encaixante_rio_bonito
590636.3138191943,6992965.0,590.0,encaixante_palermo
591025.3916246402,6993283.38700391,570.0,encaixante_palermo
591025.3916246402,6993283.38700391,570.0,encaixante_palermo
591337.5905907523,6993956.798647068,495.0,encaixante_palermo
591337.5905907523,6993956.798647068,495.0,encaixante_palermo
591432.646815889,6994753.715842448,465.0,encaixante_palermo
591432.646815889,6994753.715842448,465.0,encaixante_palermo
591434.2601108314,6994754.253101274,465.0,encaixante_palermo
592302.6587932701,6994980.5558936,510.0,encaixante_palermo
592762.327628681,6995031.852624965,570.0,encaixante_palermo
592762.327628681,6995031.852624965,570.0,encaixante_palermo
593398.676155679,6995337.262135815,630.0,encaixante_palermo
593398.676155679,6995337.262135815,630.0,encaixante_palermo
593613.7135889237,6995815.692559736,630.9226103439944,encaixante_palermo
593828.7510221684,6996294.122983656,632.9768281507627,encaixante_palermo
594043.7884554131,6996772.553407577,544.653369158211,encaixante_palermo
594043.7884554131,6996772.553407577,544.653369158211,encaixante_palermo
594359.2797625838,6997207.7351999525,493.7397696356298,encaixante_palermo
594674.7710697544,6997642.916992329,591.7512863730653,encaixante_palermo
594990.262376925,6998078.098784705,618.2597963599736,encaixante_palermo
595305.7536840957,6998513.28057708,524.7083453924699,encaixante_palermo
595305.7536840957,6998513.28057708,524.7083453924699,encaixante_palermo
595437.8990217387,6998933.1585495705,598.5331207525657,encaixante_palermo
595437.8990217387,6998933.1585495705,598.5331207525657,encaixante_palermo
595400.8314844533,6999276.789140871,683.3816237729195,encaixante_palermo
595400.8314844533,6999276.789140871,683.3816237729195,encaixante_palermo
595095.8358552502,6999567.110049127,688.7851219672173,encaixante_palermo
595095.8358552502,6999567.110049127,688.7851219672173,encaixante_palermo
594699.804868878,6999647.670856376,719.2689153851315,encaixante_palermo
594699.804868878,6999647.670856376,719.2689153851315,encaixante_palermo
594362.6700394136,6999617.057272179,699.1229303421353,encaixante_palermo
594362.6700394136,6999617.057272179,699.1229303421353,encaixante_palermo
593706.0432928021,6999311.84268377,676.759890778816,encaixante_palermo
593706.0432928021,6999311.84268377,676.759890778816,encaixante_palermo
593037.1596240189,6998652.143365704,670.0,encaixante_palermo
593037.1596240189,6998652.143365704,670.0,encaixante_palermo
592420.2606660355,6998324.472105238,655.9263590970629,encaixante_palermo
591803.361708052,6997996.800844772,625.5678352717657,encaixante_palermo
591803.361708052,6997996.800844772,625.5678352717657,encaixante_palermo
591227.8158733286,6997901.304806406,584.8696547604227,encaixante_palermo
591227.8158733286,6997901.304806406,584.8696547604227,encaixante_palermo
590554.0396222022,6997917.212052288,546.5917485384422,encaixante_palermo
590554.0396222022,6997917.212052288,546.5917485384422,encaixante_palermo
590388.1691963614,6998295.143157658,521.4199673528923,encaixante_palermo
590388.1691963614,6998295.143157658,521.4199673528923,encaixante_palermo
590781.1875626157,6999178.422781831,493.7550289558788,encaixante_palermo
590781.1875626157,6999178.422781831,493.7550289558788,encaixante_palermo
590813.2902781051,6999510.543579433,482.1648281491557,encaixante_palermo
590813.2902781051,6999510.543579433,482.1648281491557,encaixante_palermo
590621.9408166129,7000442.445576948,616.4528040223684,encaixante_palermo
590621.9408166129,7000442.445576948,616.4528040223684,encaixante_palermo
590425.7085205509,7000731.855205805,643.0891854341348,encaixante_palermo
590425.7085205509,7000731.855205805,643.0891854341348,encaixante_palermo
589952.5053310127,7001078.620632784,606.6719800444478,encaixante_palermo
589952.5053310127,7001078.620632784,606.6719800444478,encaixante_palermo
589291.1684579647,7001482.284583014,522.5101674948686,encaixante_palermo
589291.1684579647,7001482.284583014,522.5101674948686,encaixante_palermo
589047.0118320287,7002004.6391738,455.2591353964836,encaixante_palermo
589047.0118320287,7002004.6391738,455.2591353964836,encaixante_palermo
589035.7537466534,7002228.418580942,420.6874169668034,encaixante_palermo
589016.2026314094,7002617.013110568,419.3189645350882,encaixante_palermo
588986.2354496872,7003212.568801837,462.2880308116948,encaixante_palermo
588986.2354496872,7003212.568801837,462.2880308116948,encaixante_palermo
588726.832085543,7004150.831523452,556.7691545070927,encaixante_palermo
588726.832085543,7004150.831523452,556.7691545070927,encaixante_palermo
588644.1773322574,7004682.16603105,553.5583833346329,encaixante_palermo
588644.1773322574,7004682.16603105,553.5583833346329,encaixante_palermo
588249.0783580579,7005510.87633691,527.6542396343154,encaixante_palermo
588249.0783580579,7005510.87633691,527.6542396343154,encaixante_palermo
588030.4567420108,7006160.425054433,504.9053765562812,encaixante_palermo
587811.8351259637,7006809.973771955,461.432484510187,encaixante_palermo
587811.8351259637,7006809.973771955,461.432484510187,encaixante_palermo
587795.8498473949,7006841.148066174,459.0295675569807,encaixante_palermo
591173.9418873184,7008170.434954001,452.980358706633,encaixante_palermo
591325.7175722633,7007565.627550676,438.8829505659164,encaixante_palermo
591477.4932572083,7006960.820147352,500.4928988501974,encaixante_palermo
591629.2689421532,7006356.012744029,544.2395324481022,encaixante_palermo
591781.0446270981,7005751.205340705,515.7380527703498,encaixante_palermo
591781.0446270981,7005751.205340705,515.7380527703498,encaixante_palermo
592036.4724548832,7005427.958422182,482.842914309876,encaixante_palermo
592036.4724548832,7005427.958422182,482.842914309876,encaixante_palermo
592715.5777341558,7004725.05224585,533.9519535488482,encaixante_palermo
592715.5777341558,7004725.05224585,533.9519535488482,encaixante_palermo
593378.9771862447,7004587.20616963,569.4062097682557,encaixante_palermo
593378.9771862447,7004587.20616963,569.4062097682557,encaixante_palermo
594073.6415965768,7004659.53117056,545.6330678409963,encaixante_palermo
594073.6415965768,7004659.53117056,545.6330678409963,encaixante_palermo
594403.6754767817,7005033.765375645,513.6689938991208,encaixante_palermo
594403.6754767817,7005033.765375645,513.6689938991208,encaixante_palermo
594489.2088439632,7005863.901960177,481.4741828989586,encaixante_palermo
594489.2088439632,7005863.901960177,481.4741828989586,encaixante_palermo
594617.0786740027,7006683.128383508,400.49315147445,encaixante_palermo
586582.582888376,7009491.865982329,431.5314636172757,encaixante_palermo
586590.9613209018,7009510.236114843,435.9335478303142,encaixante_palermo
586590.9613209018,7009510.236114843,435.9335478303142,encaixante_palermo
587392.2671704451,7009216.682553588,461.48544586338943,encaixante_palermo
587392.2671704451,7009216.682553588,461.48544586338943,encaixante_palermo
588063.4063789238,7008713.344688721,444.03215029669695,encaixante_palermo
588063.4063789238,7008713.344688721,444.03215029669695,encaixante_palermo
588781.618406418,7008586.437759735,508.5382377038828,encaixante_palermo
589499.8304339122,7008459.530830748,492.0772350570956,encaixante_palermo
589499.8304339122,7008459.530830748,492.0772350570956,encaixante_palermo
590164.0690582024,7008432.571364523,482.0603649225396,encaixante_palermo
590164.0690582024,7008432.571364523,482.0603649225396,encaixante_palermo
590700.9504950654,7008583.769437201,536.8272833776829,encaixante_palermo
590700.9504950654,7008583.769437201,536.8272833776829,encaixante_palermo
590988.345513717,7008559.495509595,500.5546036576283,encaixante_palermo
590988.345513717,7008559.495509595,500.5546036576283,encaixante_palermo
591173.9418873184,7008170.434954001,452.980358706633,encaixante_palermo
594770.7342425707,7007667.432512217,475.4447697172518,encaixante_palermo
594819.3727382206,7008193.2744406015,509.8766620018352,encaixante_palermo
594868.0112338705,7008719.116368985,595.143609007809,encaixante_palermo
594868.0112338705,7008719.116368985,595.143609007809,encaixante_palermo
594644.1291962813,7009285.583756206,530.7491239164949,encaixante_palermo
594644.1291962813,7009285.583756206,530.7491239164949,encaixante_palermo
594381.1645415192,7009941.292678692,518.8740520012313,encaixante_palermo
594381.1645415192,7009941.292678692,518.8740520012313,encaixante_palermo
594540.1535043787,7010198.911349456,464.5592396874903,encaixante_palermo
594719.3308747901,7007338.162353815,420.0,encaixante_palermo
594770.7342425707,7007667.432512217,475.4447697172518,encaixante_palermo
595078.4859832043,7010184.780552683,481.4208425487528,encaixante_palermo
595275.6220210014,7010144.951521799,506.9671711838181,encaixante_palermo
595275.6220210014,7010144.951521799,506.9671711838181,encaixante_palermo
595792.2498269292,7010251.719568835,545.9565251899261,encaixante_palermo
595792.2498269292,7010251.719568835,545.9565251899261,encaixante_palermo
595992.3453493931,7010460.627577055,464.6376908035701,encaixante_palermo
595992.3453493931,7010460.627577055,464.6376908035701,encaixante_palermo
595972.2738368819,7011075.627392091,503.0014263999425,encaixante_palermo
595952.2023243705,7011690.627207127,515.5547326122144,encaixante_palermo
595952.2023243705,7011690.627207127,515.5547326122144,encaixante_palermo
595689.4169996491,7012368.334580489,503.0824021223745,encaixante_palermo
595689.4169996491,7012368.334580489,503.0824021223745,encaixante_palermo
595291.0400759308,7012918.833644513,451.5355379829928,encaixante_palermo
595308.2358412936,7013247.286962066,447.48896635228886,encaixante_palermo
595688.7191198452,7013564.644255899,557.993166539808,encaixante_palermo
595688.7191198452,7013564.644255899,557.993166539808,encaixante_palermo
595979.7904157874,7014005.695782444,630.1974194082773,encaixante_palermo
595979.7904157874,7014005.695782444,630.1974194082773,encaixante_palermo
595817.7621118124,7014870.885675866,535.1593817124831,encaixante_palermo
595817.7621118124,7014870.885675866,535.1593817124831,encaixante_palermo
595635.4108189177,7015680.869893963,630.4839594921054,encaixante_palermo
595635.4108189177,7015680.869893963,630.4839594921054,encaixante_palermo
595313.7286562843,7016469.936225391,612.8377085348228,encaixante_palermo
595313.7286562843,7016469.936225391,612.8377085348228,encaixante_palermo
595564.6055911031,7016822.351958626,703.9784943108041,encaixante_palermo
595564.6055911031,7016822.351958626,703.9784943108041,encaixante_palermo
595557.3795109813,7017165.956999397,639.2359675970325,encaixante_palermo
595557.3795109813,7017165.956999397,639.2359675970325,encaixante_palermo
595399.8937370456,7017344.42432814,622.5969687651469,encaixante_palermo
595399.8937370456,7017344.42432814,622.5969687651469,encaixante_palermo
594767.0581252244,7017681.362020398,596.4292339224558,encaixante_palermo
594767.0581252244,7017681.362020398,596.4292339224558,encaixante_palermo
594332.9830071029,7018016.984564656,566.7351481227038,encaixante_palermo
594332.9830071029,7018016.984564656,566.7351481227038,encaixante_palermo
594158.0015368501,7018516.929813476,577.4673217224686,encaixante_palermo
594158.0015368501,7018516.929813476,577.4673217224686,encaixante_palermo
594409.5511183175,7018958.102283346,568.8103318771363,encaixante_palermo
594409.5511183175,7018958.102283346,568.8103318771363,encaixante_palermo
594917.3952877729,7019170.299534656,624.57983135791,encaixante_palermo
595425.2394572282,7019382.496785967,641.6376630917839,encaixante_palermo
595425.2394572282,7019382.496785967,641.6376630917839,encaixante_palermo
595973.4366275286,7019666.286546962,713.9142666159474,encaixante_palermo
596521.633797829,7019950.076307957,715.0190853335107,encaixante_palermo
596521.633797829,7019950.076307957,715.0190853335107,encaixante_palermo
596683.0628229375,7020281.1856138725,714.4811499712421,encaixante_palermo
596683.0628229375,7020281.1856138725,714.4811499712421,encaixante_palermo
596488.6970112947,7020814.273903861,626.6857167497616,encaixante_palermo
596488.6970112947,7020814.273903861,626.6857167497616,encaixante_palermo
596570.5981445529,7021145.99539445,635.8257521700016,encaixante_palermo
596570.5981445529,7021145.99539445,635.8257521700016,encaixante_palermo
596952.131719349,7021685.841747804,721.2256354446313,encaixante_palermo
597333.6652941451,7022225.688101159,724.3738951052921,encaixante_palermo
597333.6652941451,7022225.688101159,724.3738951052921,encaixante_palermo
597573.5530969135,7022434.267462708,732.7539434513715,encaixante_palermo
597573.5530969135,7022434.267462708,732.7539434513715,encaixante_palermo
598171.8100841128,7022739.774788805,749.634140385178,encaixante_palermo
598171.8100841128,7022739.774788805,749.634140385178,encaixante_palermo
598352.4948768883,7023004.370444149,728.4092586632357,encaixante_palermo
598352.4948768883,7023004.370444149,728.4092586632357,encaixante_palermo
598554.4784674979,7023423.669036105,641.3310097800137,encaixante_palermo
598554.4784674979,7023423.669036105,641.3310097800137,encaixante_palermo
598790.3032189077,7024363.30609609,741.0843732344837,encaixante_palermo
598790.3032189077,7024363.30609609,741.0843732344837,encaixante_palermo
599063.899947762,7025053.533436033,681.8066967923173,encaixante_palermo
599337.4966766164,7025743.760775976,708.5219296503712,encaixante_palermo
599337.4966766164,7025743.760775976,708.5219296503712,encaixante_palermo
599598.9541260642,7026151.587543394,670.9747059865562,encaixante_palermo
599598.9541260642,7026151.587543394,670.9747059865562,encaixante_palermo
600039.186812831,7026546.791503726,683.2233662775163,encaixante_palermo
600039.186812831,7026546.791503726,683.2233662775163,encaixante_palermo
600795.0624025132,7026651.685948847,714.4311371398222,encaixante_palermo
600795.0624025132,7026651.685948847,714.4311371398222,encaixante_palermo
601140.8507262308,7026416.285856847,660.0504728549068,encaixante_palermo
601140.8507262308,7026416.285856847,660.0504728549068,encaixante_palermo
601355.6519416483,7025956.624910658,753.1924355357907,encaixante_palermo
601570.453157066,7025496.96396447,700.8331673557334,encaixante_palermo
601785.2543724836,7025037.303018281,757.5872622353868,encaixante_palermo
601785.2543724836,7025037.303018281,757.5872622353868,encaixante_palermo
602051.8783659539,7024835.898626681,783.6280428645757,encaixante_palermo
602051.8783659539,7024835.898626681,783.6280428645757,encaixante_palermo
602499.7411501125,7024953.958548814,728.1934503662087,encaixante_palermo
602499.7411501125,7024953.958548814,728.1934503662087,encaixante_palermo
602939.3960749069,7025271.736981148,719.5804547794716,encaixante_palermo
602939.3960749069,7025271.736981148,719.5804547794716,encaixante_palermo
603370.1168599256,7025637.577855118,763.0336604957728,encaixante_palermo
603800.8376449442,7026003.418729088,705.040905648258,encaixante_palermo
604231.5584299627,7026369.259603058,694.9091710106786,encaixante_palermo
604662.2792149814,7026735.100477029,696.1231666940294,encaixante_palermo
605093.0,7027100.941350998,636.6384248684935,encaixante_palermo
597974.110091923,7031159.0,584.7607879769988,encaixante_palermo
597769.1200380216,7030984.469772868,601.1063748595636,encaixante_palermo
597769.1200380216,7030984.469772868,601.1063748595636,encaixante_palermo
597566.7100104952,7030520.793026911,610.0947308669585,encaixante_palermo
597566.7100104952,7030520.793026911,610.0947308669585,encaixante_palermo
597227.522543439,7030357.345675236,590.593650142607,encaixante_palermo
597227.522543439,7030357.345675236,590.593650142607,encaixante_palermo
596715.6680381254,7030339.088447189,595.9104455141577,encaixante_palermo
596203.8135328117,7030320.831219142,592.0928570763787,encaixante_palermo
596203.8135328117,7030320.831219142,592.0928570763787,encaixante_palermo
595738.2854419636,7030512.6278627,598.3827932930368,encaixante_palermo
595738.2854419636,7030512.6278627,598.3827932930368,encaixante_palermo
595184.1288325402,7030815.998962455,585.133789409809,encaixante_palermo
595184.1288325402,7030815.998962455,585.133789409809,encaixante_palermo
594718.7346722946,7031029.9400064,566.0775653314955,encaixante_palermo
594718.7346722946,7031029.9400064,566.0775653314955,encaixante_palermo
594604.6863755354,7031159.0,600.7529279372283,encaixante_palermo
594052.3314773461,7031159.0,586.9481037851026,encaixante_irati
594142.7292980631,7031078.623042316,595.6985034545069,encaixante_irati
594142.7292980631,7031078.623042316,595.6985034545069,encaixante_irati
594685.6615805204,7030603.70509086,597.5421877303913,encaixante_irati
595228.5938629778,7030128.787139403,619.3357323432297,encaixante_irati
595228.5938629778,7030128.787139403,619.3357323432297,encaixante_irati
595555.521667601,7030004.614569867,645.1628610248172,encaixante_irati
595555.521667601,7030004.614569867,645.1628610248172,encaixante_irati
596124.2467493612,7029983.612568131,604.0010558056263,encaixante_irati
596692.9718311212,7029962.6105663935,593.7907474043867,encaixante_irati
597261.6969128815,7029941.608564656,616.8798772700843,encaixante_irati
597830.4219946417,7029920.60656292,628.8022224860205,encaixante_irati
597830.4219946417,7029920.60656292,628.8022224860205,encaixante_irati
598191.1290973083,7030316.704376802,650.483382404888,encaixante_irati
598191.1290973083,7030316.704376802,650.483382404888,encaixante_irati
598623.4787373531,7030737.852188401,661.0962787253252,encaixante_irati
599055.8283773978,7031159.0,665.8967549516674,encaixante_irati
600765.1066628074,7031159.0,688.6179574248697,encaixante_irati
601037.5885116374,7030881.158477942,707.6671696585031,encaixante_irati
601037.5885116374,7030881.158477942,707.6671696585031,encaixante_irati
601360.8285204741,7030773.55507618,658.9890490865926,encaixante_irati
601360.8285204741,7030773.55507618,658.9890490865926,encaixante_irati
601991.4987549763,7030667.685395271,748.3831113988028,encaixante_irati
601991.4987549763,7030667.685395271,748.3831113988028,encaixante_irati
602712.890798696,7030601.611639384,802.0151234490748,encaixante_irati
602712.890798696,7030601.611639384,802.0151234490748,encaixante_irati
603104.7819930296,7030588.389626271,830.5703795316095,encaixante_irati
602879.6846877859,7026059.787657324,828.7382714925379,encaixante_irati
602746.5540493962,7025993.3816987965,798.0317366898861,encaixante_irati
602746.5540493962,7025993.3816987965,798.0317366898861,encaixante_irati
602584.4446504903,7025606.991790246,731.2313399893596,encaixante_irati
602584.4446504903,7025606.991790246,731.2313399893596,encaixante_irati
602354.8919869495,7025475.750393594,739.147595603796,encaixante_irati
602354.8919869495,7025475.750393594,739.147595603796,encaixante_irati
602127.8730728474,7025632.68021246,765.9617918202812,encaixante_irati
602127.8730728474,7025632.68021246,765.9617918202812,encaixante_irati
602094.4713459847,7026419.573027859,749.4108071664717,encaixante_irati
602094.4713459847,7026419.573027859,749.4108071664717,encaixante_irati
601770.4738078412,7026887.45042249,760.0,encaixante_irati
601770.4738078412,7026887.45042249,760.0,encaixante_irati
601008.6341564103,7027270.309820352,764.9999999999999,encaixante_irati
601008.6341564103,7027270.309820352,764.9999999999999,encaixante_irati
600332.295623767,7027175.973297902,791.0927295618499,encaixante_irati
599655.9570911237,7027081.636775453,776.4458565222997,encaixante_irati
599655.9570911237,7027081.636775453,776.4458565222997,encaixante_irati
599280.4657720693,7026702.383897248,762.8531909682774,encaixante_irati
598904.9744530149,7026323.131019043,748.4495489576119,encaixante_irati
598904.9744530149,7026323.131019043,748.4495489576119,encaixante_irati
598473.8729390395,7025805.906229086,765.9693006940732,encaixante_irati
598473.8729390395,7025805.906229086,765.9693006940732,encaixante_irati
598395.4301441088,7025307.993173195,746.4094053220904,encaixante_irati
598316.9873491783,7024810.080117304,727.3164753749268,encaixante_irati
598316.9873491783,7024810.080117304,727.3164753749268,encaixante_irati
597955.4778041946,7024292.295163013,747.0789478694388,encaixante_irati
597955.4778041946,7024292.295163013,747.0789478694388,encaixante_irati
598040.6487204997,7023748.839687498,730.9066063029702,encaixante_irati
598125.8196368049,7023205.384211984,729.0022549427774,encaixante_irati
598125.8196368049,7023205.384211984,729.0022549427774,encaixante_irati
597497.8931287169,7022911.302451961,750.4740400991525,encaixante_irati
597497.8931287169,7022911.302451961,750.4740400991525,encaixante_irati
596958.8838136916,7022560.92559476,753.0436303721423,encaixante_irati
596419.8744986661,7022210.54873756,704.3221331284967,encaixante_irati
596419.8744986661,7022210.54873756,704.3221331284967,encaixante_irati
596046.4454430769,7021427.008583775,717.4192922378973,encaixante_irati
596046.4454430769,7021427.008583775,717.4192922378973,encaixante_irati
595686.8950544792,7021141.772444939,741.5544723594275,encaixante_irati
595686.8950544792,7021141.772444939,741.5544723594275,encaixante_irati
595792.107288305,7020609.167495595,695.0,encaixante_irati
595792.107288305,7020609.167495595,695.0,encaixante_irati
595988.7004878405,7020364.054961862,714.3535987504858,encaixante_irati
595988.7004878405,7020364.054961862,714.3535987504858,encaixante_irati
595906.6495537156,7020010.146329349,730.0,encaixante_irati
595906.6495537156,7020010.146329349,730.0,encaixante_irati
595130.2499997284,7019761.244873902,681.528566012392,encaixante_irati
595130.2499997284,7019761.244873902,681.528566012392,encaixante_irati
594553.7360419634,7019660.36829193,669.6994353817626,encaixante_irati
593977.2220841985,7019559.491709959,706.1043260132944,encaixante_irati
593977.2220841985,7019559.491709959,706.1043260132944,encaixante_irati
593657.9240471914,7019351.439906165,702.1159184562158,encaixante_irati
593657.9240471914,7019351.439906165,702.1159184562158,encaixante_irati
593589.4763145968,7018831.24197053,659.1750115491589,encaixante_irati
593521.0285820024,7018311.044034895,634.0733774555927,encaixante_irati
593521.0285820024,7018311.044034895,634.0733774555927,encaixante_irati
593656.1101971688,7017789.432899154,653.1605085486458,encaixante_irati
593656.1101971688,7017789.432899154,653.1605085486458,encaixante_irati
594294.9314958222,7017590.776570506,598.867276792551,encaixante_irati
594933.7527944755,7017392.120241858,627.8871027421682,encaixante_irati
594933.7527944755,7017392.120241858,627.8871027421682,encaixante_irati
595100.2503261601,7017102.877351329,668.399493397289,encaixante_irati
595100.2503261601,7017102.877351329,668.399493397289,encaixante_irati
594999.0369839898,7016837.8479518965,718.6871953759277,encaixante_irati
594999.0369839898,7016837.8479518965,718.6871953759277,encaixante_irati
594489.2355576423,7016365.253073946,637.7916756382264,encaixante_irati
594489.2355576423,7016365.253073946,637.7916756382264,encaixante_irati
594912.3977202149,7015896.806449918,693.0059689248167,encaixante_irati
594912.3977202149,7015896.806449918,693.0059689248167,encaixante_irati
595050.9198523551,7015400.994466663,735.0652327542809,encaixante_irati
595189.4419844954,7014905.1824834095,677.2021103470602,encaixante_irati
595327.9641166356,7014409.370500155,680.9193161051721,encaixante_irati
595327.9641166356,7014409.370500155,680.9193161051721,encaixante_irati
595265.6470103493,7014055.30685468,639.6863952564117,encaixante_irati
595265.6470103493,7014055.30685468,639.6863952564117,encaixante_irati
594695.7750694848,7013934.099255174,582.3500286112364,encaixante_irati
594125.9031286205,7013812.891655669,550.6234214064551,encaixante_irati
593556.031187756,7013691.684056163,506.1473409371596,encaixante_irati
593556.031187756,7013691.684056163,506.1473409371596,encaixante_irati
593157.586843292,7013484.214786004,526.7036608478543,encaixante_irati
593157.586843292,7013484.214786004,526.7036608478543,encaixante_irati
593215.3060177083,7013228.975556672,570.7878503079858,encaixante_irati
593215.3060177083,7013228.975556672,570.7878503079858,encaixante_irati
593729.3760163191,7012981.409324163,575.8693870089569,encaixante_irati
594243.44601493,7012733.843091654,593.7269828283914,encaixante_irati
594243.44601493,7012733.843091654,593.7269828283914,encaixante_irati
594926.2068701008,7012473.873219853,567.318602747897,encaixante_irati
594926.2068701008,7012473.873219853,567.318602747897,encaixante_irati
595201.8246122189,7012183.796610775,604.3077749048598,encaixante_irati
595201.8246122189,7012183.796610775,604.3077749048598,encaixante_irati
595366.7214730885,7011695.103005443,650.9333112145982,encaixante_irati
595366.7214730885,7011695.103005443,650.9333112145982,encaixante_irati
595491.7183563616,7011162.340851073,626.056969360429,encaixante_irati
595491.7183563616,7011162.340851073,626.056969360429,encaixante_irati
595260.9012311344,7010820.75935371,635.0,encaixante_irati
595260.9012311344,7010820.75935371,635.0,encaixante_irati
594676.9927487911,7011002.461839816,581.5552519947661,encaixante_irati
594676.9927487911,7011002.461839816,581.5552519947661,encaixante_irati
594142.4777810324,7011161.579671876,549.5011676191472,encaixante_irati
594142.4777810324,7011161.579671876,549.5011676191472,encaixante_irati
593635.0047763408,7010965.934427051,664.7285953743856,encaixante_irati
593635.0047763408,7010965.934427051,664.7285953743856,encaixante_irati
593650.2051358512,7010367.670254948,680.2397324994191,encaixante_irati
593650.2051358512,7010367.670254948,680.2397324994191,encaixante_irati
594052.5910943787,7009777.486020699,635.0004473404125,encaixante_irati
594052.5910943787,7009777.486020699,635.0004473404125,encaixante_irati
594286.1800997443,7009188.7725542765,638.9710141182147,encaixante_irati
594286.1800997443,7009188.7725542765,638.9710141182147,encaixante_irati
594339.0030490085,7008291.038800346,647.2272762996532,encaixante_irati
594339.0030490085,7008291.038800346,647.2272762996532,encaixante_irati
594310.166125203,7007753.9533315245,512.5211326323467,encaixante_irati
594281.3292013975,7007216.867862703,473.3069278303267,encaixante_irati
594281.3292013975,7007216.867862703,473.3069278303267,encaixante_irati
594315.114872855,7006430.20128474,483.8769203059626,encaixante_irati
594315.114872855,7006430.20128474,483.8769203059626,encaixante_irati
594142.193280536,7005861.028821196,555.5434831590894,encaixante_irati
593969.2716882171,7005291.856357653,627.7327832784803,encaixante_irati
593969.2716882171,7005291.856357653,627.7327832784803,encaixante_irati
593541.4476624667,7005117.799856437,664.5100844450126,encaixante_irati
593541.4476624667,7005117.799856437,664.5100844450126,encaixante_irati
592799.2694919934,7005322.794896191,612.1037958968051,encaixante_irati
592799.2694919934,7005322.794896191,612.1037958968051,encaixante_irati
592347.365536433,7005879.92827269,592.0784954495848,encaixante_irati
592347.365536433,7005879.92827269,592.0784954495848,encaixante_irati
592083.1355529582,7006369.31716196,607.0325233870699,encaixante_irati
592083.1355529582,7006369.31716196,607.0325233870699,encaixante_irati
591979.299340348,7007090.144998173,579.5045519529474,encaixante_irati
591979.299340348,7007090.144998173,579.5045519529474,encaixante_irati
591830.1586802484,7007711.57571649,508.9716057874966,encaixante_irati
591681.0180201489,7008333.006434808,513.1887560173293,encaixante_irati
591681.0180201489,7008333.006434808,513.1887560173293,encaixante_irati
591495.5148653174,7008733.061108451,548.4211189921554,encaixante_irati
591495.5148653174,7008733.061108451,548.4211189921554,encaixante_irati
591219.6517196122,7008989.887111468,579.5924035109163,encaixante_irati
591219.6517196122,7008989.887111468,579.5924035109163,encaixante_irati
590764.4559055077,7009148.283493163,602.3216450779234,encaixante_irati
590764.4559055077,7009148.283493163,602.3216450779234,encaixante_irati
590168.5438900074,7009052.869915279,554.859894457381,encaixante_irati
590168.5438900074,7009052.869915279,554.859894457381,encaixante_irati
589666.1535688896,7009078.648296556,573.0660745284949,encaixante_irati
589163.7632477718,7009104.426677832,583.410957621446,encaixante_irati
588661.372926654,7009130.205059109,544.2607915750167,encaixante_irati
588661.372926654,7009130.205059109,544.2607915750167,encaixante_irati
588334.7012065869,7009221.045343467,496.9967854586977,encaixante_irati
588334.7012065869,7009221.045343467,496.9967854586977,encaixante_irati
587806.8442563801,7009629.041850541,531.193362823138,encaixante_irati
587278.9873061732,7010037.038357616,545.171937938574,encaixante_irati
587278.9873061732,7010037.038357616,545.171937938574,encaixante_irati
586794.4646682693,7010262.045538363,576.5875371109075,encaixante_irati
586794.4646682693,7010262.045538363,576.5875371109075,encaixante_irati
586199.6827129246,7010332.712855178,523.3940892926342,encaixante_irati
586199.6827129246,7010332.712855178,523.3940892926342,encaixante_irati
585676.0400549375,7010624.287515311,548.4157751040867,encaixante_irati
585676.0400549375,7010624.287515311,548.4157751040867,encaixante_irati
585180.2306672347,7010671.831522945,530.876143654342,encaixante_irati
585180.2306672347,7010671.831522945,530.876143654342,encaixante_irati
584993.2045562529,7010465.835580256,476.0722203404797,encaixante_irati
585269.0586614917,7009475.321770784,479.7731223846057,encaixante_irati
585672.4436931439,7008663.6198036205,492.6867069127762,encaixante_irati
585672.4436931439,7008663.6198036205,492.6867069127762,encaixante_irati
585969.6719810583,7008137.239111022,481.1294872613,encaixante_irati
586266.9002689727,7007610.858418425,519.963431564492,encaixante_irati
586564.1285568872,7007084.477725826,558.5421494410152,encaixante_irati
586564.1285568872,7007084.477725826,558.5421494410152,encaixante_irati
586901.6517315222,7006634.7798516415,512.8177425265595,encaixante_irati
587239.1749061572,7006185.081977457,562.6838299878776,encaixante_irati
587576.6980807921,7005735.384103271,702.4982352437546,encaixante_irati
587914.2212554271,7005285.686229087,737.8221273625247,encaixante_irati
587914.2212554271,7005285.686229087,737.8221273625247,encaixante_irati
588131.2535115762,7004830.632008458,713.4372812372442,encaixante_irati
588348.2857677254,7004375.57778783,568.0299826137243,encaixante_irati
588348.2857677254,7004375.57778783,568.0299826137243,encaixante_irati
588466.583716034,7003988.72271323,541.9526807786566,encaixante_irati
588466.583716034,7003988.72271323,541.9526807786566,encaixante_irati
588562.5999584463,7003581.106943572,519.4850915548501,encaixante_irati
588562.5999584463,7003581.106943572,519.4850915548501,encaixante_irati
588423.0027758647,7003006.062921882,531.1057428396603,encaixante_irati
588283.405593283,7002431.018900191,439.4320642500139,encaixante_irati
588143.8084107013,7001855.9748785,518.0479887816398,encaixante_irati
588143.8084107013,7001855.9748785,518.0479887816398,encaixante_irati
588279.4543865256,7001411.949986771,538.6003532851848,encaixante_irati
588279.4543865256,7001411.949986771,538.6003532851848,encaixante_irati
588860.3046328605,7000853.83109525,615.3180983538068,encaixante_irati
588860.3046328605,7000853.83109525,615.3180983538068,encaixante_irati
589126.831216371,7000685.856808117,635.4656427080829,encaixante_irati
589126.831216371,7000685.856808117,635.4656427080829,encaixante_irati
589610.8881013382,7000455.242423115,649.622477852759,encaixante_irati
590094.9449863052,7000224.628038114,630.0,encaixante_irati
590094.9449863052,7000224.628038114,630.0,encaixante_irati
590270.6033407464,6999835.645093449,606.4447087558148,encaixante_irati
590270.6033407464,6999835.645093449,606.4447087558148,encaixante_irati
590278.0263429768,6999503.448260557,616.7073344261222,encaixante_irati
590278.0263429768,6999503.448260557,616.7073344261222,encaixante_irati
590176.4001693497,6999149.645083331,632.177518438807,encaixante_irati
590176.4001693497,6999149.645083331,632.177518438807,encaixante_irati
589945.7792108175,6998785.786690192,643.614405417123,encaixante_irati
589945.7792108175,6998785.786690192,643.614405417123,encaixante_irati
589583.1747778078,6997968.607946628,624.4548343355046,encaixante_irati
589583.1747778078,6997968.607946628,624.4548343355046,encaixante_irati
589748.956314001,6997601.8870318215,610.0,encaixante_irati
589748.956314001,6997601.8870318215,610.0,encaixante_irati
590142.9927220426,6997277.670934206,625.9130412056481,encaixante_irati
590142.9927220426,6997277.670934206,625.9130412056481,encaixante_irati
590806.0975508658,6997151.147642003,639.3380370438799,encaixante_irati
590806.0975508658,6997151.147642003,639.3380370438799,encaixante_irati
591332.239214755,6997280.186142271,633.7136242307228,encaixante_irati
591858.3808786442,6997409.224642539,666.8340513552434,encaixante_irati
591858.3808786442,6997409.224642539,666.8340513552434,encaixante_irati
592266.8912816164,6997705.275118281,660.0,encaixante_irati
592675.4016845888,6998001.325594023,674.5631220515681,encaixante_irati
592675.4016845888,6998001.325594023,674.5631220515681,encaixante_irati
593187.3092901574,6998418.441712236,675.1168151826859,encaixante_irati
593699.2168957259,6998835.55783045,667.6333229185392,encaixante_irati
594211.1245012946,6999252.673948663,678.3854124017075,encaixante_irati
594211.1245012946,6999252.673948663,678.3854124017075,encaixante_irati
594617.9853135766,6999304.947229132,692.7703914996889,encaixante_irati
594617.9853135766,6999304.947229132,692.7703914996889,encaixante_irati
594924.6743526662,6999236.268190218,696.9452420993568,encaixante_irati
594924.6743526662,6999236.268190218,696.9452420993568,encaixante_irati
595001.8734821503,6998947.48001511,660.1618518049355,encaixante_irati
595001.8734821503,6998947.48001511,660.1618518049355,encaixante_irati
594801.0440405491,6998616.863046791,655.6218788709481,encaixante_irati
594801.0440405491,6998616.863046791,655.6218788709481,encaixante_irati
594511.8636488835,6998375.233219489,659.3466281081271,encaixante_irati
594511.8636488835,6998375.233219489,659.3466281081271,encaixante_irati
594181.3251815435,6997923.5671059145,649.0704212945665,encaixante_irati
593850.7867142034,6997471.90099234,613.7956289358588,encaixante_irati
593850.7867142034,6997471.90099234,613.7956289358588,encaixante_irati
593589.9941485362,6997052.976139548,609.8042946288082,encaixante_irati
593589.9941485362,6997052.976139548,609.8042946288082,encaixante_irati
593498.4515514511,6996743.491223046,628.1262936155042,encaixante_irati
593498.4515514511,6996743.491223046,628.1262936155042,encaixante_irati
593303.14023153,6995803.23952301,632.1610347303096,encaixante_irati
593303.14023153,6995803.23952301,632.1610347303096,encaixante_irati
592548.3952299758,6995565.26252847,540.0,encaixante_irati
592548.3952299758,6995565.26252847,540.0,encaixante_irati
592043.787152262,6995668.736341679,500.0,encaixante_irati
592043.787152262,6995668.736341679,500.0,encaixante_irati
591350.368566842,6995695.823379692,495.0,encaixante_irati
591350.368566842,6995695.823379692,495.0,encaixante_irati
590993.3191976115,6995665.268810982,580.0,encaixante_irati
590993.3191976115,6995665.268810982,580.0,encaixante_irati
590754.2008976436,6995478.758362701,590.0,encaixante_irati
590754.2008976436,6995478.758362701,590.0,encaixante_irati
590738.0669443425,6994614.706362584,590.0,encaixante_irati
590738.0669443425,6994614.706362584,590.0,encaixante_irati
590662.9783071834,6993828.837922303,590.0,encaixante_irati
590662.9783071834,6993828.837922303,590.0,encaixante_irati
590452.0334424136,6993431.673328615,620.0,encaixante_irati
590452.0334424136,6993431.673328615,620.0,encaixante_irati
589890.7108803543,6993219.692331165,670.0,encaixante_irati
589329.3883182951,6993007.711333714,780.0,encaixante_irati
589329.3883182951,6993007.711333714,780.0,encaixante_irati
589294.7125489276,6992965.0,780.0,encaixante_irati
604224.1421107006,7027268.545336496,803.4871718207669,encaixante_irati
603795.7804720177,7026748.999852352,786.6458291828466,encaixante_irati
603795.7804720177,7026748.999852352,786.6458291828466,encaixante_irati
603205.4156958613,7026222.254434491,793.9747156673935,encaixante_irati
603205.4156958613,7026222.254434491,793.9747156673935,encaixante_irati
603061.1553062999,7026150.302400759,806.8780341893311,encaixante_irati
605093.0,7028322.181397881,831.0354628497821,encaixante_irati
605020.442790309,7028234.202761538,826.8777206380664,encaixante_irati
603180.9940266246,7030585.816939119,832.4776679961776,encaixante_irati
603497.7160832462,7030575.120241299,805.1937986476024,encaixante_irati
603497.7160832462,7030575.120241299,805.1937986476024,encaixante_irati
603997.6896336551,7030757.360622233,700.9433895389304,encaixante_irati
603997.6896336551,7030757.360622233,700.9433895389304,encaixante_irati
604545.3448168276,7030766.776500941,747.8956175440013,encaixante_irati
605093.0,7030776.19237965,759.4190893329779,encaixante_irati
584830.2844588902,7016695.576810965,546.2540750930011,encaixante_serra_alta
584842.8630905973,7016681.939641498,549.0967226681353,encaixante_serra_alta
584842.8630905973,7016681.939641498,549.0967226681353,encaixante_serra_alta
585021.3120707904,7016488.468390164,599.1873072207622,encaixante_serra_alta
585021.3120707904,7016488.468390164,599.1873072207622,encaixante_serra_alta
584829.5191033112,7016013.451730266,586.6835927673837,encaixante_serra_alta
584829.5191033112,7016013.451730266,586.6835927673837,encaixante_serra_alta
584636.5235735178,7015960.124900278,577.651772039143,encaixante_serra_alta
584636.5235735178,7015960.124900278,577.651772039143,encaixante_serra_alta
584126.491779007,7015819.169053609,614.5423557761907,encaixante_serra_alta
583616.4599844962,7015678.213206939,574.9376259010359,encaixante_serra_alta
583616.4599844962,7015678.213206939,574.9376259010359,encaixante_serra_alta
583159.5700384306,7014989.422490466,549.990471642056,encaixante_serra_alta
583159.5700384306,7014989.422490466,549.990471642056,encaixante_serra_alta
583075.126981997,7014862.109380455,568.478687161107,encaixante_serra_alta
583075.126981997,7014862.109380455,568.478687161107,encaixante_serra_alta
583041.9791095398,7014352.783110564,630.0,encaixante_serra_alta
583041.9791095398,7014352.783110564,630.0,encaixante_serra_alta
583083.5393952276,7013966.710749839,632.3438568081389,encaixante_serra_alta
583083.5393952276,7013966.710749839,632.3438568081389,encaixante_serra_alta
583098.0629033175,7013831.787622174,649.370610077243,encaixante_serra_alta
583098.0629033175,7013831.787622174,649.370610077243,encaixante_serra_alta
583141.6880224658,7013764.409779618,660.4415470885803,encaixante_serra_alta
583141.6880224658,7013764.409779618,660.4415470885803,encaixante_serra_alta
583422.1874250949,7013331.162650918,670.0,encaixante_serra_alta
583422.1874250949,7013331.162650918,670.0,encaixante_serra_alta
584023.7984521391,7012784.360114108,735.7565574127424,encaixante_serra_alta
584023.7984521391,7012784.360114108,735.7565574127424,encaixante_serra_alta
584148.2386898038,7012107.818078283,569.7723987197268,encaixante_serra_alta
584148.2386898038,7012107.818078283,569.7723987197268,encaixante_serra_alta
584335.6970315085,7011951.47600184,535.5494638643934,encaixante_serra_alta
584335.6970315085,7011951.47600184,535.5494638643934,encaixante_serra_alta
584513.9647023038,7012096.124341704,578.9855973634859,encaixante_serra_alta
584513.9647023038,7012096.124341704,578.9855973634859,encaixante_serra_alta
584525.2601601281,7012105.2814816525,581.4078585681928,encaixante_serra_alta
584525.2601601281,7012105.2814816525,581.4078585681928,encaixante_serra_alta
584883.0863293102,7012202.550164001,723.3113431793208,encaixante_serra_alta
584883.0863293102,7012202.550164001,723.3113431793208,encaixante_serra_alta
585374.6577535565,7012441.546270882,745.190388179163,encaixante_serra_alta
587623.5464379205,7013902.095504227,812.6680657752706,encaixante_serra_alta
587821.8480985536,7013888.170324386,753.516662746961,encaixante_serra_alta
587821.8480985536,7013888.170324386,753.516662746961,encaixante_serra_alta
587985.7087226273,7013200.230819174,811.4926597658948,encaixante_serra_alta
587985.7087226273,7013200.230819174,811.4926597658948,encaixante_serra_alta
587921.7890888389,7012940.719492094,795.2051562772951,encaixante_serra_alta
587921.7890888389,7012940.719492094,795.2051562772951,encaixante_serra_alta
587903.9980841425,7012868.487189029,772.9923451379337,encaixante_serra_alta
587903.9980841425,7012868.487189029,772.9923451379337,encaixante_serra_alta
587801.0686240187,7012676.253381599,712.5401043738866,encaixante_serra_alta
587801.0686240187,7012676.253381599,712.5401043738866,encaixante_serra_alta
587515.7488213298,7012143.323090989,685.9781688443827,encaixante_serra_alta
587230.4290186409,7011610.39280038,720.4142810204803,encaixante_serra_alta
587230.4290186409,7011610.39280038,720.4142810204803,encaixante_serra_alta
587296.1654338375,7011078.226005149,651.9577295267359,encaixante_serra_alta
587296.1654338375,7011078.226005149,651.9577295267359,encaixante_serra_alta
587849.1455687775,7010708.804721672,655.7825388316376,encaixante_serra_alta
587849.1455687775,7010708.804721672,655.7825388316376,encaixante_serra_alta
588542.5406185269,7010559.910550554,656.3421784172717,encaixante_serra_alta
588542.5406185269,7010559.910550554,656.3421784172717,encaixante_serra_alta
589165.8486931482,7010322.858686855,660.436744031342,encaixante_serra_alta
589165.8486931482,7010322.858686855,660.436744031342,encaixante_serra_alta
589741.6183627583,7010114.109338878,669.9806208991495,encaixante_serra_alta
589741.6183627583,7010114.109338878,669.9806208991495,encaixante_serra_alta
589789.2135639813,7010096.8518379815,668.9539015664858,encaixante_serra_alta
589789.2135639813,7010096.8518379815,668.9539015664858,encaixante_serra_alta
589949.0419480763,7010072.306323578,670.3035350715945,encaixante_serra_alta
589949.0419480763,7010072.306323578,670.3035350715945,encaixante_serra_alta
590621.5907174125,7009968.996407207,689.6902979025361,encaixante_serra_alta
590621.5907174125,7009968.996407207,689.6902979025361,encaixante_serra_alta
591235.1560438441,7009765.141617415,660.8355396385793,encaixante_serra_alta
591235.1560438441,7009765.141617415,660.8355396385793,encaixante_serra_alta
591669.2601987981,7009440.721487268,658.3861689703303,encaixante_serra_alta
591669.2601987981,7009440.721487268,658.3861689703303,encaixante_serra_alta
592121.0575134704,7008828.141457466,579.3824190024432,encaixante_serra_alta
592121.0575134704,7008828.141457466,579.3824190024432,encaixante_serra_alta
592354.2792592894,7008172.850543105,625.1690688763191,encaixante_serra_alta
592354.2792592894,7008172.850543105,625.1690688763191,encaixante_serra_alta
592480.556109083,7007262.001556497,675.0565476186079,encaixante_serra_alta
592480.556109083,7007262.001556497,675.0565476186079,encaixante_serra_alta
592498.1405075669,7007135.1509061735,683.4102707723073,encaixante_serra_alta
592813.8074270339,7005987.970483528,669.5683054169978,encaixante_serra_alta
592814.1411561114,7005987.17759805,669.5029816040828,encaixante_serra_alta
592814.1411561114,7005987.17759805,669.5029816040828,encaixante_serra_alta
592815.5928874539,7005986.139001168,669.7542437311233,encaixante_serra_alta
593660.0842409127,7005670.040767155,654.0165322551832,encaixante_serra_alta
593684.4718301194,7005670.506321072,648.3367988713471,encaixante_serra_alta
593684.4718301194,7005670.506321072,648.3367988713471,encaixante_serra_alta
593629.2071906085,7006235.874721415,663.5451282962939,encaixante_serra_alta
593573.9425510976,7006801.243121758,664.6048269376795,encaixante_serra_alta
593573.9425510976,7006801.243121758,664.6048269376795,encaixante_serra_alta
593751.4084069068,7007320.55458844,572.7548541060189,encaixante_serra_alta
593928.8742627158,7007839.866055122,538.5056645272058,encaixante_serra_alta
593928.8742627158,7007839.866055122,538.5056645272058,encaixante_serra_alta
593944.1416119566,7007970.570708974,567.8727288063471,encaixante_serra_alta
593944.1416119566,7007970.570708974,567.8727288063471,encaixante_serra_alta
594006.650188101,7008504.990799934,760.6075422430035,encaixante_serra_alta
593941.9253267703,7008948.37730108,752.8561917196309,encaixante_serra_alta
593751.8215869751,7009358.862485912,749.1981743957975,encaixante_serra_alta
593751.8215869751,7009358.862485912,749.1981743957975,encaixante_serra_alta
593584.9607467641,7009942.786825587,713.3515093827277,encaixante_serra_alta
593584.9607467641,7009942.786825587,713.3515093827277,encaixante_serra_alta
593548.8133045019,7010069.292513964,720.2732677758668,encaixante_serra_alta
593548.8133045019,7010069.292513964,720.2732677758668,encaixante_serra_alta
593490.977061407,7010149.769917918,746.9862356717767,encaixante_serra_alta
592815.994820062,7011109.0059390105,809.3354344918372,encaixante_serra_alta
592845.6704069247,7011234.053772325,749.98622368534,encaixante_serra_alta
592845.6704069247,7011234.053772325,749.98622368534,encaixante_serra_alta
592914.8031301436,7011525.164004441,711.7879342130149,encaixante_serra_alta
592914.8031301436,7011525.164004441,711.7879342130149,encaixante_serra_alta
592912.6994831171,7011548.096119486,719.4557111234578,encaixante_serra_alta
592912.6994831171,7011548.096119486,719.4557111234578,encaixante_serra_alta
592893.5775735402,7011756.836974587,803.3427682984685,encaixante_serra_alta
592699.1369592712,7012442.392215856,828.2172076400524,encaixante_serra_alta
592647.676073428,7012530.037937481,814.5028664017877,encaixante_serra_alta
592647.676073428,7012530.037937481,814.5028664017877,encaixante_serra_alta
592230.3759038978,7012892.747720512,821.4495883282023,encaixante_serra_alta
592230.3759038978,7012892.747720512,821.4495883282023,encaixante_serra_alta
592171.6410109687,7012968.83306833,821.5275224436641,encaixante_serra_alta
592171.6410109687,7012968.83306833,821.5275224436641,encaixante_serra_alta
592023.9562457829,7013160.247221554,815.237576726436,encaixante_serra_alta
592023.9562457829,7013160.247221554,815.237576726436,encaixante_serra_alta
591949.0527599655,7013758.934950884,693.3950889855907,encaixante_serra_alta
591949.0527599655,7013758.934950884,693.3950889855907,encaixante_serra_alta
592149.1473468522,7013990.006398187,651.1619824931502,encaixante_serra_alta
592149.1473468522,7013990.006398187,651.1619824931502,encaixante_serra_alta
592447.5701366232,7014087.503498221,627.2478396389589,encaixante_serra_alta
592447.5701366232,7014087.503498221,627.2478396389589,encaixante_serra_alta
592990.304464383,7014120.386998981,634.5375426630842,encaixante_serra_alta
593533.0387921428,7014153.270499743,555.6243530059429,encaixante_serra_alta
594075.7731199026,7014186.154000503,611.3339564454657,encaixante_serra_alta
594075.7731199026,7014186.154000503,611.3339564454657,encaixante_serra_alta
594075.8386792868,7014186.2085989285,611.3413065925872,encaixante_serra_alta
594075.8386792868,7014186.2085989285,611.3413065925872,encaixante_serra_alta
594445.2662163937,7014493.54169739,698.7062021178407,encaixante_serra_alta
594445.2662163937,7014493.54169739,698.7062021178407,encaixante_serra_alta
594485.0805716616,7014826.364069136,786.242137546835,encaixante_serra_alta
594485.0805716616,7014826.364069136,786.242137546835,encaixante_serra_alta
594487.3787924731,7014845.574241562,795.3542340922754,encaixante_serra_alta
593784.0878215949,7016177.607777579,823.2612461042402,encaixante_serra_alta
593735.2026454005,7016415.283531647,730.1220465924844,encaixante_serra_alta
593735.2026454005,7016415.283531647,730.1220465924844,encaixante_serra_alta
593604.8633135735,7016712.269211873,800.3498010152233,encaixante_serra_alta
593401.1361878183,7017001.773084177,816.979523729233,encaixante_serra_alta
593273.8734600397,7017105.608825587,808.9263298403755,encaixante_serra_alta
593273.8734600397,7017105.608825587,808.9263298403755,encaixante_serra_alta
593164.6081623272,7017131.852481561,843.8600437481583,encaixante_serra_alta
592673.902666734,7017407.815443996,845.7487387390203,encaixante_serra_alta
592555.3651828099,7017587.070412718,852.9600790736132,encaixante_serra_alta
591756.2945089273,7017837.066495825,779.0559495991226,encaixante_serra_alta
591366.0513259614,7017932.692031221,767.7551125156136,encaixante_serra_alta
591366.0513259614,7017932.692031221,767.7551125156136,encaixante_serra_alta
591245.2704327297,7017962.299553568,809.452863132426,encaixante_serra_alta
591245.2704327297,7017962.299553568,809.452863132426,encaixante_serra_alta
591186.337825609,7018094.287149897,869.7161415863657,encaixante_serra_alta
591186.337825609,7018094.287149897,869.7161415863657,encaixante_serra_alta
590952.3419616509,7018618.411749908,870.271872117671,encaixante_serra_alta
590949.0315136773,7018625.826476809,869.5356141612172,encaixante_serra_alta
590932.6843401482,7018662.440156359,860.8930403837793,encaixante_serra_alta
590932.6843401482,7018662.440156359,860.8930403837793,encaixante_serra_alta
590915.6495030011,7018827.573518736,822.7271089996424,encaixante_serra_alta
590915.6495030011,7018827.573518736,822.7271089996424,encaixante_serra_alta
590849.3283244462,7019471.809651445,713.6096406751134,encaixante_serra_alta
590849.3283244462,7019471.809651445,713.6096406751134,encaixante_serra_alta
590697.900243567,7019795.466419591,671.5752185107692,encaixante_serra_alta
590697.900243567,7019795.466419591,671.5752185107692,encaixante_serra_alta
590682.9970920169,7019827.358272066,667.7670851825399,encaixante_serra_alta
590682.9970920169,7019827.358272066,667.7670851825399,encaixante_serra_alta
590384.2155478629,7019897.662670247,625.0,encaixante_serra_alta
590384.2155478629,7019897.662670247,625.0,encaixante_serra_alta
589711.6863539054,7020055.944817918,643.9798637137187,encaixante_serra_alta
589711.6863539054,7020055.944817918,643.9798637137187,encaixante_serra_alta
589342.2407528401,7020457.3657724615,725.0283627032267,encaixante_serra_alta
588972.7951517748,7020858.786727006,670.0560323136312,encaixante_serra_alta
588972.7951517748,7020858.786727006,670.0560323136312,encaixante_serra_alta
588428.1519519092,7021061.964232822,702.8505199076941,encaixante_serra_alta
587883.5087520436,7021265.141738638,656.865077476623,encaixante_serra_alta
587883.5087520436,7021265.141738638,656.865077476623,encaixante_serra_alta
587883.4552674986,7021265.142112881,656.8655860866623,encaixante_serra_alta
587883.4552674986,7021265.142112881,656.8655860866623,encaixante_serra_alta
587883.4484103124,7021265.144750957,656.8662343097787,encaixante_serra_alta
587883.4484103124,7021265.144750957,656.8662343097787,encaixante_serra_alta
587496.2346035205,7021267.848187418,601.0932847988331,encaixante_serra_alta
587496.2346035205,7021267.848187418,601.0932847988331,encaixante_serra_alta
587088.0888126174,7021115.605307242,632.7853894762221,encaixante_serra_alta
587088.0888126174,7021115.605307242,632.7853894762221,encaixante_serra_alta
586627.0925443402,7020487.489770801,611.0300791877362,encaixante_serra_alta
586627.0925443402,7020487.489770801,611.0300791877362,encaixante_serra_alta
586627.0259346504,7020487.399079094,611.0247928757292,encaixante_serra_alta
586627.0259346504,7020487.399079094,611.0247928757292,encaixante_serra_alta
586582.5778365853,7019800.924776236,608.0989577694274,encaixante_serra_alta
586582.5778365853,7019800.924776236,608.0989577694274,encaixante_serra_alta
586231.238704493,7019238.410694191,622.8013862141527,encaixante_serra_alta
586231.238704493,7019238.410694191,622.8013862141527,encaixante_serra_alta
586128.7003445711,7018762.798866747,621.9304375418835,encaixante_serra_alta
586128.7003445711,7018762.798866747,621.9304375418835,encaixante_serra_alta
585818.325811779,7018377.226655477,604.9651101467452,encaixante_serra_alta
585818.325811779,7018377.226655477,604.9651101467452,encaixante_serra_alta
585587.0752801523,7017946.799088888,592.3615801509911,encaixante_serra_alta
585587.0752801523,7017946.799088888,592.3615801509911,encaixante_serra_alta
585258.8433953483,7017849.340426849,595.558120398751,encaixante_serra_alta
585258.8433953483,7017849.340426849,595.558120398751,encaixante_serra_alta
585058.0738383818,7017518.390473845,532.4558687107377,encaixante_serra_alta
585058.0738383818,7017518.390473845,532.4558687107377,encaixante_serra_alta
585035.5938882348,7017130.844152741,578.1232832042626,encaixante_serra_alta
585035.5938882348,7017130.844152741,578.1232832042626,encaixante_serra_alta
584816.6418466138,7016793.797290385,543.7901462538704,encaixante_serra_alta
584816.6418466138,7016793.797290385,543.7901462538704,encaixante_serra_alta
584805.8273318467,7016777.149317346,540.4443021860405,encaixante_serra_alta
587159.2668564025,6992965.0,605.0,encaixante_serra_alta
586878.3083057278,6993822.701863527,575.0,encaixante_serra_alta
586878.3083057278,6993822.701863527,575.0,encaixante_serra_alta
586594.301918909,6994312.121708108,575.0,encaixante_serra_alta
586594.301918909,6994312.121708108,575.0,encaixante_serra_alta
586321.5953223818,6994989.711342129,575.0,encaixante_serra_alta
586321.5953223818,6994989.711342129,575.0,encaixante_serra_alta
586728.8162041052,6995119.776077539,575.0,encaixante_serra_alta
586728.8162041052,6995119.776077539,575.0,encaixante_serra_alta
587291.1429655359,6994783.487141313,615.0,encaixante_serra_alta
587291.1429655359,6994783.487141313,615.0,encaixante_serra_alta
587816.2152189191,6994768.685355642,675.0,encaixante_serra_alta
588341.2874723024,6994753.883569971,740.0,encaixante_serra_alta
588341.2874723024,6994753.883569971,740.0,encaixante_serra_alta
588952.5104539318,6994339.627114376,785.0,encaixante_serra_alta
588952.5104539318,6994339.627114376,785.0,encaixante_serra_alta
589316.7143239157,6994004.659319306,780.0,encaixante_serra_alta
589316.7143239157,6994004.659319306,780.0,encaixante_serra_alta
589552.3798458085,6993692.792536913,735.0,encaixante_serra_alta
589552.3798458085,6993692.792536913,735.0,encaixante_serra_alta
589860.6347783884,6993856.851069629,675.0,encaixante_serra_alta
589860.6347783884,6993856.851069629,675.0,encaixante_serra_alta
589859.8711614502,6994443.920507576,675.0,encaixante_serra_alta
589859.1075445119,6995030.9899455225,675.0,encaixante_serra_alta
589859.1075445119,6995030.9899455225,675.0,encaixante_serra_alta
589732.734297045,6995353.271549423,685.0,encaixante_serra_alta
589732.734297045,6995353.271549423,685.0,encaixante_serra_alta
589526.8994616996,6995664.925416908,750.0,encaixante_serra_alta
589526.8994616996,6995664.925416908,750.0,encaixante_serra_alta
589122.4856177189,6995933.62980894,781.5431835603865,encaixante_serra_alta
589122.4856177189,6995933.62980894,781.5431835603865,encaixante_serra_alta
588948.1501339922,6996477.674474635,651.7435242944346,encaixante_serra_alta
588948.1501339922,6996477.674474635,651.7435242944346,encaixante_serra_alta
589101.6212691753,6997163.470052949,612.8987150121816,encaixante_serra_alta
589101.6212691753,6997163.470052949,612.8987150121816,encaixante_serra_alta
589133.6745097649,6997495.383470461,621.5957389272659,encaixante_serra_alta
589133.6745097649,6997495.383470461,621.5957389272659,encaixante_serra_alta
589117.8873147711,6998049.384507915,694.8449642188825,encaixante_serra_alta
589102.1001197774,6998603.385545368,756.1860554566827,encaixante_serra_alta
589102.1001197774,6998603.385545368,756.1860554566827,encaixante_serra_alta
589126.7542515458,6999301.08797857,666.9766918388829,encaixante_serra_alta
589126.7542515458,6999301.08797857,666.9766918388829,encaixante_serra_alta
588164.5433971046,6999175.038677606,657.6938083533003,encaixante_serra_alta
588164.5433971046,6999175.038677606,657.6938083533003,encaixante_serra_alta
587609.5670682557,6999184.542327037,660.6488234514211,encaixante_serra_alta
587054.5907394068,6999194.045976467,648.7130510997891,encaixante_serra_alta
587054.5907394068,6999194.045976467,648.7130510997891,encaixante_serra_alta
586790.1551079315,6999661.14113537,605.5575287855542,encaixante_serra_alta
586790.1551079315,6999661.14113537,605.5575287855542,encaixante_serra_alta
587080.1695592359,7000013.441795805,574.3793112880887,encaixante_serra_alta
587080.1695592359,7000013.441795805,574.3793112880887,encaixante_serra_alta
587370.0431497276,7000377.085786946,559.3923789854518,encaixante_serra_alta
581834.0,7022600.691765534,640.0860674632237,encaixante_serra_alta
581915.1637679364,7022623.636483475,640.7459892639052,encaixante_serra_alta
581915.1637679364,7022623.636483475,640.7459892639052,encaixante_serra_alta
582027.190165174,7023043.97859709,639.6482232828912,encaixante_serra_alta
582027.190165174,7023043.97859709,639.6482232828912,encaixante_serra_alta
582000.661384553,7023564.735103429,651.0974333761562,encaixante_serra_alta
582000.661384553,7023564.735103429,651.0974333761562,encaixante_serra_alta
581834.0,7023730.104842927,654.7174170074243,encaixante_serra_alta
581834.0,7028819.971521894,590.0,encaixante_serra_alta
581914.831054751,7028682.7959136665,590.4720596080783,encaixante_serra_alta
581914.831054751,7028682.7959136665,590.4720596080783,encaixante_serra_alta
582211.3674965419,7028448.250880137,591.0630926289595,encaixante_serra_alta
582211.3674965419,7028448.250880137,591.0630926289595,encaixante_serra_alta
582558.8425899066,7028412.807810595,679.3124633092932,encaixante_serra_alta
582558.8425899066,7028412.807810595,679.3124633092932,encaixante_serra_alta
582957.1989267487,7028565.266075999,741.2718334712364,encaixante_serra_alta
582957.1989267487,7028565.266075999,741.2718334712364,encaixante_serra_alta
583138.2602487116,7028896.196283335,663.1939747092013,encaixante_serra_alta
583138.2602487116,7028896.196283335,663.1939747092013,encaixante_serra_alta
583291.2147363685,7029487.810883183,675.5155846136774,encaixante_serra_alta
583444.1692240253,7030079.425483031,705.1677450736393,encaixante_serra_alta
583444.1692240253,7030079.425483031,705.1677450736393,encaixante_serra_alta
583499.1761978187,7030887.820353167,654.8058800655367,encaixante_serra_alta
583499.1761978187,7030887.820353167,654.8058800655367,encaixante_serra_alta
583686.3482599689,7031159.0,696.4357332506869,encaixante_serra_alta
586168.3093641932,7031159.0,625.888423595984,encaixante_serra_alta
586062.11194566,7030804.032904771,669.9295539115724,encaixante_serra_alta
586062.11194566,7030804.032904771,669.9295539115724,encaixante_serra_alta
585308.5079013632,7031019.585350739,610.4683006159011,encaixante_serra_alta
585308.5079013632,7031019.585350739,610.4683006159011,encaixante_serra_alta
584999.7192538555,7030899.765138814,594.2698491211013,encaixante_serra_alta
584999.7192538555,7030899.765138814,594.2698491211013,encaixante_serra_alta
584827.5404948036,7030435.696725886,600.0,encaixante_serra_alta
584827.5404948036,7030435.696725886,600.0,encaixante_serra_alta
584802.7984549721,7029716.047811784,590.3001970175783,encaixante_serra_alta
584802.7984549721,7029716.047811784,590.3001970175783,encaixante_serra_alta
584650.2065228117,7029174.307126049,590.0,encaixante_serra_alta
584650.2065228117,7029174.307126049,590.0,encaixante_serra_alta
584437.8745310819,7028621.87149784,585.8721466514238,encaixante_serra_alta
584225.5425393522,7028069.435869631,582.703703126471,encaixante_serra_alta
584225.5425393522,7028069.435869631,582.703703126471,encaixante_serra_alta
583959.1771146923,7027605.983119094,580.0,encaixante_serra_alta
583692.8116900324,7027142.530368556,589.0291432328536,encaixante_serra_alta
583692.8116900324,7027142.530368556,589.0291432328536,encaixante_serra_alta
583510.7709355,7026634.142710155,599.0209977533499,encaixante_serra_alta
583510.7709355,7026634.142710155,599.0209977533499,encaixante_serra_alta
583448.6702772776,7026269.047595324,587.2301931923358,encaixante_serra_alta
583448.6702772776,7026269.047595324,587.2301931923358,encaixante_serra_alta
583534.632872175,7025747.893652137,580.0,encaixante_serra_alta
583534.632872175,7025747.893652137,580.0,encaixante_serra_alta
584355.9062962087,7025299.156245377,632.8121982437705,encaixante_serra_alta
584355.9062962087,7025299.156245377,632.8121982437705,encaixante_serra_alta
584322.2308572056,7024712.455773329,594.9999999999999,encaixante_serra_alta
584322.2308572056,7024712.455773329,594.9999999999999,encaixante_serra_alta
584293.1850459793,7024081.249924319,580.5548952659864,encaixante_serra_alta
584264.1392347531,7023450.044075308,580.7878019515665,encaixante_serra_alta
584264.1392347531,7023450.044075308,580.7878019515665,encaixante_serra_alta
583991.2802406193,7022754.022610536,578.4771280845133,encaixante_serra_alta
583991.2802406193,7022754.022610536,578.4771280845133,encaixante_serra_alta
583869.343140575,7022333.973253387,568.8990491492835,encaixante_serra_alta
583869.343140575,7022333.973253387,568.8990491492835,encaixante_serra_alta
583837.0224352923,7021946.495613296,568.6352412140479,encaixante_serra_alta
583837.0224352923,7021946.495613296,568.6352412140479,encaixante_serra_alta
583543.7845151853,7021139.680402719,574.3447474242728,encaixante_serra_alta
583543.7845151853,7021139.680402719,574.3447474242728,encaixante_serra_alta
583443.8577635615,7020549.612752936,565.0,encaixante_serra_alta
583343.9310119377,7019959.545103153,568.556029194575,encaixante_serra_alta
583244.0042603139,7019369.477453371,570.0,encaixante_serra_alta
583244.0042603139,7019369.477453371,570.0,encaixante_serra_alta
583095.7103776167,7018705.78022795,566.4099466486108,encaixante_serra_alta
582947.4164949195,7018042.08300253,580.8878101834824,encaixante_serra_alta
582947.4164949195,7018042.08300253,580.8878101834824,encaixante_serra_alta
583144.2109621251,7017797.176869245,594.6656412626584,encaixante_serra_alta
583144.2109621251,7017797.176869245,594.6656412626584,encaixante_serra_alta
583392.99543929,7017884.05080878,598.0585347386477,encaixante_serra_alta
583392.99543929,7017884.05080878,598.0585347386477,encaixante_serra_alta
583633.3017233597,7018203.804758831,582.1775469962279,encaixante_serra_alta
583633.3017233597,7018203.804758831,582.1775469962279,encaixante_serra_alta
583695.2293474466,7018546.718403313,583.8471721167514,encaixante_serra_alta
583695.2293474466,7018546.718403313,583.8471721167514,encaixante_serra_alta
583602.0712595644,7019455.622709465,576.1365093512599,encaixante_serra_alta
583602.0712595644,7019455.622709465,576.1365093512599,encaixante_serra_alta
583820.3480326788,7019937.848461697,645.0,encaixante_serra_alta
584038.6248057934,7020420.074213929,639.5893773601829,encaixante_serra_alta
584256.9015789079,7020902.29996616,607.8477296591102,encaixante_serra_alta
584256.9015789079,7020902.29996616,607.8477296591102,encaixante_serra_alta
584257.5073073307,7021482.040986712,586.0841093383807,encaixante_serra_alta
584258.1130357535,7022061.782007263,579.1760603076257,encaixante_serra_alta
584258.7187641764,7022641.523027815,594.7444892225197,encaixante_serra_alta
584258.7187641764,7022641.523027815,594.7444892225197,encaixante_serra_alta
584591.2107525552,7023359.110861092,610.8831487360276,encaixante_serra_alta
584591.2107525552,7023359.110861092,610.8831487360276,encaixante_serra_alta
584849.8154219206,7023423.920208702,623.1437317211406,encaixante_serra_alta
584849.8154219206,7023423.920208702,623.1437317211406,encaixante_serra_alta
585036.5875733058,7023145.67350328,693.202558961571,encaixante_serra_alta
585036.5875733058,7023145.67350328,693.202558961571,encaixante_serra_alta
585101.5977545605,7022480.76559351,641.382522874103,encaixante_serra_alta
585101.5977545605,7022480.76559351,641.382522874103,encaixante_serra_alta
585547.8020336098,7022366.814816697,616.3211353926866,encaixante_serra_alta
585547.8020336098,7022366.814816697,616.3211353926866,encaixante_serra_alta
585913.3973337538,7022098.532393256,655.7002735805327,encaixante_serra_alta
585913.3973337538,7022098.532393256,655.7002735805327,encaixante_serra_alta
586103.08650745,7022252.31217245,649.7421652317513,encaixante_serra_alta
586103.08650745,7022252.31217245,649.7421652317513,encaixante_serra_alta
586235.8455018243,7022788.681642298,714.9168563355506,encaixante_serra_alta
586368.6044961987,7023325.051112145,730.557790466986,encaixante_serra_alta
586368.6044961987,7023325.051112145,730.557790466986,encaixante_serra_alta
586315.5579387007,7024289.054346326,739.3663424260026,encaixante_serra_alta
586315.5579387007,7024289.054346326,739.3663424260026,encaixante_serra_alta
586428.3536780169,7024797.88173946,697.0883654830773,encaixante_serra_alta
586428.3536780169,7024797.88173946,697.0883654830773,encaixante_serra_alta
586582.1203376283,7025505.66101826,670.094614689533,encaixante_serra_alta
586582.1203376283,7025505.66101826,670.094614689533,encaixante_serra_alta
587028.4988740882,7025402.857800789,626.8029792651344,encaixante_serra_alta
587028.4988740882,7025402.857800789,626.8029792651344,encaixante_serra_alta
587316.5166100941,7025412.059819087,604.3499060166059,encaixante_serra_alta
587316.5166100941,7025412.059819087,604.3499060166059,encaixante_serra_alta
587357.9130535576,7025644.389492642,624.9223509241516,encaixante_serra_alta
587357.9130535576,7025644.389492642,624.9223509241516,encaixante_serra_alta
587151.7957820871,7026000.132054243,629.651498535179,encaixante_serra_alta
587151.7957820871,7026000.132054243,629.651498535179,encaixante_serra_alta
587115.7698387346,7026543.154066775,754.4893846597568,encaixante_serra_alta
587115.7698387346,7026543.154066775,754.4893846597568,encaixante_serra_alta
587683.1209145241,7026694.292279333,656.8399181611578,encaixante_serra_alta
587683.1209145241,7026694.292279333,656.8399181611578,encaixante_serra_alta
587689.0617369319,7027547.179470966,736.5089038954734,encaixante_serra_alta
587689.0617369319,7027547.179470966,736.5089038954734,encaixante_serra_alta
587840.6103910666,7027922.831421617,660.0755609351206,encaixante_serra_alta
587840.6103910666,7027922.831421617,660.0755609351206,encaixante_serra_alta
587933.8309152736,7028464.953097326,652.4904925016771,encaixante_serra_alta
587933.8309152736,7028464.953097326,652.4904925016771,encaixante_serra_alta
588232.7381175791,7028584.769965727,629.4553683805808,encaixante_serra_alta
588232.7381175791,7028584.769965727,629.4553683805808,encaixante_serra_alta
588560.3085843065,7028549.089179827,617.9561875629049,encaixante_serra_alta
588560.3085843065,7028549.089179827,617.9561875629049,encaixante_serra_alta
588915.1247317722,7028158.894079954,610.3842292593681,encaixante_serra_alta
588915.1247317722,7028158.894079954,610.3842292593681,encaixante_serra_alta
589252.8056362212,7028134.532351955,637.36033206385,encaixante_serra_alta
589252.8056362212,7028134.532351955,637.36033206385,encaixante_serra_alta
589492.42487605,7028309.883373147,707.1745002362125,encaixante_serra_alta
589492.42487605,7028309.883373147,707.1745002362125,encaixante_serra_alta
589485.3262548808,7028697.629813877,675.8734684426506,encaixante_serra_alta
589485.3262548808,7028697.629813877,675.8734684426506,encaixante_serra_alta
589180.0800198707,7029076.503665825,803.8898372078096,encaixante_serra_alta
589180.0800198707,7029076.503665825,803.8898372078096,encaixante_serra_alta
589341.5441905527,7029452.0688010845,765.7217949510591,encaixante_serra_alta
589341.5441905527,7029452.0688010845,765.7217949510591,encaixante_serra_alta
589842.0347671136,7029957.902191962,756.1044266792759,encaixante_serra_alta
589842.0347671136,7029957.902191962,756.1044266792759,encaixante_serra_alta
589547.0431939495,7030397.554694187,662.3874831864146,encaixante_serra_alta
589252.0516207854,7030837.207196413,740.055773692189,encaixante_serra_alta
589252.0516207854,7030837.207196413,740.055773692189,encaixante_serra_alta
588786.7201636906,7031073.109420613,722.4125058506518,encaixante_serra_alta
588786.7201636906,7031073.109420613,722.4125058506518,encaixante_serra_alta
588757.1132678064,7031159.0,738.6249116696545,encaixante_serra_alta
592371.2259786327,7028001.125108585,620.0,encaixante_serra_alta
592371.2308387121,7028001.129954291,620.0,encaixante_serra_alta
592371.2308387121,7028001.129954291,620.0,encaixante_serra_alta
592656.1521297175,7028283.493827032,651.7859563027017,encaixante_serra_alta
592656.1521297175,7028283.493827032,651.7859563027017,encaixante_serra_alta
592881.6168802646,7028506.921614623,710.4740444372592,encaixante_serra_alta
592881.6168802646,7028506.921614623,710.4740444372592,encaixante_serra_alta
592871.8313987514,7028669.238152819,688.4118363019883,encaixante_serra_alta
592871.8313987514,7028669.238152819,688.4118363019883,encaixante_serra_alta
592846.3016524907,7029094.359425508,645.5724379804637,encaixante_serra_alta
592846.3016524907,7029094.359425508,645.5724379804637,encaixante_serra_alta
593236.2446302631,7029445.823723044,790.1447582934777,encaixante_serra_alta
593236.2446302631,7029445.823723044,790.1447582934777,encaixante_serra_alta
593339.7951722796,7029489.626456393,732.6659786516942,encaixante_serra_alta
593339.7951722796,7029489.626456393,732.6659786516942,encaixante_serra_alta
593854.2472430456,7029707.127225008,771.2187330941449,encaixante_serra_alta
593854.2472430456,7029707.127225008,771.2187330941449,encaixante_serra_alta
593854.2580905185,7029707.227959344,771.1723116280816,encaixante_serra_alta
593854.2580905185,7029707.227959344,771.1723116280816,encaixante_serra_alta
593854.2828307416,7029707.2384343855,771.1804291038882,encaixante_serra_alta
593854.2828307416,7029707.2384343855,771.1804291038882,encaixante_serra_alta
593907.6458542832,7030205.252129971,696.1923341268534,encaixante_serra_alta
593907.6458542832,7030205.252129971,696.1923341268534,encaixante_serra_alta
593462.269415711,7030435.680857064,651.7886806932303,encaixante_serra_alta
593016.892977139,7030666.109584156,621.1390430810015,encaixante_serra_alta
593016.892977139,7030666.109584156,621.1390430810015,encaixante_serra_alta
592516.6482982072,7030215.5392932575,634.6731956481365,encaixante_serra_alta
592516.6482982072,7030215.5392932575,634.6731956481365,encaixante_serra_alta
592503.0728358541,7030185.837840322,635.1912868294082,encaixante_serra_alta
592503.0728358541,7030185.837840322,635.1912868294082,encaixante_serra_alta
592365.1632702749,7029884.28706103,623.3790571178417,encaixante_serra_alta
592365.1632702749,7029884.28706103,623.3790571178417,encaixante_serra_alta
592239.68536098,7029319.026505252,617.7405263152723,encaixante_serra_alta
592114.2074516851,7028753.765949475,616.9591156430106,encaixante_serra_alta
592114.2074516851,7028753.765949475,616.9591156430106,encaixante_serra_alta
592087.7569416497,7028634.599468824,619.7158934066159,encaixante_serra_alta
592087.7569416497,7028634.599468824,619.7158934066159,encaixante_serra_alta
592082.3036334919,7028602.630652139,618.4807741660426,encaixante_serra_alta
592082.3036334919,7028602.630652139,618.4807741660426,encaixante_serra_alta
591983.9627483692,7028026.114137027,620.0,encaixante_serra_alta
591983.9627483692,7028026.114137027,620.0,encaixante_serra_alta
592371.2259786327,7028001.125108585,620.0,encaixante_serra_alta
596876.0219199129,7028576.528403276,698.3097177634874,encaixante_serra_alta
596568.6456994005,7028656.429815928,704.7819112083313,encaixante_serra_alta
596568.6456994005,7028656.429815928,704.7819112083313,encaixante_serra_alta
596329.3797949377,7028547.494167916,705.9422102608631,encaixante_serra_alta
596329.3797949377,7028547.494167916,705.9422102608631,encaixante_serra_alta
596329.3684973174,7028547.488974429,705.9400863861676,encaixante_serra_alta
596329.3684973174,7028547.488974429,705.9400863861676,encaixante_serra_alta
596366.1402353619,7028159.502267579,690.3522175934629,encaixante_serra_alta
596366.1402353619,7028159.502267579,690.3522175934629,encaixante_serra_alta
596999.3694572453,7027822.321209391,724.5711857059625,encaixante_serra_alta
596999.3694572453,7027822.321209391,724.5711857059625,encaixante_serra_alta
597536.4033228141,7027895.7143137,805.1675921000833,encaixante_serra_alta
597536.4033228141,7027895.7143137,805.1675921000833,encaixante_serra_alta
597965.375654131,7028125.008852379,746.8822419484827,encaixante_serra_alta
597965.375654131,7028125.008852379,746.8822419484827,encaixante_serra_alta
598033.2392070993,7028232.104247141,740.0,encaixante_serra_alta
598033.2392070993,7028232.104247141,740.0,encaixante_serra_alta
598216.840509923,7028521.83519193,734.2807348097664,encaixante_serra_alta
598216.840509923,7028521.83519193,734.2807348097664,encaixante_serra_alta
597999.4874873568,7028678.611149585,728.4057155883322,encaixante_serra_alta
597999.4874873568,7028678.611149585,728.4057155883322,encaixante_serra_alta
597164.3798831213,7028607.539321772,700.034140683395,encaixante_serra_alta
597164.3798831213,7028607.539321772,700.034140683395,encaixante_serra_alta
596876.0219199129,7028576.528403276,698.3097177634874,encaixante_serra_alta
590645.3407245844,7024928.603474235,603.3013638482337,encaixante_serra_alta
590687.745760273,7024612.676962243,604.1896094829073,encaixante_serra_alta
590687.745760273,7024612.676962243,604.1896094829073,encaixante_serra_alta
591136.7593627843,7024356.837713608,679.1778539672836,encaixante_serra_alta
591585.7729652957,7024100.998464972,775.2585683180947,encaixante_serra_alta
592034.786567807,7023845.159216335,674.1803017646719,encaixante_serra_alta
592483.8001703183,7023589.319967699,695.1017385092657,encaixante_serra_alta
592932.8137728297,7023333.480719063,730.2132437546107,encaixante_serra_alta
592932.8137728297,7023333.480719063,730.2132437546107,encaixante_serra_alta
593337.643266462,7023020.310543565,734.4277859557036,encaixante_serra_alta
593742.4727600942,7022707.140368068,719.372281385628,encaixante_serra_alta
593742.4727600942,7022707.140368068,719.372281385628,encaixante_serra_alta
594041.3206943681,7022763.653180057,739.2724126580117,encaixante_serra_alta
594041.3206943681,7022763.653180057,739.2724126580117,encaixante_serra_alta
594080.6180683994,7022771.06800016,731.7239636000108,encaixante_serra_alta
594080.6180683994,7022771.06800016,731.7239636000108,encaixante_serra_alta
594056.7205775799,7022984.254610058,706.236578245922,encaixante_serra_alta
594056.7205775799,7022984.254610058,706.236578245922,encaixante_serra_alta
594043.3515158411,7023103.675229572,695.7373298524252,encaixante_serra_alta
594043.3515158411,7023103.675229572,695.7373298524252,encaixante_serra_alta
594043.3312023617,7023103.693711754,695.7354888760353,encaixante_serra_alta
594043.3312023617,7023103.693711754,695.7354888760353,encaixante_serra_alta
593461.2980465419,7023617.64922104,705.4170559301908,encaixante_serra_alta
593461.2980465419,7023617.64922104,705.4170559301908,encaixante_serra_alta
593111.8298501654,7024030.12402356,689.3399203348924,encaixante_serra_alta
592762.3616537888,7024442.598826079,661.6680393208902,encaixante_serra_alta
592762.3616537888,7024442.598826079,661.6680393208902,encaixante_serra_alta
591979.476619022,7024680.969794307,788.6362804227597,encaixante_serra_alta
591979.476619022,7024680.969794307,788.6362804227597,encaixante_serra_alta
591842.7833083123,7025003.115706677,771.4261417538144,encaixante_serra_alta
591842.7833083123,7025003.115706677,771.4261417538144,encaixante_serra_alta
592000.7195754675,7025484.436812177,674.1264072808808,encaixante_serra_alta
592000.7195754675,7025484.436812177,674.1264072808808,encaixante_serra_alta
592096.6518393008,7025776.6224304605,640.3689264562697,encaixante_serra_alta
592096.6518393008,7025776.6224304605,640.3689264562697,encaixante_serra_alta
592096.607054392,7025776.64248297,640.3662975321199,encaixante_serra_alta
592096.607054392,7025776.64248297,640.3662975321199,encaixante_serra_alta
592096.6130831207,7025776.660669249,640.3635187024488,encaixante_serra_alta
592096.6130831207,7025776.660669249,640.3635187024488,encaixante_serra_alta
591720.4566349706,7025945.686315954,619.4107927605993,encaixante_serra_alta
591720.4566349706,7025945.686315954,619.4107927605993,encaixante_serra_alta
591322.6292749626,7025871.040018362,619.5405572571449,encaixante_serra_alta
591322.6292749626,7025871.040018362,619.5405572571449,encaixante_serra_alta
591003.3013662931,7025673.905155903,608.8135766094492,encaixante_serra_alta
591003.3013662931,7025673.905155903,608.8135766094492,encaixante_serra_alta
590631.1590971504,7025034.088830081,603.1287061313367,encaixante_serra_alta
590631.1590971504,7025034.088830081,603.1287061313367,encaixante_serra_alta
590645.3407245844,7024928.603474235,603.3013638482337,encaixante_serra_alta
589911.1733364277,7024341.310052479,620.0,encaixante_serra_alta
589911.1276212351,7024341.3246249,620.0,encaixante_serra_alta
589911.1276212351,7024341.3246249,620.0,encaixante_serra_alta
589681.0548770782,7024110.347311472,608.3027819560149,encaixante_serra_alta
589681.0548770782,7024110.347311472,608.3027819560149,encaixante_serra_alta
589289.4252742763,7023503.891756345,612.7512465638067,encaixante_serra_alta
589289.4252742763,7023503.891756345,612.7512465638067,encaixante_serra_alta
589172.0709218356,7023462.754411614,618.5387132708992,encaixante_serra_alta
589172.0709218356,7023462.754411614,618.5387132708992,encaixante_serra_alta
588731.9178877946,7023308.450968456,595.9988025172951,encaixante_serra_alta
588731.9178877946,7023308.450968456,595.9988025172951,encaixante_serra_alta
588341.8022410941,7022901.389850147,590.0,encaixante_serra_alta
588341.8022410941,7022901.389850147,590.0,encaixante_serra_alta
588341.7599571168,7022901.345717287,590.0,encaixante_serra_alta
588341.7599571168,7022901.345717287,590.0,encaixante_serra_alta
588528.0863538459,7022567.720562507,591.62108722813,encaixante_serra_alta
588528.0863538459,7022567.720562507,591.62108722813,encaixante_serra_alta
589043.7195981748,7022464.38301059,637.779677479849,encaixante_serra_alta
589043.7195981748,7022464.38301059,637.779677479849,encaixante_serra_alta
589247.5004897108,7022233.788530521,713.7921332613557,encaixante_serra_alta
589247.5004897108,7022233.788530521,713.7921332613557,encaixante_serra_alta
589289.9900614186,7022185.70641264,724.9436866907274,encaixante_serra_alta
589289.9900614186,7022185.70641264,724.9436866907274,encaixante_serra_alta
589370.5541543073,7022116.239032486,730.3045225412675,encaixante_serra_alta
589370.5541543073,7022116.239032486,730.3045225412675,encaixante_serra_alta
589704.4907479289,7021828.284155894,721.1178295207602,encaixante_serra_alta
589704.4907479289,7021828.284155894,721.1178295207602,encaixante_serra_alta
590254.9527824745,7021741.250341391,653.2536030181712,encaixante_serra_alta
590805.4148170201,7021654.216526888,759.069122869234,encaixante_serra_alta
590805.4148170201,7021654.216526888,759.069122869234,encaixante_serra_alta
590888.9532904174,7021617.91697504,817.1812966341824,encaixante_serra_alta
591264.4248462999,7021454.75564141,737.9768595039184,encaixante_serra_alta
591349.8145755992,7021417.647392344,725.0094336044637,encaixante_serra_alta
591349.8145755992,7021417.647392344,725.0094336044637,encaixante_serra_alta
591501.8692020718,7021137.181041466,674.5558157914279,encaixante_serra_alta
591501.8692020718,7021137.181041466,674.5558157914279,encaixante_serra_alta
591506.5495217319,7021128.547632759,671.5960468006562,encaixante_serra_alta
591506.5495217319,7021128.547632759,671.5960468006562,encaixante_serra_alta
591506.5764835946,7021128.497925115,671.5786199089704,encaixante_serra_alta
591506.5764835946,7021128.497925115,671.5786199089704,encaixante_serra_alta
592072.5107533035,7020577.01335343,707.2790894897137,encaixante_serra_alta
592157.8317580835,7020493.864198046,735.261443269555,encaixante_serra_alta
592285.3953983082,7020369.5444749445,710.664954518277,encaixante_serra_alta
592285.3953983082,7020369.5444749445,710.664954518277,encaixante_serra_alta
592371.8944816545,7019981.203258159,691.3196785484165,encaixante_serra_alta
592371.8944816545,7019981.203258159,691.3196785484165,encaixante_serra_alta
592638.142512863,7019735.540724537,655.244507980264,encaixante_serra_alta
592638.142512863,7019735.540724537,655.244507980264,encaixante_serra_alta
592638.1796636384,7019735.56605286,655.2435495761556,encaixante_serra_alta
592638.1796636384,7019735.56605286,655.2435495761556,encaixante_serra_alta
592847.6843499639,7019877.997515615,675.6543197123397,encaixante_serra_alta
592847.6843499639,7019877.997515615,675.6543197123397,encaixante_serra_alta
593052.1716445145,7020139.129206391,767.2783854467594,encaixante_serra_alta
593052.1716445145,7020139.129206391,767.2783854467594,encaixante_serra_alta
593274.3173822446,7020422.794814527,802.8868056972997,encaixante_serra_alta
594349.6330364698,7021283.812041791,909.5170032208052,encaixante_serra_alta
594387.3560620219,7021306.570237797,898.5145406028447,encaixante_serra_alta
594387.3560620219,7021306.570237797,898.5145406028447,encaixante_serra_alta
594387.3735933114,7021306.645419475,898.4709023476031,encaixante_serra_alta
594387.3735933114,7021306.645419475,898.4709023476031,encaixante_serra_alta
594387.4431137384,7021306.687435175,898.4463814519457,encaixante_serra_alta
594387.4431137384,7021306.687435175,898.4463814519457,encaixante_serra_alta
594469.4561166823,7021660.393111695,746.0974834405886,encaixante_serra_alta
594469.4561166823,7021660.393111695,746.0974834405886,encaixante_serra_alta
594469.4485024416,7021660.413690866,746.0922821173092,encaixante_serra_alta
594469.4485024416,7021660.413690866,746.0922821173092,encaixante_serra_alta
594469.4517341026,7021660.427812727,746.088113282756,encaixante_serra_alta
594469.4517341026,7021660.427812727,746.088113282756,encaixante_serra_alta
594432.2350616939,7021759.523192907,724.9161404727487,encaixante_serra_alta
594432.2350616939,7021759.523192907,724.9161404727487,encaixante_serra_alta
594352.6649622199,7021971.434721134,715.030272758977,encaixante_serra_alta
594352.6649622199,7021971.434721134,715.030272758977,encaixante_serra_alta
594352.6436750751,7021971.442153323,715.0285336827055,encaixante_serra_alta
594352.6436750751,7021971.442153323,715.0285336827055,encaixante_serra_alta
594352.6328178239,7021971.4709256645,715.0304576015326,encaixante_serra_alta
594352.6328178239,7021971.4709256645,715.0304576015326,encaixante_serra_alta
593883.0904027314,7022136.042139884,726.804208004198,encaixante_serra_alta
593883.0904027314,7022136.042139884,726.804208004198,encaixante_serra_alta
593375.0973076872,7022314.079266182,703.6490142444542,encaixante_serra_alta
592867.1042126429,7022492.11639248,679.7145053542276,encaixante_serra_alta
592867.1042126429,7022492.11639248,679.7145053542276,encaixante_serra_alta
592290.5913800512,7022418.823358152,655.4989782397865,encaixante_serra_alta
592290.5913800512,7022418.823358152,655.4989782397865,encaixante_serra_alta
591824.5793400246,7022510.975791631,702.3049718392022,encaixante_serra_alta
591824.5793400246,7022510.975791631,702.3049718392022,encaixante_serra_alta
591429.033835425,7022735.282651955,688.3345441287371,encaixante_serra_alta
591429.033835425,7022735.282651955,688.3345441287371,encaixante_serra_alta
591123.406025169,7023058.860957946,708.0417710182713,encaixante_serra_alta
591123.406025169,7023058.860957946,708.0417710182713,encaixante_serra_alta
590709.5430446161,7023504.910053495,668.6455628573505,encaixante_serra_alta
590709.5430446161,7023504.910053495,668.6455628573505,encaixante_serra_alta
590307.598357767,7024216.649393121,608.4007156375583,encaixante_serra_alta
590307.598357767,7024216.649393121,608.4007156375583,encaixante_serra_alta
589911.2609602022,7024341.39808711,620.0,encaixante_serra_alta
589911.2609602022,7024341.39808711,620.0,encaixante_serra_alta
589911.1733364277,7024341.310052479,620.0,encaixante_serra_alta
594001.6862046327,7021073.887383355,857.3653652634795,encaixante_serra_alta
594261.0205824587,7021230.351548755,885.0636982617451,encaixante_serra_alta
585730.1184872603,7027372.546455249,662.4289747980984,encaixante_irati
585792.0246714269,7027615.663536027,735.0,encaixante_irati
585792.0246714269,7027615.663536027,735.0,encaixante_irati
586243.8885845622,7028321.503820179,707.4546386368479,encaixante_irati
586243.8885845622,7028321.503820179,707.4546386368479,encaixante_irati
586273.9998824198,7028411.193849028,676.4626634101422,encaixante_irati
586273.9998824198,7028411.193849028,676.4626634101422,encaixante_irati
586395.974927706,7028774.763692846,672.3823792388165,encaixante_irati
586395.974927706,7028774.763692846,672.3823792388165,encaixante_irati
586695.5582859819,7028994.123396955,709.7229850097465,encaixante_irati
586695.5582859819,7028994.123396955,709.7229850097465,encaixante_irati
586883.9630427319,7028974.523727941,763.7182101603638,encaixante_irati
586883.9630427319,7028974.523727941,763.7182101603638,encaixante_irati
586923.9173276656,7028970.371676806,762.7052614394045,encaixante_irati
586923.9173276656,7028970.371676806,762.7052614394045,encaixante_irati
586923.9179193998,7028970.366791449,762.7041407222911,encaixante_irati
586923.9179193998,7028970.366791449,762.7041407222911,encaixante_irati
586923.9280084246,7028970.365725658,762.7031423785729,encaixante_irati
586923.9280084246,7028970.365725658,762.7031423785729,encaixante_irati
586990.1813769406,7028493.690001996,748.7573185452552,encaixante_irati
586990.1813769406,7028493.690001996,748.7573185452552,encaixante_irati
586990.162754628,7028493.658551727,748.768067788644,encaixante_irati
586990.162754628,7028493.658551727,748.768067788644,encaixante_irati
586990.1704148487,7028493.603410108,748.7770679674276,encaixante_irati
586990.1704148487,7028493.603410108,748.7770679674276,encaixante_irati
586668.5393888837,7027953.04775976,780.6715020087233,encaixante_irati
586668.5393888837,7027953.04775976,780.6715020087233,encaixante_irati
585999.5377380814,7027331.251934433,711.0693176071953,encaixante_irati
585999.5377380814,7027331.251934433,711.0693176071953,encaixante_irati
585958.7437216694,7027293.325508909,699.7228878977937,encaixante_irati
585958.7437216694,7027293.325508909,699.7228878977937,encaixante_irati
585958.7354137759,7027293.325565635,699.7205770161462,encaixante_irati
585958.7354137759,7027293.325565635,699.7205770161462,encaixante_irati
585958.7016085921,7027293.294117987,699.7116338380791,encaixante_irati
585958.7016085921,7027293.294117987,699.7116338380791,encaixante_irati
585710.3696383954,7027294.987249529,652.3333126389166,encaixante_irati
585710.3696383954,7027294.987249529,652.3333126389166,encaixante_irati
585710.3777152828,7027295.018872984,652.3277871223158,encaixante_irati
585710.3777152828,7027295.018872984,652.3277871223158,encaixante_irati
585730.1184872603,7027372.546455249,662.4289747980984,encaixante_irati
585582.9649209854,7030474.940371379,682.5771741906009,encaixante_irati
585598.0604218375,7030479.037237549,688.3733149236061,encaixante_irati
585598.0604218375,7030479.037237549,688.3733149236061,encaixante_irati
586379.3597470784,7030691.154458215,685.758749735639,encaixante_irati
586379.3597470784,7030691.154458215,685.758749735639,encaixante_irati
586667.6100171809,7030689.176016152,653.8199851055808,encaixante_irati
586667.6100171809,7030689.176016152,653.8199851055808,encaixante_irati
586904.2616380918,7030432.7474825885,748.4091812115796,encaixante_irati
586904.2616380918,7030432.7474825885,748.4091812115796,encaixante_irati
586828.3931982256,7030123.617703272,798.091495050445,encaixante_irati
586828.3931982256,7030123.617703272,798.091495050445,encaixante_irati
586771.2943674461,7029890.813531574,831.7547220147003,encaixante_irati
586771.2943674461,7029890.813531574,831.7547220147003,encaixante_irati
586452.6034858461,7029782.234117342,806.6526549617215,encaixante_irati
586452.6034858461,7029782.234117342,806.6526549617215,encaixante_irati
585739.450948007,7030108.337863036,694.4994958643633,encaixante_irati
585739.450948007,7030108.337863036,694.4994958643633,encaixante_irati
585582.9649209854,7030474.940371379,682.5771741906009,encaixante_irati
587503.6490133302,7030904.832851248,817.5461804609334,encaixante_irati
587408.4810883186,7031159.0,715.461636869079,encaixante_irati
588693.5813872899,7031159.0,756.4928153920313,encaixante_irati
588786.6632251055,7031073.094779249,722.4330978885545,encaixante_irati
588786.6632251055,7031073.094779249,722.4330978885545,encaixante_irati
588813.0386590867,7030585.519868715,830.0,encaixante_irati
588813.0386590867,7030585.519868715,830.0,encaixante_irati
588761.0612868941,7030593.980440894,828.3056061278212,encaixante_irati
588761.0612868941,7030593.980440894,828.3056061278212,encaixante_irati
588386.2595099614,7030654.981686028,842.0055663632227,encaixante_irati
588386.2595099614,7030654.981686028,842.0055663632227,encaixante_irati
587503.6490133302,7030904.832851248,817.5461804609334,encaixante_irati
