# dique_solido - solido de visualizacao (contorno digitalizado + espessura de campo)
v 604169.5850999998 6992949.3199 415.0
v 604147.9821384291 6992983.027640227 415.0
v 604126.3791768583 6993016.735380456 415.0
v 604104.7762152876 6993050.443120684 415.0
v 604083.1732537168 6993084.150860911 415.0
v 604061.5702921461 6993117.85860114 420.0
v 604039.9673305753 6993151.566341368 420.0
v 604018.3643690046 6993185.274081595 420.0
v 603996.7614074339 6993218.981821824 420.0
v 603975.1584458632 6993252.689562052 420.0
v 603953.5554842923 6993286.397302279 420.0
v 603931.9525227216 6993320.105042508 420.0
v 603910.3495611509 6993353.812782736 420.0
v 603888.7465995802 6993387.520522963 420.0
v 603867.1436380094 6993421.228263192 420.0
v 603845.5406764387 6993454.93600342 420.0
v 603823.937714868 6993488.643743647 420.0
v 603802.3347532972 6993522.351483875 420.0
v 603780.7317917264 6993556.059224104 420.0
v 603759.1288301557 6993589.766964331 420.0
v 603737.525868585 6993623.474704559 420.0
v 603715.9229070143 6993657.182444788 420.0
v 603694.3199454435 6993690.890185015 420.0
v 603672.7169838727 6993724.597925243 420.0
v 603651.114022302 6993758.305665472 420.0
v 603629.5110607313 6993792.013405699 415.0
v 603607.9080991605 6993825.721145927 415.0
v 603586.3051375898 6993859.428886156 410.0
v 603564.7021760191 6993893.136626383 410.0
v 603543.0992144484 6993926.844366611 410.0
v 603521.4962528775 6993960.55210684 410.0
v 603499.8932913068 6993994.259847067 410.0
v 603478.2903297361 6994027.967587295 410.0
v 603456.6873681654 6994061.675327524 410.0
v 603435.0844065946 6994095.383067751 405.0
v 603413.4814450239 6994129.090807979 405.0
v 603391.8784834531 6994162.798548208 405.0
v 603370.2755218823 6994196.506288435 405.0
v 603348.6725603116 6994230.214028663 405.0
v 603327.0695987409 6994263.921768892 405.0
v 603305.0010876016 6994297.323002956 405.0
v 603282.5758213195 6994330.4893583795 405.0
v 603260.1505550373 6994363.655713803 400.0
v 603237.7252887551 6994396.822069227 400.0
v 603215.300022473 6994429.98842465 395.0
v 603192.8747561908 6994463.154780073 390.0
v 603170.4494899086 6994496.321135497 390.0
v 603148.0242236266 6994529.48749092 390.0
v 603125.5989573444 6994562.653846344 390.0
v 603103.1736910623 6994595.820201768 390.0
v 603080.7484247801 6994628.986557191 390.0
v 603058.3231584979 6994662.152912615 390.0
v 603035.8978922158 6994695.3192680385 390.0
v 603013.4726259336 6994728.485623462 390.0
v 602991.0473596514 6994761.651978885 390.0
v 602968.6220933694 6994794.818334308 395.0
v 602946.1968270872 6994827.984689732 395.0
v 602923.771560805 6994861.151045156 395.0
v 602901.3462945229 6994894.317400579 400.0
v 602878.9210282407 6994927.483756003 400.0
v 602856.4957619585 6994960.650111427 400.0
v 602834.0704956764 6994993.81646685 405.0
v 602811.6452293942 6995026.982822273 405.0
v 602789.2199631121 6995060.149177697 405.0
v 602766.79469683 6995093.31553312 410.0
v 602744.3694305478 6995126.481888544 415.0
v 602721.9441642656 6995159.648243967 415.0
v 602699.5188979835 6995192.814599391 420.0
v 602677.0936317013 6995225.980954815 425.0
v 602654.6683654191 6995259.147310238 425.0
v 602632.243099137 6995292.313665662 430.0
v 602609.8178328548 6995325.480021085 435.0
v 602587.3925665728 6995358.646376508 435.0
v 602564.9673002906 6995391.812731932 440.0
v 602542.5420340084 6995424.979087356 445.0
v 602520.1167677263 6995458.145442779 450.0
v 602497.6915014441 6995491.311798203 450.0
v 602475.2662351619 6995524.478153626 450.0
v 602452.8409688798 6995557.64450905 450.0
v 602430.4157025976 6995590.810864473 450.0
v 602407.9904363155 6995623.977219896 445.0
v 602385.5651700334 6995657.14357532 445.0
v 602363.1399037512 6995690.309930744 440.0
v 602340.714637469 6995723.476286167 431.9610954578208
v 602318.2893711869 6995756.642641591 426.23620993207015
v 602295.8641049047 6995789.808997015 420.96452537053347
v 602273.4388386225 6995822.975352438 417.1481271767583
v 602251.0135723404 6995856.141707862 413.4891120894556
v 602228.5883060583 6995889.3080632845 410.045815429961
v 602206.1630397761 6995922.474418708 406.570440451619
v 602183.737773494 6995955.640774132 403.2064731683115
v 602161.3125072118 6995988.807129555 399.5451726167551
v 602138.8872409296 6996021.973484979 396.74538988069844
v 602116.4619746475 6996055.139840403 395.0
v 602094.0367083653 6996088.306195826 395.0
v 602071.6114420831 6996121.47255125 394.99999999999994
v 602049.1861758011 6996154.638906673 395.0
v 602026.7609095189 6996187.805262096 395.27610219033625
v 602003.895525696 6996220.662429449 398.1572139366693
v 601980.2991863622 6996253.006091424 400.0
v 601956.7028470283 6996285.349753399 400.00000000000006
v 601933.1065076945 6996317.6934153745 400.0
v 601909.5101683605 6996350.037077349 400.2008896307462
v 601885.9138290267 6996382.380739324 404.1737922516993
v 601862.3174896929 6996414.724401299 408.2014078184455
v 601838.721150359 6996447.068063274 412.76214652160246
v 601815.1248110252 6996479.411725248 417.5895506549797
v 601791.5284716913 6996511.755387223 422.61824168530586
v 601767.9321323575 6996544.099049198 425.94008674840734
v 601744.3357930236 6996576.442711174 429.387620419397
v 601720.7394536898 6996608.786373149 431.2424418021419
v 601697.143114356 6996641.130035123 432.3906054424131
v 601673.546775022 6996673.473697098 433.778774094175
v 601649.9504356883 6996705.817359073 436.8638778029094
v 601626.3540963543 6996738.161021048 441.60974119797766
v 601602.7577570205 6996770.504683022 446.7848664385522
v 601579.1614176867 6996802.8483449975 453.8406826174233
v 601555.5650783528 6996835.192006973 461.5412290753904
v 601531.968739019 6996867.535668948 469.85982033615034
v 601508.3723996851 6996899.879330922 479.46805193834405
v 601484.7760603513 6996932.222992897 490.32751799545133
v 601464.5674207113 6996966.782498639 503.36981862675174
v 601444.390028774 6997001.362443036 514.6613633090951
v 601424.2126368368 6997035.942387434 524.147783543006
v 601404.0352448995 6997070.52233183 528.9150492296076
v 601383.8578529622 6997105.102276227 529.8398720442578
v 601363.680461025 6997139.682220625 530.0797808690413
v 601343.5030690877 6997174.262165022 527.2966150785894
v 601323.3256771505 6997208.842109419 521.8582604480589
v 601303.1482852132 6997243.422053817 513.6243052221995
v 601282.9708932759 6997278.001998214 505.1688040156637
v 601262.7935013387 6997312.581942611 496.70899394194174
v 601242.6161094015 6997347.161887009 490.3014361906189
v 601222.4387174641 6997381.741831405 486.36493396723233
v 601202.2613255269 6997416.321775802 483.26531393888854
v 601182.0839335896 6997450.9017202 480.05329207251896
v 601161.9065416524 6997485.481664597 476.8397108318714
v 601141.7291497152 6997520.061608994 474.305617234932
v 601121.5517577778 6997554.641553392 472.71481707351046
v 601101.3743658406 6997589.221497789 472.1340928186802
v 601081.1969739033 6997623.801442186 471.87295017051855
v 601061.0195819661 6997658.381386584 471.73486976184364
v 601040.8421900289 6997692.96133098 471.3319810735564
v 601020.6647980915 6997727.541275377 470.3653678554723
v 601000.4874061543 6997762.121219775 469.1830388074378
v 600980.310014217 6997796.701164172 468.0768427956234
v 600960.1326222798 6997831.281108569 468.58068711756516
v 600939.9552303425 6997865.861052967 469.5515208589826
v 600919.7778384052 6997900.440997364 470.0275280147342
v 600899.600446468 6997935.020941761 467.52175567183843
v 600879.4230545308 6997969.600886159 465.0304920060394
v 600859.2456625935 6998004.180830555 459.88461335068826
v 600839.0682706562 6998038.760774952 454.96545199530686
v 600818.8908787189 6998073.34071935 450.36233229690265
v 600798.7134867817 6998107.920663747 447.40987439726894
v 600778.5360948445 6998142.500608144 445.73168561671076
v 600758.3587029071 6998177.080552542 446.8702336622134
v 600738.1813109699 6998211.660496939 448.563564507677
v 600718.0039190326 6998246.240441336 450.5922185901225
v 600697.8265270954 6998280.820385734 453.86564361592616
v 600677.6491351582 6998315.40033013 459.25590720830974
v 600657.4717432208 6998349.980274527 465.4181399269625
v 600637.2943512836 6998384.560218925 471.22219004964086
v 600617.1169593463 6998419.140163322 475.9287340317927
v 600596.9395674091 6998453.720107719 479.84096268601866
v 600576.7621754719 6998488.300052117 482.91531123312444
v 600556.5847835345 6998522.879996514 484.7389855503471
v 600536.7793222031 6998557.673759829 489.2963738378192
v 600517.0495109806 6998592.511013582 496.66977243960594
v 600497.3196997582 6998627.348267335 506.6395990220673
v 600477.5898885358 6998662.185521088 513.3194762086325
v 600457.8600773134 6998697.022774841 513.5330501367495
v 600438.1302660909 6998731.860028593 511.9197145343663
v 600418.4004548684 6998766.697282346 506.39205693269156
v 600398.670643646 6998801.534536099 504.4563482173269
v 600378.9408324236 6998836.371789851 506.89890581697193
v 600359.2110212012 6998871.209043604 512.8658844933047
v 600339.4812099787 6998906.0462973565 517.9934685035182
v 600319.7513987563 6998940.88355111 518.2056462808171
v 600300.0215875339 6998975.720804863 511.6448744634947
v 600280.2917763115 6999010.558058615 503.37246190702115
v 600260.5619650891 6999045.395312368 496.25671987845936
v 600240.8321538665 6999080.23256612 491.8047257851042
v 600221.1023426441 6999115.069819873 489.5420143009145
v 600201.3725314217 6999149.907073626 488.7925760698347
v 600181.6427201993 6999184.744327378 487.95954441082534
v 600161.9129089769 6999219.581581132 485.65586279360383
v 600142.1830977544 6999254.418834885 480.6012777378544
v 600122.453286532 6999289.256088637 474.93804540309054
v 600102.7234753096 6999324.09334239 471.09246701064285
v 600082.9936640871 6999358.930596142 468.5517761154517
v 600063.2638528647 6999393.767849895 464.71106814655553
v 600043.5340416422 6999428.605103648 459.6992018398756
v 600023.8042304198 6999463.4423574 454.5862699583807
v 600004.0744191974 6999498.2796111535 447.32044550537637
v 599984.344607975 6999533.116864906 441.1179653552755
v 599964.6147967525 6999567.954118659 434.92964651149157
v 599944.88498553 6999602.791372412 429.22312522950017
v 599925.1551743076 6999637.628626164 422.70225592267127
v 599905.4253630852 6999672.465879917 417.5783873409327
v 599885.6955518628 6999707.303133669 412.34612304877476
v 599865.9657406403 6999742.140387422 407.27452003023933
v 599846.2359294179 6999776.9776411755 402.57196470981313
v 599826.5061181955 6999811.814894928 397.9649397641325
v 599806.7763069731 6999846.652148681 393.47386688669496
v 599787.0464957507 6999881.489402433 389.7799950181052
v 599767.3166845281 6999916.326656186 387.49471867421187
v 599747.5868733057 6999951.163909939 385.33261445823155
v 599727.8570620833 6999986.001163691 383.03492581584817
v 599708.1272508609 7000020.838417444 380.8202063157106
v 599688.3974396385 7000055.675671197 378.0463314116057
v 599668.667628416 7000090.51292495 375.10993446300427
v 599648.9378171936 7000125.350178703 370.3636719548987
v 599629.2080059712 7000160.187432455 364.6019794936956
v 599609.4781947487 7000195.024686208 357.7585849347696
v 599589.7483835262 7000229.86193996 353.2648812716324
v 599570.0185723038 7000264.699193713 350.0
v 599550.2887610814 7000299.536447466 350.0
v 599530.558949859 7000334.3737012185 350.0
v 599510.8291386366 7000369.210954972 350.0
v 599491.0993274141 7000404.048208724 350.0
v 599471.3695161917 7000438.885462477 350.0
v 599451.6397049692 7000473.72271623 349.8404351290163
v 599431.9098937468 7000508.559969982 348.8952722010748
v 599412.1800825244 7000543.397223735 347.5409015789422
v 599392.4502713019 7000578.234477487 348.4123728071767
v 599372.7204600795 7000613.0717312405 351.2182874182419
v 599352.9906488571 7000647.908984994 352.5466255263222
v 599333.2847002211 7000682.759739692 355.73752281136063
v 599313.5846288378 7000717.613819618 358.7716045466444
v 599293.8845574545 7000752.467899542 361.30519349770157
v 599274.1844860712 7000787.321979467 364.6233504904078
v 599254.4844146878 7000822.176059391 369.3004730362087
v 599234.7843433046 7000857.030139316 374.35103735409706
v 599215.0842719213 7000891.884219241 378.73242195847155
v 599195.3842005379 7000926.738299166 382.1751432247603
v 599175.6841291547 7000961.59237909 384.3793193230656
v 599155.9840577714 7000996.446459015 384.36034172014894
v 599136.283986388 7001031.300538939 383.35772869898847
v 599116.5839150047 7001066.154618864 381.87536155257186
v 599096.8838436215 7001101.008698789 380.38657943989534
v 599077.1837722381 7001135.862778714 379.8961286807832
v 599057.4837008548 7001170.716858638 382.3337888414762
v 599037.7836294716 7001205.570938563 385.7995210729154
v 599018.0835580882 7001240.4250184875 389.06986925797503
v 598998.3834867049 7001275.279098413 391.97112131144945
v 598978.6834153216 7001310.1331783375 393.40347480150496
v 598958.9833439382 7001344.987258262 395.11026530317486
v 598939.283272555 7001379.8413381865 397.17015833090556
v 598919.5832011717 7001414.695418111 400.46825417964897
v 598899.8831297883 7001449.5494980365 403.1669847747689
v 598880.1830584051 7001484.403577961 404.4110004048321
v 598860.4829870218 7001519.257657886 404.7215288776657
v 598840.7829156384 7001554.11173781 404.0098249643551
v 598821.0828442551 7001588.965817735 403.3235820478128
v 598801.3827728719 7001623.819897659 403.1751237691195
v 598781.6827014885 7001658.673977585 401.4315357245561
v 598761.9826301052 7001693.528057509 398.166995740003
v 598742.282558722 7001728.382137434 394.80330551572416
v 598722.5824873386 7001763.236217358 392.61314033937253
v 598702.8824159553 7001798.090297283 390.72722993085813
v 598683.182344572 7001832.944377208 388.3173601155495
v 598663.4822731887 7001867.798457133 386.63787604081153
v 598643.7822018054 7001902.652537057 384.584436807306
v 598624.0821304221 7001937.506616982 384.7313962560295
v 598604.3820590387 7001972.360696906 382.1865077395785
v 598584.6819876555 7002007.214776832 381.2594935163486
v 598564.9819162722 7002042.068856756 378.43858153302205
v 598545.2818448889 7002076.922936681 376.13152694422945
v 598525.5817735055 7002111.777016605 376.1669610416412
v 598505.8817021223 7002146.63109653 372.8962453795783
v 598486.181630739 7002181.485176455 371.0397806388922
v 598466.4815593556 7002216.33925638 368.26203711878463
v 598446.7814879724 7002251.193336304 366.4401126071591
v 598426.0131439285 7002285.412422696 364.74851797543056
v 598404.8092300522 7002319.372601381 363.2379428757435
v 598383.6053161758 7002353.332780064 364.1217046989715
v 598362.4014022995 7002387.292958748 364.9905010030219
v 598341.1974884232 7002421.253137431 364.5073021634736
v 598319.9935745469 7002455.213316115 363.4715036115565
v 598298.7896606706 7002489.173494799 361.3708746622302
v 598277.5857467942 7002523.133673483 356.2138285290001
v 598256.3818329179 7002557.093852166 352.3055833009385
v 598235.1779190416 7002591.05403085 349.3925248925759
v 598213.9740051653 7002625.014209534 347.23648080828804
v 598192.770091289 7002658.974388218 345.0804367240305
v 598171.5661774126 7002692.934566901 345.0
v 598150.3622635363 7002726.894745585 345.0
v 598129.15834966 7002760.854924268 345.0
v 598107.9544357837 7002794.8151029525 345.0
v 598086.7505219074 7002828.775281636 345.0
v 598065.546608031 7002862.73546032 345.0
v 598044.3426941547 7002896.695639003 345.0
v 598023.1387802784 7002930.655817687 346.0459409301093
v 598001.9348664021 7002964.615996371 347.46644725131864
v 597980.7309525257 7002998.576175055 348.9969157135266
v 597959.5270386494 7003032.536353738 351.487273329906
v 597938.3231247731 7003066.496532422 355.97749108004297
v 597917.1192108967 7003100.456711106 360.64111133665097
v 597895.9152970203 7003134.4168897895 364.34269337035244
v 597874.711383144 7003168.377068473 368.92780688580115
v 597853.5074692677 7003202.337247157 372.38872591897047
v 597832.3035553914 7003236.29742584 375.48839239659014
v 597811.0996415151 7003270.2576045245 378.8077536417321
v 597789.8957276387 7003304.217783208 381.8644943599409
v 597768.6918137624 7003338.1779618915 384.6111969278432
v 597747.4878998861 7003372.138140575 390.1659562110541
v 597726.2839860098 7003406.0983192595 396.663241695736
v 597705.0800721335 7003440.058497943 407.79386289655224
v 597683.8761582571 7003474.0186766265 418.9056749348263
v 597662.6722443808 7003507.97885531 429.1591905706778
v 597641.4683305045 7003541.9390339935 433.5876679147044
v 597620.2644166282 7003575.899212678 435.87372564210665
v 597599.0605027518 7003609.8593913615 435.90515974451273
v 597577.8565888755 7003643.819570045 437.0226185800067
v 597556.6526749992 7003677.7797487285 440.3943826591709
v 597535.4487611229 7003711.739927413 445.48335426087704
v 597514.2448472466 7003745.700106096 452.0174689778415
v 597493.0409333702 7003779.66028478 459.22863190425824
v 597471.8370194939 7003813.6204634635 465.6384735670001
v 597450.6331056176 7003847.580642147 469.68283558319484
v 597429.4291917413 7003881.540820831 469.914931180216
v 597408.225277865 7003915.500999515 467.0075681047825
v 597387.0213639886 7003949.461178198 463.70075442483824
v 597365.8174501122 7003983.421356882 460.5897799959997
v 597344.6135362359 7004017.381535566 456.7168295949142
v 597323.4096223596 7004051.34171425 453.62483832724513
v 597302.2057084832 7004085.301892933 449.97264940075195
v 597281.0017946069 7004119.262071617 447.7339573010739
v 597259.7978807306 7004153.2222503 452.19390623025316
v 597238.5939668543 7004187.182428985 458.8192690666258
v 597217.390052978 7004221.142607668 464.7946378573865
v 597196.1861391016 7004255.102786352 466.86461146959476
v 597174.9822252253 7004289.062965035 464.2159349203527
v 597153.778311349 7004323.02314372 460.51844845867976
v 597132.5743974727 7004356.983322403 458.73639407138876
v 597111.3704835963 7004390.943501087 457.7999072733732
v 597090.16656972 7004424.90367977 458.5797435280879
v 597068.9626558437 7004458.863858454 460.26023290930874
v 597047.7587419674 7004492.824037138 462.7946800820407
v 597026.5548280911 7004526.784215822 464.48648578529105
v 597005.3509142147 7004560.744394505 466.4824955008353
v 596984.1470003384 7004594.704573189 467.6757120208812
v 596962.9430864621 7004628.664751873 466.5947804155171
v 596941.7391725858 7004662.624930557 464.7457442606984
v 596920.5352587095 7004696.58510924 460.70539344529584
v 596899.3313448331 7004730.545287924 456.93477819992927
v 596878.1274309568 7004764.505466607 453.55634251100224
v 596856.9235170805 7004798.465645292 449.5519930320983
v 596835.7196032042 7004832.425823975 449.2407865300109
v 596814.5156893277 7004866.386002659 452.0340174795633
v 596793.3117754514 7004900.346181342 455.9500836268135
v 596772.1078615751 7004934.306360027 459.92231674886295
v 596750.9039476988 7004968.26653871 463.5297254003158
v 596729.7000338224 7005002.226717394 462.719702075225
v 596708.4961199461 7005036.186896077 460.6890379933153
v 596687.2922060698 7005070.147074761 456.68319739266747
v 596666.0882921935 7005104.107253445 453.5923448040145
v 596644.8843783172 7005138.067432129 451.68774797774
v 596623.6804644408 7005172.027610812 451.5944343920187
v 596602.4765505645 7005205.987789496 451.9140424577156
v 596581.2726366882 7005239.94796818 447.66234849691386
v 596560.0687228119 7005273.908146864 442.8959755220146
v 596538.8648089356 7005307.868325547 437.35725415321275
v 596517.6608950592 7005341.828504231 435.79308933489665
v 596496.4569811829 7005375.788682914 436.1642701306832
v 596475.2530673066 7005409.748861599 440.9222987125228
v 596454.0491534303 7005443.709040282 446.2105855628516
v 596432.845239554 7005477.669218966 450.4425260104969
v 596411.6413256776 7005511.629397649 453.0648580658475
v 596390.4374118013 7005545.589576334 452.6386379811993
v 596369.233497925 7005579.549755017 449.2112967435805
v 596348.0295840487 7005613.509933701 446.4575885171038
v 596321.351024784 7005643.163975669 443.59469626997975
v 596293.3417956663 7005671.771366045 441.6077540205284
v 596265.3325665485 7005700.378756422 440.01189408163845
v 596237.3233374308 7005728.986146797 439.14471141402737
v 596209.3141083131 7005757.593537173 437.43309639407926
v 596181.3048791953 7005786.20092755 435.7368103935462
v 596153.2956500775 7005814.808317926 433.00435609858494
v 596125.2864209597 7005843.415708302 430.3873643926797
v 596097.277191842 7005872.023098678 427.65805432896707
v 596069.2679627242 7005900.630489054 423.48137451400635
v 596041.2587336064 7005929.237879431 418.80988078207565
v 596013.2495044887 7005957.845269807 413.4044175526044
v 595985.2402753709 7005986.4526601825 408.40693240852835
v 595957.2310462531 7006015.060050559 405.8249387377871
v 595929.2218171355 7006043.667440935 404.1865016974185
v 595901.2125880177 7006072.274831311 403.18706696467586
v 595873.2033588999 7006100.882221688 401.9377751497503
v 595845.1941297821 7006129.489612063 399.6648823670879
v 595817.1849006644 7006158.097002439 395.91137894497456
v 595789.1756715466 7006186.704392816 390.6308296451932
v 595761.1664424288 7006215.311783192 384.92159288702595
v 595733.1572133111 7006243.9191735685 380.0810709693203
v 595705.1479841933 7006272.526563944 376.81486730468754
v 595677.1387550755 7006301.13395432 373.92143638971027
v 595649.1295259577 7006329.741344697 372.2649704701938
v 595621.12029684 7006358.348735073 370.59121184569653
v 595593.1110677223 7006386.956125448 370.0
v 595565.1018386045 7006415.563515825 370.0
v 595537.0926094868 7006444.170906201 370.0
v 595509.083380369 7006472.778296577 369.99999999999994
v 595481.0741512512 7006501.385686954 370.0
v 595453.0649221335 7006529.993077329 370.0
v 595425.0556930157 7006558.600467706 370.0
v 595397.0464638979 7006587.207858082 370.0
v 595369.0372347801 7006615.815248458 370.0
v 595341.0280056624 7006644.422638834 369.99999999999994
v 595313.0187765446 7006673.03002921 370.0
v 595286.5979823587 7006703.017118505 370.0
v 595262.1923145099 7006734.754526665 370.0
v 595237.786646661 7006766.491934827 370.0
v 595213.3809788121 7006798.229342987 370.5738818150247
v 595188.9753109632 7006829.966751148 372.2818605594301
v 595164.5696431143 7006861.704159308 373.9589516784341
v 595140.1639752655 7006893.441567469 376.71697971450044
v 595115.7583074166 7006925.17897563 381.41506369315937
v 595091.3526395677 7006956.91638379 387.00057090384837
v 595066.9469717188 7006988.653791951 392.7701479627576
v 595042.5413038699 7007020.391200111 397.1782216668737
v 595018.135636021 7007052.128608272 401.5090170903988
v 594993.7299681721 7007083.866016433 405.29846564430386
v 594969.3243003233 7007115.603424594 409.60722044794807
v 594944.9186324745 7007147.340832754 414.98296853746865
v 594920.5129646256 7007179.078240915 421.94430097032324
v 594896.1072967767 7007210.815649075 427.05303533537244
v 594871.7016289278 7007242.553057236 430.0
v 594847.295961079 7007274.290465397 430.0
v 594822.8902932301 7007306.027873557 428.8079681945129
v 594798.4846253812 7007337.765281718 421.883394763007
v 594774.0789575323 7007369.502689878 419.99999999999994
v 594749.6732896834 7007401.24009804 419.99999999999994
v 594725.2676218345 7007432.9775062 422.6031685477659
v 594700.8619539856 7007464.71491436 432.997908977502
v 594676.4562861368 7007496.452322521 444.7665370341357
v 594652.0506182879 7007528.1897306815 457.51293187187764
v 594627.644950439 7007559.927138843 469.89129123325375
v 594603.2392825902 7007591.664547003 479.77441555878113
v 594578.8336147413 7007623.401955164 487.01195406082525
v 594554.4279468925 7007655.139363324 492.60120022603974
v 594530.0222790436 7007686.8767714845 499.83821374843416
v 594505.6166111947 7007718.614179646 506.95219729262715
v 594481.2109433458 7007750.351587806 512.6421465956262
v 594456.8052754969 7007782.088995967 518.3907133395253
v 594432.399607648 7007813.826404127 524.7794915031232
v 594407.9939397991 7007845.563812288 532.7724937097065
v 594383.5882719503 7007877.301220449 541.0301194183307
v 594359.1826041014 7007909.03862861 550.7563573972988
v 594334.7769362525 7007940.77603677 560.0751866409503
v 594310.3712684036 7007972.51344493 568.3613374637432
v 594285.9656005547 7008004.2508530915 575.3354470323372
v 594261.559932706 7008035.988261252 582.8870037006744
v 594237.1542648571 7008067.725669413 591.2023928777453
v 594212.7485970082 7008099.463077573 601.095811808072
v 594188.3429291593 7008131.200485734 612.9408736263082
v 594163.9372613104 7008162.9378938945 624.9085984984366
v 594139.5315934615 7008194.675302055 635.8954408132101
v 594115.1259256126 7008226.412710216 646.4270400463524
v 594089.7075201147 7008257.309977481 658.3360831282396
v 594063.0238391353 7008287.157605013 672.9302564525875
v 594036.3401581559 7008317.005232546 690.4170261947496
v 594009.6564771765 7008346.852860077 705.9380684632748
v 593982.972796197 7008376.700487609 718.105305408428
v 593956.2891152176 7008406.548115142 726.2394565597081
v 593929.6054342382 7008436.395742673 731.898436083336
v 593902.9217532588 7008466.243370206 735.8661161284913
v 593876.2380722794 7008496.090997738 738.9060925364133
v 593849.5543913 7008525.93862527 739.5293790163241
v 593822.8707103205 7008555.786252802 739.2345648403862
v 593796.1870293411 7008585.633880334 737.7089364143841
v 593769.5033483617 7008615.481507866 736.1161065788151
v 593742.8196673822 7008645.329135398 734.6406994940269
v 593716.1359864027 7008675.17676293 735.2889926856492
v 593689.4523054233 7008705.024390462 736.5595459430577
v 593662.7686244439 7008734.8720179945 738.4608557254855
v 593636.0849434645 7008764.719645526 740.6362309722388
v 593609.4012624851 7008794.567273058 742.8150921244519
v 593582.7175815057 7008824.414900591 745.8640425529192
v 593556.0339005262 7008854.262528122 749.18329014794
v 593529.3502195468 7008884.110155655 752.3285476591909
v 593502.6665385674 7008913.957783187 754.9283959216235
v 593475.982857588 7008943.805410719 757.276618686865
v 593449.2991766086 7008973.653038251 759.3221450471109
v 593422.6154956291 7009003.500665783 760.564761541192
v 593395.9318146497 7009033.348293315 760.4313327997919
v 593369.2481336703 7009063.195920847 759.3944552533466
v 593342.5644526909 7009093.043548379 758.935343442866
v 593315.8807717115 7009122.891175911 761.1180400908362
v 593289.197090732 7009152.7388034435 768.5271669368922
v 593262.5134097526 7009182.586430975 779.6029673825127
v 593235.8297287732 7009212.434058507 790.1408629965855
v 593209.1460477938 7009242.28168604 799.1536390141736
v 593182.4623668144 7009272.129313571 805.1948127260544
v 593155.778685835 7009301.976941103 810.1158087797796
v 593129.0950048555 7009331.824568636 814.2556727611707
v 593102.4113238761 7009361.6721961675 817.1401294196547
v 593075.7276428967 7009391.5198237 817.8832881529586
v 593049.0439619173 7009421.367451232 813.8729127068005
v 593023.8927083135 7009452.461265065 805.6801622461609
v 593000.1118802904 7009484.669523609 797.4877966174053
v 592976.3310522672 7009516.877782153 793.6238830736108
v 592952.5502242441 7009549.086040696 795.3185799272269
v 592928.7693962209 7009581.29429924 803.0516032892733
v 592904.9885681978 7009613.502557784 812.705581732928
v 592881.2077401746 7009645.710816328 819.5412559264468
v 592857.4269121515 7009677.9190748725 824.6097270416928
v 592833.6460841283 7009710.127333417 827.0716683732821
v 592809.8652561051 7009742.335591961 829.6328203035488
v 592786.084428082 7009774.543850505 832.6221224449821
v 592762.3036000588 7009806.752109049 834.9693742857535
v 592738.5227720357 7009838.960367593 836.5471312019446
v 592714.7419440125 7009871.168626137 838.3312908910377
v 592690.9611159894 7009903.37688468 840.2557108080239
v 592667.1802879662 7009935.585143224 844.0555724202939
v 592643.3994599431 7009967.793401768 848.9068757988128
v 592619.6186319198 7010000.0016603125 853.5617132569375
v 592595.8378038967 7010032.209918857 858.4072669714377
v 592572.0569758735 7010064.418177401 863.0566475793925
v 592548.2761478504 7010096.626435945 866.9595962699175
v 592524.4953198272 7010128.834694489 871.3091016250046
v 592500.7144918041 7010161.042953033 875.4201767693885
v 592476.9336637809 7010193.251211577 879.9353984938134
v 592453.1528357578 7010225.45947012 883.357055808222
v 592429.3720077346 7010257.667728664 885.636657945702
v 592405.5911797115 7010289.875987208 887.6542666866399
v 592381.8103516883 7010322.084245753 890.2047557125967
v 592358.0295236651 7010354.292504297 893.3042332969395
v 592334.248695642 7010386.500762841 896.4597090503271
v 592310.4678676188 7010418.709021385 899.4517540474227
v 592286.6870395957 7010450.917279929 901.271373976437
v 592262.9062115725 7010483.125538473 903.2186303187042
v 592239.1253835494 7010515.333797017 904.2271329174985
v 592215.3445555262 7010547.542055561 906.8177628377061
v 592230.2578913238 7010577.005109438 910.0
v 592258.3477436263 7010605.533339272 907.391785168324
v 592291.2861400743 7010611.829069865 899.8608355618292
v 592328.7035176068 7010597.586894522 894.8886586845497
v 592366.1208951394 7010583.34471918 888.319852715457
v 592403.538272672 7010569.102543837 880.3121474714226
v 592440.9556502046 7010554.860368494 873.5199673624464
v 592478.3730277371 7010540.618193151 867.4454106202929
v 592510.1636782478 7010516.933639748 867.8003007276163
v 592540.496812586 7010490.80318508 868.619636039442
v 592570.8299469241 7010464.672730413 868.9080787286939
v 592601.1630812623 7010438.542275745 869.349349575366
v 592631.4962156004 7010412.411821078 869.343860088416
v 592661.8293499385 7010386.281366411 867.4613806144803
v 592692.1624842767 7010360.150911743 863.3599981949646
v 592722.4956186148 7010334.020457076 857.9943982830272
v 592752.828752953 7010307.890002408 852.6306025962944
v 592783.1618872911 7010281.75954774 848.8711306791489
v 592813.4950216293 7010255.629093073 846.3646168404063
v 592843.5189264563 7010229.1950007705 843.9331661113813
v 592869.0915502792 7010198.390121113 842.4210651914591
v 592894.6641741019 7010167.585241456 838.2195736596163
v 592920.2367979247 7010136.780361798 832.3428881541665
v 592945.8094217475 7010105.97548214 826.5083593073559
v 592971.3820455702 7010075.170602482 821.4135171091269
v 592996.954669393 7010044.365722825 817.1003634549221
v 593022.5272932157 7010013.560843167 813.6760149706391
v 593048.0999170385 7009982.755963509 810.6613708041622
v 593073.6725408613 7009951.951083852 808.9001082307784
v 593099.245164684 7009921.146204194 806.3992516160665
v 593124.8177885069 7009890.341324536 803.6006821566732
v 593150.3904123296 7009859.536444878 800.124253723452
v 593175.9630361523 7009828.731565221 795.6417138614677
v 593201.5356599751 7009797.926685563 790.5102239432142
v 593227.1082837979 7009767.121805905 785.0971025064662
v 593252.6809076207 7009736.316926247 781.2332378344233
v 593278.2535314434 7009705.51204659 779.7762144968842
v 593303.8261552661 7009674.7071669325 780.2083905238643
v 593329.398779089 7009643.902287275 781.6536727080841
v 593354.9714029117 7009613.097407617 783.2007332101963
v 593380.5440267344 7009582.29252796 784.4655295306018
v 593406.1166505573 7009551.487648302 785.315440169108
v 593431.68927438 7009520.682768644 785.5801371744965
v 593457.2618982028 7009489.877888986 785.7304643069067
v 593482.8345220255 7009459.073009329 785.3553436649426
v 593508.4071458483 7009428.268129671 784.8752638412941
v 593533.9797696711 7009397.463250013 784.3236671143305
v 593559.5523934938 7009366.658370356 784.1966716688637
v 593585.1250173167 7009335.853490698 784.1455665683036
v 593610.6976411394 7009305.04861104 784.3689970296584
v 593636.2702649621 7009274.243731382 784.6137245640743
v 593661.842888785 7009243.438851725 784.6948228653516
v 593687.4155126077 7009212.633972067 783.9721855768714
v 593712.9881364304 7009181.829092409 782.6557369153165
v 593738.5607602532 7009151.024212752 780.7448382033747
v 593764.133384076 7009120.219333095 778.4067930366429
v 593789.7060078988 7009089.414453437 775.4774002141819
v 593815.2786317215 7009058.609573779 772.010832589391
v 593840.6333076243 7009027.625979827 769.1765321286778
v 593865.8315583572 7008996.5141193895 766.5912573184265
v 593891.0298090901 7008965.402258951 764.5132504561406
v 593916.2280598229 7008934.290398513 762.465354033364
v 593941.4263105558 7008903.178538076 758.8814830686501
v 593966.6245612886 7008872.066677637 754.3788014796726
v 593991.8228120215 7008840.954817199 749.8470684242545
v 594017.0210627544 7008809.842956762 745.9543787355228
v 594042.2193134873 7008778.731096324 743.8881831497577
v 594067.4175642201 7008747.619235886 742.0369512979465
v 594092.615814953 7008716.507375448 738.5739995070551
v 594117.8140656858 7008685.39551501 734.4083907280044
v 594143.0123164187 7008654.283654572 726.3431777782016
v 594168.2105671517 7008623.171794134 714.6182054170611
v 594193.4088178845 7008592.059933696 701.3412650320485
v 594218.6070686174 7008560.948073259 687.5496829277361
v 594243.8053193502 7008529.83621282 676.3982076355896
v 594269.0035700831 7008498.724352382 668.6261945247289
v 594294.2018208159 7008467.612491945 663.5023189908798
v 594319.4000715489 7008436.500631507 659.4011132222262
v 594344.5983222817 7008405.388771069 654.9479129455003
v 594369.7965730146 7008374.276910631 649.8101117005406
v 594394.9948237474 7008343.165050193 645.0665531981
v 594420.1930744803 7008312.053189755 639.5317386969367
v 594445.3913252131 7008280.941329317 633.237115150285
v 594470.589575946 7008249.829468879 625.7736088392414
v 594495.787826679 7008218.717608442 615.8223562979994
v 594520.9860774118 7008187.605748003 604.1183301139797
v 594546.1843281446 7008156.493887565 592.0507479822106
v 594571.3825788775 7008125.382027128 579.3931005507086
v 594596.5808296103 7008094.2701666895 566.1292354304397
v 594621.7790803432 7008063.158306251 551.7171732022784
v 594646.9773310762 7008032.046445814 538.4558083240902
v 594672.175581809 7008000.934585376 528.2303346383541
v 594697.3738325419 7007969.822724938 518.8396743978985
v 594722.5720832747 7007938.7108645 512.6652981094251
v 594747.7703340076 7007907.599004062 507.1066161690927
v 594772.9685847404 7007876.487143625 500.5374689574337
v 594799.322106851 7007846.389749066 493.1447111491193
v 594826.9162435168 7007817.381761863 484.56776346121853
v 594854.5103801826 7007788.37377466 474.40652677492653
v 594882.1045168485 7007759.365787457 464.2588485566295
v 594909.6986535143 7007730.357800254 454.8860095290946
v 594937.2927901801 7007701.349813051 445.39770754943993
v 594964.8869268459 7007672.3418258475 440.5445424584199
v 594992.4810635117 7007643.333838644 438.12938474537305
v 595020.0752001775 7007614.325851441 435.45536836260715
v 595047.6693368433 7007585.317864238 431.9991563208457
v 595075.2634735091 7007556.309877035 424.0337321058122
v 595102.8576101749 7007527.301889832 412.8826269256422
v 595130.4517468406 7007498.293902629 401.3343127100849
v 595158.0458835064 7007469.285915426 393.099612812085
v 595185.6400201722 7007440.277928223 388.82852961523315
v 595213.234156838 7007411.26994102 386.37317362378
v 595240.8282935038 7007382.261953817 387.96484914466464
v 595268.4224301697 7007353.253966614 388.81497268079005
v 595296.0165668355 7007324.245979411 389.57592958442615
v 595323.6107035013 7007295.2379922075 388.4088027637006
v 595351.2048401671 7007266.230005004 385.0012410146615
v 595378.7989768329 7007237.222017801 380.2197488738501
v 595406.3931134987 7007208.214030598 375.3546101098648
v 595433.9872501645 7007179.206043395 372.0909885071903
v 595461.5813868302 7007150.198056192 370.00000000000006
v 595489.175523496 7007121.190068989 370.0
v 595516.7696601618 7007092.182081786 370.00000000000006
v 595544.3637968276 7007063.174094583 370.0
v 595571.9579334934 7007034.16610738 369.99999999999994
v 595599.5520701592 7007005.158120177 370.00000000000006
v 595627.146206825 7006976.150132974 369.99999999999994
v 595654.7403434908 7006947.142145771 370.0
v 595682.3344801567 7006918.1341585675 369.99999999999994
v 595709.9286168225 7006889.126171364 369.99999999999994
v 595737.5227534883 7006860.118184161 370.6952151099842
v 595765.1168901541 7006831.110196958 372.0318150171293
v 595792.7110268198 7006802.102209755 373.3684149242739
v 595820.3051634856 7006773.094222552 375.25001141861185
v 595847.8993001514 7006744.086235349 377.69529180371023
v 595875.4934368172 7006715.078248146 380.2696619780657
v 595903.087573483 7006686.070260943 383.4035584580166
v 595930.6817101488 7006657.06227374 386.8210726631602
v 595958.2758468146 7006628.054286537 392.4135320344318
v 595985.8699834804 7006599.046299334 398.9271092079346
v 596013.4641201462 7006570.038312131 405.51162397369103
v 596041.058256812 7006541.0303249275 411.95535310114957
v 596068.6523934779 7006512.022337724 418.32702784667117
v 596096.2465301437 7006483.014350521 425.4598121726834
v 596123.8406668094 7006454.006363318 433.22330208914605
v 596151.4348034752 7006424.998376115 441.86341958438004
v 596179.028940141 7006395.990388912 450.49945675377893
v 596206.6230768068 7006366.982401709 458.70562638597715
v 596236.5145147516 7006340.3893456515 468.33209137698987
v 596266.8631610114 7006314.276908574 473.20829560957065
v 596297.2118072712 7006288.164471497 476.8649301724804
v 596327.560453531 7006262.05203442 479.69185285588895
v 596357.9090997907 7006235.939597343 483.1212273050744
v 596388.2577460506 7006209.827160266 486.58025901122403
v 596418.6063923104 7006183.714723188 489.2935359477276
v 596448.9550385702 7006157.602286112 492.15031590411036
v 596479.30368483 7006131.489849035 494.733310358549
v 596509.6523310897 7006105.377411958 497.0528821898314
v 596540.0009773496 7006079.264974881 499.5887948622794
v 596570.3496236093 7006053.152537803 503.6359542107467
v 596600.6982698692 7006027.040100726 508.5969207375648
v 596631.046916129 7006000.927663649 514.5076463909035
v 596661.3955623887 7005974.815226573 520.5267120694331
v 596691.7442086486 7005948.702789496 525.154608812045
v 596722.0928549083 7005922.590352419 528.6880520338027
v 596752.4415011682 7005896.477915341 532.6817572858445
v 596782.225915369 7005869.839426536 536.2329464511578
v 596806.1514495346 7005837.738515104 537.7639673775959
v 596830.0769837 7005805.637603671 537.5300190636805
v 596854.0025178655 7005773.536692238 535.6220660392963
v 596877.928052031 7005741.4357808065 534.4338471399018
v 596901.8535861966 7005709.334869374 533.5255573183226
v 596925.779120362 7005677.233957942 532.5727016205913
v 596949.7046545275 7005645.133046509 535.0485925238019
v 596973.6301886931 7005613.032135076 536.7780705766044
v 596997.5557228585 7005580.931223644 537.99913714247
v 597021.481257024 7005548.830312211 538.2643283671655
v 597045.4067911895 7005516.729400778 537.7046406811826
v 597069.332325355 7005484.628489346 537.7910166370141
v 597093.2578595205 7005452.527577913 539.7012242852513
v 597117.183393686 7005420.4266664805 540.8648238757582
v 597141.1089278515 7005388.325755049 544.1714298910279
v 597165.034462017 7005356.224843616 546.2401104662362
v 597188.9599961825 7005324.123932183 548.1490642440011
v 597212.8855303479 7005292.023020751 547.1591294921857
v 597236.8110645135 7005259.922109318 545.186649910263
v 597260.736598679 7005227.821197885 543.5049842221163
v 597284.6621328444 7005195.720286453 544.0017678376983
v 597308.58766701 7005163.61937502 544.9374460737079
v 597332.5132011755 7005131.518463588 547.8205388891349
v 597354.8292652312 7005098.485032493 550.9303988708535
v 597370.7793322986 7005061.763171695 553.8921601112625
v 597386.729399366 7005025.041310898 554.5773016807342
v 597402.6794664332 7004988.3194501 555.6166573776973
v 597418.6295335006 7004951.597589302 555.434004434674
v 597434.579600568 7004914.875728505 552.8281010780286
v 597450.5296676353 7004878.153867707 549.8329068540291
v 597466.4797347027 7004841.432006909 548.5838883352035
v 597482.4298017701 7004804.710146111 552.2012329388
v 597498.3798688374 7004767.988285313 556.2630452932225
v 597514.3299359048 7004731.266424515 561.8273054562454
v 597530.2800029722 7004694.544563718 566.0754516570671
v 597546.2300700396 7004657.82270292 565.4939143142901
v 597562.1801371069 7004621.100842122 564.2125000165415
v 597578.1302041743 7004584.378981325 563.0681118995766
v 597594.0802712417 7004547.657120527 562.9895116914685
v 597610.030338309 7004510.935259729 564.6259694154376
v 597625.9804053764 7004474.213398932 567.5853118558306
v 597641.9304724438 7004437.4915381335 569.1701174660723
v 597657.8805395112 7004400.769677335 566.3660062851367
v 597673.8306065785 7004364.047816538 564.945308650664
v 597689.7806736459 7004327.32595574 559.8785549409022
v 597705.7307407133 7004290.604094942 552.1901277488755
v 597721.6808077806 7004253.882234145 544.1410495765571
v 597737.630874848 7004217.160373347 535.6968730522237
v 597753.5809419154 7004180.438512549 527.3357972954659
v 597769.5310089828 7004143.716651752 520.6881130599288
v 597785.4810760501 7004106.994790954 513.2297266126905
v 597801.4311431175 7004070.2729301555 505.8884126887011
v 597817.3812101849 7004033.551069358 498.9616107148883
v 597833.3312772522 7003996.82920856 490.31113378868577
v 597849.2813443196 7003960.107347762 482.0036782846159
v 597865.231411387 7003923.385486964 473.96110701526754
v 597881.1814784543 7003886.663626167 465.1668672191089
v 597899.4348392119 7003851.070387897 454.2003471845019
v 597918.681053529 7003815.963651586 442.9555854983922
v 597937.9272678462 7003780.8569152765 433.3057199419556
v 597957.1734821633 7003745.750178966 426.9964808728373
v 597976.4196964805 7003710.643442655 423.7123529312539
v 597995.6659107977 7003675.536706345 421.3387053189126
v 598014.9121251148 7003640.429970034 416.89295487906645
v 598034.158339432 7003605.323233725 411.6179755735228
v 598053.404553749 7003570.216497414 405.20479238458404
v 598072.6507680662 7003535.109761104 398.5366095765369
v 598091.8969823833 7003500.003024793 393.01076965491455
v 598111.1431967005 7003464.896288483 389.3834765643396
v 598130.3894110176 7003429.789552173 388.39153052427787
v 598149.6356253348 7003394.682815863 387.26515826951413
v 598168.881839652 7003359.576079552 383.1293348639133
v 598188.1280539691 7003324.469343242 376.5134783765343
v 598207.3742682863 7003289.3626069315 369.9808596769807
v 598226.6204826034 7003254.255870621 364.35631058545073
v 598245.8666969206 7003219.149134311 359.3527000799885
v 598265.1129112378 7003184.042398 354.8917810777058
v 598284.3591255549 7003148.93566169 349.99337907344386
v 598303.6053398721 7003113.82892538 347.962004320519
v 598322.8515541892 7003078.72218907 345.9593273167683
v 598342.0977685063 7003043.615452759 345.0
v 598361.3439828234 7003008.508716449 345.0
v 598380.5901971406 7002973.401980138 345.0
v 598399.8364114577 7002938.295243829 345.0
v 598419.0826257749 7002903.188507518 345.0
v 598438.328840092 7002868.081771208 345.0
v 598457.5750544092 7002832.975034897 345.0
v 598476.8212687264 7002797.868298586 345.0
v 598496.0674830435 7002762.761562277 345.0
v 598515.3136973607 7002727.654825966 345.0
v 598534.5599116778 7002692.548089656 346.23260526929596
v 598553.806125995 7002657.441353345 351.45378904964616
v 598573.0523403122 7002622.334617035 360.91390968858076
v 598592.2985546293 7002587.227880725 371.905537365966
v 598611.5447689465 7002552.121144415 383.02882812279415
v 598630.424515687 7002516.817811616 392.4976309759966
v 598649.0297408422 7002481.367207998 398.96795267612055
v 598667.6349659972 7002445.916604381 404.44333804921007
v 598686.2401911523 7002410.466000764 409.56344187367665
v 598704.8454163073 7002375.015397146 415.47657855277487
v 598723.4506414623 7002339.564793529 421.3326181777917
v 598742.0558666175 7002304.114189912 426.8409608278253
v 598760.6610917725 7002268.663586294 430.55135905119687
v 598779.2663169276 7002233.212982677 433.3775446314412
v 598797.8715420826 7002197.76237906 436.21433877737553
v 598816.4767672378 7002162.311775442 440.04310686596074
v 598835.0819923928 7002126.861171825 443.2627185232075
v 598853.6872175478 7002091.4105682075 447.78764264440906
v 598872.2924427029 7002055.95996459 448.96446323550447
v 598890.8976678579 7002020.509360973 449.9705259766486
v 598909.5028930131 7001985.058757355 452.7390843246917
v 598928.1081181681 7001949.608153738 457.5263197651911
v 598946.7133433232 7001914.157550121 466.87877907849816
v 598965.3185684782 7001878.706946503 475.3192868521894
v 598983.9237936332 7001843.256342886 481.16748428512864
v 599002.5290187884 7001807.805739269 483.60647019011776
v 599021.1342439434 7001772.355135651 482.2825474310531
v 599039.7394690985 7001736.904532034 477.7926105175978
v 599058.3446942535 7001701.453928417 475.1062835309228
v 599076.9499194087 7001666.003324799 469.9214548535808
v 599095.5551445637 7001630.552721182 465.32961468785993
v 599114.1603697187 7001595.1021175645 459.75428339423877
v 599133.6022802072 7001560.114430535 451.0823656470333
v 599153.752068679 7001525.518394281 445.13717198224646
v 599173.9018571506 7001490.922358028 439.87341392427516
v 599194.0516456222 7001456.326321774 433.97705860404324
v 599214.2014340939 7001421.730285521 427.54019861324423
v 599234.3512225656 7001387.134249267 420.5336056956028
v 599254.5010110373 7001352.538213014 413.97528315481435
v 599274.6507995089 7001317.94217676 408.9461584883114
v 599294.8005879805 7001283.346140507 403.2931248732346
v 599314.9503764522 7001248.750104253 398.08401223739645
v 599335.1001649239 7001214.154068 394.8443611171946
v 599355.2499533956 7001179.558031746 390.474906160336
v 599375.3997418672 7001144.961995493 388.4006400998409
v 599395.5495303388 7001110.365959239 386.3849712150727
v 599415.6993188106 7001075.769922986 385.5101340957992
v 599435.8491072822 7001041.173886732 385.2886060978719
v 599455.9988957539 7001006.577850479 384.84961145420726
v 599476.1486842255 7000971.981814225 383.6405675033665
v 599496.2984726973 7000937.385777972 381.67443040367823
v 599516.4482611689 7000902.789741718 378.495707315459
v 599536.5980496405 7000868.193705465 378.0574026418692
v 599556.7478381122 7000833.597669211 377.84604011208864
v 599576.8976265839 7000799.001632959 376.74037050572474
v 599597.0474150556 7000764.405596705 373.8224609877527
v 599617.1972035272 7000729.809560452 371.1516818487862
v 599637.3469919988 7000695.213524198 364.1368488612999
v 599657.4967804706 7000660.617487945 356.9668635084841
v 599677.6465689422 7000626.021451691 351.8327953173847
v 599697.7963574139 7000591.425415438 349.16090494366665
v 599717.9461458855 7000556.829379184 347.936038970917
v 599738.0959343573 7000522.233342931 346.89689871882416
v 599758.2457228289 7000487.637306677 345.925241937415
v 599778.3955113005 7000453.041270424 346.09848692017545
v 599798.5452997722 7000418.44523417 346.6442191603254
v 599818.6950882439 7000383.849197917 347.13547806634284
v 599838.8448767156 7000349.253161663 347.95909627386186
v 599858.9946651872 7000314.65712541 349.00962612814305
v 599879.1444536588 7000280.061089156 350.13758833565123
v 599899.2942421306 7000245.465052903 353.6505977723416
v 599919.4440306022 7000210.869016649 358.90096945823484
v 599939.5938190739 7000176.272980396 364.9217482675071
v 599959.7436075455 7000141.676944142 372.59386793092267
v 599979.8933960173 7000107.080907889 380.0073574361857
v 600000.0431844889 7000072.484871635 386.73910786912757
v 600020.1929729605 7000037.888835382 392.3461874475971
v 600040.3427614322 7000003.292799128 397.9036598198903
v 600060.4925499039 6999968.696762875 403.46446240432215
v 600080.6423383756 6999934.100726621 408.8835063027758
v 600100.7921268472 6999899.504690368 413.61224370012496
v 600120.9419153188 6999864.908654114 419.1338461297462
v 600141.0917037906 6999830.312617861 427.02871943031823
v 600161.2414922622 6999795.716581607 435.3334935182983
v 600181.3912807339 6999761.120545354 442.5415011828254
v 600201.5410692055 6999726.5245091 449.82958617003965
v 600221.6908576771 6999691.928472847 455.28143541510076
v 600242.9016408641 6999657.975314745 461.10844553029716
v 600264.2402612446 6999624.0996157825 466.04312164228656
v 600285.5788816251 6999590.22391682 473.0926744806368
v 600306.9175020057 6999556.348217859 480.9918746866414
v 600328.2561223862 6999522.472518897 489.9493660541725
v 600349.5947427667 6999488.596819934 498.74343654613807
v 600370.9333631473 6999454.721120973 505.07649062814187
v 600392.2719835278 6999420.845422011 510.9054121386935
v 600413.6106039083 6999386.969723049 516.8794862682439
v 600434.9492242889 6999353.094024087 523.5664487055625
v 600456.2878446694 6999319.218325125 530.3436121550154
v 600477.6264650499 6999285.342626163 536.7112491676762
v 600498.9650854305 6999251.4669272015 542.1552899803439
v 600520.303705811 6999217.591228239 547.1635944416789
v 600541.6423261915 6999183.715529277 551.6077818336279
v 600562.9809465721 6999149.839830316 555.9661691290501
v 600584.3195669526 6999115.964131353 559.7506091297709
v 600605.6581873331 6999082.088432391 558.3118273455475
v 600626.9968077138 6999048.21273343 557.0676953003771
v 600648.3354280943 6999014.337034468 555.9848716917041
v 600669.6740484748 6998980.461335505 554.8328926268168
v 600691.0126688554 6998946.585636544 552.7572380447277
v 600712.3512892359 6998912.709937582 548.9332038580858
v 600733.6899096164 6998878.83423862 541.6041922774575
v 600755.028529997 6998844.958539658 530.6127167471877
v 600776.3671503775 6998811.082840696 520.2552808189109
v 600797.705770758 6998777.207141734 512.1265334927423
v 600819.0443911386 6998743.331442772 504.3726050801484
v 600839.4916091264 6998708.931714053 498.27095030219203
v 600858.713579768 6998673.811697759 492.2497362874128
v 600877.9355504095 6998638.691681463 487.1026070567748
v 600897.157521051 6998603.571665169 482.70034714106805
v 600916.3794916924 6998568.451648873 478.45789967150074
v 600935.6014623339 6998533.331632579 473.8856644990613
v 600954.8234329754 6998498.211616283 468.55743054240367
v 600974.045403617 6998463.091599989 463.95172302315336
v 600993.2673742585 6998427.971583693 459.2807625789236
v 601012.4893448999 6998392.851567399 454.80176979642766
v 601031.7113155414 6998357.731551103 450.01460580017783
v 601050.9332861829 6998322.611534808 446.4889168511432
v 601070.1552568245 6998287.491518513 444.80950215477986
v 601089.377227466 6998252.371502218 444.35377341669994
v 601108.5991981074 6998217.251485923 447.04126257683225
v 601127.8211687489 6998182.131469628 450.41477979452725
v 601147.0431393904 6998147.011453333 456.28698964632656
v 601166.2651100319 6998111.891437038 463.09652599626787
v 601185.4870806735 6998076.771420743 469.34994800919617
v 601204.7090513149 6998041.651404448 474.7136229877591
v 601223.9310219564 6998006.531388153 477.22803475147384
v 601243.1529925979 6997971.411371858 479.88393767164547
v 601262.3749632394 6997936.291355563 480.7885868098138
v 601281.5969338808 6997901.171339268 481.4769227680807
v 601300.8189045223 6997866.051322973 482.3325389751455
v 601320.0408751639 6997830.931306678 484.2859055180251
v 601339.2628458054 6997795.811290383 486.3082051895613
v 601359.3066521913 6997761.187778701 488.5601566852726
v 601381.4524159969 6997727.834145535 491.103443383235
v 601403.5981798025 6997694.480512369 494.1827870868399
v 601425.7439436081 6997661.126879203 496.95209105924044
v 601447.8897074137 6997627.773246037 498.8370889388435
v 601470.0354712193 6997594.4196128715 500.04680568671137
v 601492.1812350249 6997561.065979705 500.7501229874633
v 601514.3269988305 6997527.712346539 500.35848583377987
v 601536.4727626361 6997494.358713374 500.8349181250336
v 601558.6185264416 6997461.005080207 500.88998405192064
v 601580.7642902472 6997427.651447041 500.26845689237166
v 601602.9100540528 6997394.297813876 498.52693678210653
v 601625.0558178584 6997360.944180709 495.51273950202426
v 601647.201581664 6997327.590547543 493.5964119665803
v 601669.3473454696 6997294.236914378 492.7898883516019
v 601691.4931092752 6997260.883281211 490.9499638774155
v 601713.6388730808 6997227.529648045 487.89293938025685
v 601735.7846368863 6997194.17601488 484.58672088360345
v 601757.9304006919 6997160.822381713 480.10581597331293
v 601780.0761644975 6997127.468748547 475.8095302753875
v 601802.2219283031 6997094.115115381 471.97400311520033
v 601824.3676921087 6997060.7614822155 469.3369036605334
v 601846.5134559143 6997027.407849049 466.85303435494603
v 601867.3127972455 6996993.200631665 464.4888355012059
v 601888.0308810107 6996958.941899858 461.85696208064064
v 601908.7489647758 6996924.683168052 460.613679978856
v 601929.467048541 6996890.424436245 459.47341378842486
v 601950.1851323062 6996856.165704438 458.21363900698094
v 601970.9032160713 6996821.906972631 456.46843868615343
v 601991.6212998364 6996787.648240824 454.135734433314
v 602012.3393836017 6996753.389509018 451.13894876654285
v 602033.0574673668 6996719.130777211 447.54950786633884
v 602053.775551132 6996684.872045404 444.4590426601221
v 602074.4936348972 6996650.613313598 441.13819871232596
v 602095.2117186623 6996616.354581791 437.8081293767821
v 602115.9298024275 6996582.095849984 433.6574028942192
v 602136.6478861927 6996547.837118178 428.6901408434123
v 602157.3659699578 6996513.578386371 423.21203869271415
v 602178.084053723 6996479.319654564 417.77760403353864
v 602198.8021374882 6996445.060922758 412.2983619362881
v 602219.5202212534 6996410.802190951 406.4747703105106
v 602240.2383050185 6996376.543459144 400.0758348155141
v 602260.9563887836 6996342.284727338 393.9385607448676
v 602281.6744725489 6996308.025995531 391.00795721082886
v 602302.392556314 6996273.767263724 391.7194741742162
v 602323.1106400791 6996239.508531917 395.3029090613396
v 602343.8287238444 6996205.24980011 401.462761710013
v 602364.5468076095 6996170.991068304 407.77723636977885
v 602385.2648913747 6996136.732336497 413.74570491456217
v 602405.9829751399 6996102.47360469 419.827764482111
v 602426.701058905 6996068.214872884 425.6805490256976
v 602447.4191426702 6996033.956141077 430.64440288723426
v 602468.1372264354 6995999.69740927 433.71735062538284
v 602488.8553102005 6995965.438677464 434.44256597735966
v 602509.5733939657 6995931.179945657 435.1137005188113
v 602530.2914777308 6995896.92121385 435.7433350867866
v 602551.0095614961 6995862.662482044 435.6429168955508
v 602571.7276452612 6995828.403750237 434.4894711844391
v 602592.4457290263 6995794.14501843 433.0944563425111
v 602613.1638127916 6995759.886286623 431.2894273065685
v 602633.8818965567 6995725.627554816 429.45024587333006
v 602654.5999803218 6995691.36882301 425.0
v 602675.3180640871 6995657.110091203 425.0
v 602696.0361478522 6995622.851359396 420.0
v 602716.7542316174 6995588.59262759 420.0
v 602737.4723153826 6995554.333895783 415.0
v 602758.1903991477 6995520.075163976 410.0
v 602778.9084829129 6995485.81643217 410.0
v 602799.626566678 6995451.557700363 405.0
v 602820.3446504432 6995417.298968556 405.0
v 602841.0627342084 6995383.04023675 405.0
v 602861.7808179735 6995348.781504943 400.0
v 602882.6063870348 6995314.588876431 400.0
v 602903.8337998517 6995280.643381221 400.0
v 602925.0612126687 6995246.6978860125 395.0
v 602946.2886254857 6995212.752390803 395.0
v 602967.5160383027 6995178.806895594 395.0
v 602988.7434511196 6995144.861400384 390.0
v 603009.9708639366 6995110.915905175 390.0
v 603031.1982767537 6995076.970409966 390.0
v 603052.4256895706 6995043.024914756 390.0
v 603073.6531023876 6995009.079419548 390.0
v 603094.8805152045 6994975.133924338 390.0
v 603116.1079280216 6994941.188429128 390.0
v 603137.3353408385 6994907.24293392 390.0
v 603158.5627536555 6994873.29743871 390.0
v 603179.7901664724 6994839.351943501 390.0
v 603201.0175792895 6994805.406448292 395.0
v 603222.2449921065 6994771.460953083 395.0
v 603243.4724049234 6994737.515457873 400.0
v 603264.6998177405 6994703.569962664 400.0
v 603285.9272305574 6994669.624467455 405.0
v 603307.1546433744 6994635.678972245 405.0
v 603328.3820561913 6994601.7334770365 405.0
v 603349.6094690084 6994567.787981827 405.0
v 603370.8368818254 6994533.842486618 405.0
v 603392.0642946423 6994499.896991408 405.0
v 603413.2917074593 6994465.951496199 405.0
v 603434.5191202763 6994432.00600099 405.0
v 603455.7465330933 6994398.06050578 410.0
v 603476.9739459102 6994364.115010572 410.0
v 603498.2013587272 6994330.169515362 410.0
v 603519.4287715442 6994296.224020153 410.0
v 603540.6561843612 6994262.278524944 410.0
v 603561.0634850807 6994227.834417808 410.0
v 603581.4304915143 6994193.365812544 410.0
v 603601.7974979479 6994158.897207281 415.0
v 603622.1645043816 6994124.4286020165 415.0
v 603642.5315108151 6994089.959996752 420.0
v 603662.8985172488 6994055.491391488 420.0
v 603683.2655236823 6994021.022786225 420.0
v 603703.632530116 6993986.554180961 420.0
v 603723.9995365496 6993952.085575697 420.0
v 603744.3665429832 6993917.616970433 420.0
v 603764.7335494168 6993883.148365169 420.0
v 603785.1005558504 6993848.679759906 420.0
v 603805.467562284 6993814.211154642 420.0
v 603825.8345687176 6993779.7425493775 420.0
v 603846.2015751512 6993745.273944113 420.0
v 603866.5685815848 6993710.805338849 420.0
v 603886.9355880184 6993676.336733586 420.0
v 603907.302594452 6993641.868128322 420.0
v 603927.6696008856 6993607.399523058 420.0
v 603948.0366073193 6993572.930917794 420.0
v 603968.4036137528 6993538.46231253 420.0
v 603988.7706201865 6993503.993707267 420.0
v 604009.13762662 6993469.525102003 420.0
v 604029.6594468163 6993435.148711901 420.0
v 604050.2689907784 6993400.824574657 420.0
v 604070.8785347403 6993366.500437412 415.0
v 604091.4880787022 6993332.176300168 415.0
v 604112.0976226642 6993297.852162923 415.0
v 604132.7071666262 6993263.528025678 415.0
v 604153.3167105882 6993229.203888434 415.0
v 604173.9262545501 6993194.87975119 415.0
v 604194.535798512 6993160.555613944 415.0
v 604215.1453424741 6993126.2314767 415.0
v 604235.754886436 6993091.907339456 420.0
v 604256.364430398 6993057.583202211 420.0
v 604276.9739743599 6993023.259064967 420.0
v 604297.583518322 6992988.9349277215 420.0
v 604318.1930622839 6992954.610790477 420.0
v 604296.9353458682 6992927.724270145 420.0
v 604265.7647158074 6992902.598754797 420.0
v 604234.061699745 6992901.8397264015 420.0
v 604201.8233998724 6992925.5798132 415.0
v 604169.5850999998 6992949.3199 409.0
v 604147.9821384291 6992983.027640227 409.0
v 604126.3791768583 6993016.735380456 409.0
v 604104.7762152876 6993050.443120684 409.0
v 604083.1732537168 6993084.150860911 409.0
v 604061.5702921461 6993117.85860114 414.0
v 604039.9673305753 6993151.566341368 414.0
v 604018.3643690046 6993185.274081595 414.0
v 603996.7614074339 6993218.981821824 414.0
v 603975.1584458632 6993252.689562052 414.0
v 603953.5554842923 6993286.397302279 414.0
v 603931.9525227216 6993320.105042508 414.0
v 603910.3495611509 6993353.812782736 414.0
v 603888.7465995802 6993387.520522963 414.0
v 603867.1436380094 6993421.228263192 414.0
v 603845.5406764387 6993454.93600342 414.0
v 603823.937714868 6993488.643743647 414.0
v 603802.3347532972 6993522.351483875 414.0
v 603780.7317917264 6993556.059224104 414.0
v 603759.1288301557 6993589.766964331 414.0
v 603737.525868585 6993623.474704559 414.0
v 603715.9229070143 6993657.182444788 414.0
v 603694.3199454435 6993690.890185015 414.0
v 603672.7169838727 6993724.597925243 414.0
v 603651.114022302 6993758.305665472 414.0
v 603629.5110607313 6993792.013405699 409.0
v 603607.9080991605 6993825.721145927 409.0
v 603586.3051375898 6993859.428886156 404.0
v 603564.7021760191 6993893.136626383 404.0
v 603543.0992144484 6993926.844366611 404.0
v 603521.4962528775 6993960.55210684 404.0
v 603499.8932913068 6993994.259847067 404.0
v 603478.2903297361 6994027.967587295 404.0
v 603456.6873681654 6994061.675327524 404.0
v 603435.0844065946 6994095.383067751 399.0
v 603413.4814450239 6994129.090807979 399.0
v 603391.8784834531 6994162.798548208 399.0
v 603370.2755218823 6994196.506288435 399.0
v 603348.6725603116 6994230.214028663 399.0
v 603327.0695987409 6994263.921768892 399.0
v 603305.0010876016 6994297.323002956 399.0
v 603282.5758213195 6994330.4893583795 399.0
v 603260.1505550373 6994363.655713803 394.0
v 603237.7252887551 6994396.822069227 394.0
v 603215.300022473 6994429.98842465 389.0
v 603192.8747561908 6994463.154780073 384.0
v 603170.4494899086 6994496.321135497 384.0
v 603148.0242236266 6994529.48749092 384.0
v 603125.5989573444 6994562.653846344 384.0
v 603103.1736910623 6994595.820201768 384.0
v 603080.7484247801 6994628.986557191 384.0
v 603058.3231584979 6994662.152912615 384.0
v 603035.8978922158 6994695.3192680385 384.0
v 603013.4726259336 6994728.485623462 384.0
v 602991.0473596514 6994761.651978885 384.0
v 602968.6220933694 6994794.818334308 389.0
v 602946.1968270872 6994827.984689732 389.0
v 602923.771560805 6994861.151045156 389.0
v 602901.3462945229 6994894.317400579 394.0
v 602878.9210282407 6994927.483756003 394.0
v 602856.4957619585 6994960.650111427 394.0
v 602834.0704956764 6994993.81646685 399.0
v 602811.6452293942 6995026.982822273 399.0
v 602789.2199631121 6995060.149177697 399.0
v 602766.79469683 6995093.31553312 404.0
v 602744.3694305478 6995126.481888544 409.0
v 602721.9441642656 6995159.648243967 409.0
v 602699.5188979835 6995192.814599391 414.0
v 602677.0936317013 6995225.980954815 419.0
v 602654.6683654191 6995259.147310238 419.0
v 602632.243099137 6995292.313665662 424.0
v 602609.8178328548 6995325.480021085 429.0
v 602587.3925665728 6995358.646376508 429.0
v 602564.9673002906 6995391.812731932 434.0
v 602542.5420340084 6995424.979087356 439.0
v 602520.1167677263 6995458.145442779 444.0
v 602497.6915014441 6995491.311798203 444.0
v 602475.2662351619 6995524.478153626 444.0
v 602452.8409688798 6995557.64450905 444.0
v 602430.4157025976 6995590.810864473 444.0
v 602407.9904363155 6995623.977219896 439.0
v 602385.5651700334 6995657.14357532 439.0
v 602363.1399037512 6995690.309930744 434.0
v 602340.714637469 6995723.476286167 425.9610954578208
v 602318.2893711869 6995756.642641591 420.23620993207015
v 602295.8641049047 6995789.808997015 414.96452537053347
v 602273.4388386225 6995822.975352438 411.1481271767583
v 602251.0135723404 6995856.141707862 407.4891120894556
v 602228.5883060583 6995889.3080632845 404.045815429961
v 602206.1630397761 6995922.474418708 400.570440451619
v 602183.737773494 6995955.640774132 397.2064731683115
v 602161.3125072118 6995988.807129555 393.5451726167551
v 602138.8872409296 6996021.973484979 390.74538988069844
v 602116.4619746475 6996055.139840403 389.0
v 602094.0367083653 6996088.306195826 389.0
v 602071.6114420831 6996121.47255125 388.99999999999994
v 602049.1861758011 6996154.638906673 389.0
v 602026.7609095189 6996187.805262096 389.27610219033625
v 602003.895525696 6996220.662429449 392.1572139366693
v 601980.2991863622 6996253.006091424 394.0
v 601956.7028470283 6996285.349753399 394.00000000000006
v 601933.1065076945 6996317.6934153745 394.0
v 601909.5101683605 6996350.037077349 394.2008896307462
v 601885.9138290267 6996382.380739324 398.1737922516993
v 601862.3174896929 6996414.724401299 402.2014078184455
v 601838.721150359 6996447.068063274 406.76214652160246
v 601815.1248110252 6996479.411725248 411.5895506549797
v 601791.5284716913 6996511.755387223 416.61824168530586
v 601767.9321323575 6996544.099049198 419.94008674840734
v 601744.3357930236 6996576.442711174 423.387620419397
v 601720.7394536898 6996608.786373149 425.2424418021419
v 601697.143114356 6996641.130035123 426.3906054424131
v 601673.546775022 6996673.473697098 427.778774094175
v 601649.9504356883 6996705.817359073 430.8638778029094
v 601626.3540963543 6996738.161021048 435.60974119797766
v 601602.7577570205 6996770.504683022 440.7848664385522
v 601579.1614176867 6996802.8483449975 447.8406826174233
v 601555.5650783528 6996835.192006973 455.5412290753904
v 601531.968739019 6996867.535668948 463.85982033615034
v 601508.3723996851 6996899.879330922 473.46805193834405
v 601484.7760603513 6996932.222992897 484.32751799545133
v 601464.5674207113 6996966.782498639 497.36981862675174
v 601444.390028774 6997001.362443036 508.6613633090951
v 601424.2126368368 6997035.942387434 518.147783543006
v 601404.0352448995 6997070.52233183 522.9150492296076
v 601383.8578529622 6997105.102276227 523.8398720442578
v 601363.680461025 6997139.682220625 524.0797808690413
v 601343.5030690877 6997174.262165022 521.2966150785894
v 601323.3256771505 6997208.842109419 515.8582604480589
v 601303.1482852132 6997243.422053817 507.6243052221995
v 601282.9708932759 6997278.001998214 499.1688040156637
v 601262.7935013387 6997312.581942611 490.70899394194174
v 601242.6161094015 6997347.161887009 484.3014361906189
v 601222.4387174641 6997381.741831405 480.36493396723233
v 601202.2613255269 6997416.321775802 477.26531393888854
v 601182.0839335896 6997450.9017202 474.05329207251896
v 601161.9065416524 6997485.481664597 470.8397108318714
v 601141.7291497152 6997520.061608994 468.305617234932
v 601121.5517577778 6997554.641553392 466.71481707351046
v 601101.3743658406 6997589.221497789 466.1340928186802
v 601081.1969739033 6997623.801442186 465.87295017051855
v 601061.0195819661 6997658.381386584 465.73486976184364
v 601040.8421900289 6997692.96133098 465.3319810735564
v 601020.6647980915 6997727.541275377 464.3653678554723
v 601000.4874061543 6997762.121219775 463.1830388074378
v 600980.310014217 6997796.701164172 462.0768427956234
v 600960.1326222798 6997831.281108569 462.58068711756516
v 600939.9552303425 6997865.861052967 463.5515208589826
v 600919.7778384052 6997900.440997364 464.0275280147342
v 600899.600446468 6997935.020941761 461.52175567183843
v 600879.4230545308 6997969.600886159 459.0304920060394
v 600859.2456625935 6998004.180830555 453.88461335068826
v 600839.0682706562 6998038.760774952 448.96545199530686
v 600818.8908787189 6998073.34071935 444.36233229690265
v 600798.7134867817 6998107.920663747 441.40987439726894
v 600778.5360948445 6998142.500608144 439.73168561671076
v 600758.3587029071 6998177.080552542 440.8702336622134
v 600738.1813109699 6998211.660496939 442.563564507677
v 600718.0039190326 6998246.240441336 444.5922185901225
v 600697.8265270954 6998280.820385734 447.86564361592616
v 600677.6491351582 6998315.40033013 453.25590720830974
v 600657.4717432208 6998349.980274527 459.4181399269625
v 600637.2943512836 6998384.560218925 465.22219004964086
v 600617.1169593463 6998419.140163322 469.9287340317927
v 600596.9395674091 6998453.720107719 473.84096268601866
v 600576.7621754719 6998488.300052117 476.91531123312444
v 600556.5847835345 6998522.879996514 478.7389855503471
v 600536.7793222031 6998557.673759829 483.2963738378192
v 600517.0495109806 6998592.511013582 490.66977243960594
v 600497.3196997582 6998627.348267335 500.6395990220673
v 600477.5898885358 6998662.185521088 507.3194762086325
v 600457.8600773134 6998697.022774841 507.53305013674947
v 600438.1302660909 6998731.860028593 505.9197145343663
v 600418.4004548684 6998766.697282346 500.39205693269156
v 600398.670643646 6998801.534536099 498.4563482173269
v 600378.9408324236 6998836.371789851 500.89890581697193
v 600359.2110212012 6998871.209043604 506.86588449330475
v 600339.4812099787 6998906.0462973565 511.9934685035182
v 600319.7513987563 6998940.88355111 512.2056462808171
v 600300.0215875339 6998975.720804863 505.6448744634947
v 600280.2917763115 6999010.558058615 497.37246190702115
v 600260.5619650891 6999045.395312368 490.25671987845936
v 600240.8321538665 6999080.23256612 485.8047257851042
v 600221.1023426441 6999115.069819873 483.5420143009145
v 600201.3725314217 6999149.907073626 482.7925760698347
v 600181.6427201993 6999184.744327378 481.95954441082534
v 600161.9129089769 6999219.581581132 479.65586279360383
v 600142.1830977544 6999254.418834885 474.6012777378544
v 600122.453286532 6999289.256088637 468.93804540309054
v 600102.7234753096 6999324.09334239 465.09246701064285
v 600082.9936640871 6999358.930596142 462.5517761154517
v 600063.2638528647 6999393.767849895 458.71106814655553
v 600043.5340416422 6999428.605103648 453.6992018398756
v 600023.8042304198 6999463.4423574 448.5862699583807
v 600004.0744191974 6999498.2796111535 441.32044550537637
v 599984.344607975 6999533.116864906 435.1179653552755
v 599964.6147967525 6999567.954118659 428.92964651149157
v 599944.88498553 6999602.791372412 423.22312522950017
v 599925.1551743076 6999637.628626164 416.70225592267127
v 599905.4253630852 6999672.465879917 411.5783873409327
v 599885.6955518628 6999707.303133669 406.34612304877476
v 599865.9657406403 6999742.140387422 401.27452003023933
v 599846.2359294179 6999776.9776411755 396.57196470981313
v 599826.5061181955 6999811.814894928 391.9649397641325
v 599806.7763069731 6999846.652148681 387.47386688669496
v 599787.0464957507 6999881.489402433 383.7799950181052
v 599767.3166845281 6999916.326656186 381.49471867421187
v 599747.5868733057 6999951.163909939 379.33261445823155
v 599727.8570620833 6999986.001163691 377.03492581584817
v 599708.1272508609 7000020.838417444 374.8202063157106
v 599688.3974396385 7000055.675671197 372.0463314116057
v 599668.667628416 7000090.51292495 369.10993446300427
v 599648.9378171936 7000125.350178703 364.3636719548987
v 599629.2080059712 7000160.187432455 358.6019794936956
v 599609.4781947487 7000195.024686208 351.7585849347696
v 599589.7483835262 7000229.86193996 347.2648812716324
v 599570.0185723038 7000264.699193713 344.0
v 599550.2887610814 7000299.536447466 344.0
v 599530.558949859 7000334.3737012185 344.0
v 599510.8291386366 7000369.210954972 344.0
v 599491.0993274141 7000404.048208724 344.0
v 599471.3695161917 7000438.885462477 344.0
v 599451.6397049692 7000473.72271623 343.8404351290163
v 599431.9098937468 7000508.559969982 342.8952722010748
v 599412.1800825244 7000543.397223735 341.5409015789422
v 599392.4502713019 7000578.234477487 342.4123728071767
v 599372.7204600795 7000613.0717312405 345.2182874182419
v 599352.9906488571 7000647.908984994 346.5466255263222
v 599333.2847002211 7000682.759739692 349.73752281136063
v 599313.5846288378 7000717.613819618 352.7716045466444
v 599293.8845574545 7000752.467899542 355.30519349770157
v 599274.1844860712 7000787.321979467 358.6233504904078
v 599254.4844146878 7000822.176059391 363.3004730362087
v 599234.7843433046 7000857.030139316 368.35103735409706
v 599215.0842719213 7000891.884219241 372.73242195847155
v 599195.3842005379 7000926.738299166 376.1751432247603
v 599175.6841291547 7000961.59237909 378.3793193230656
v 599155.9840577714 7000996.446459015 378.36034172014894
v 599136.283986388 7001031.300538939 377.35772869898847
v 599116.5839150047 7001066.154618864 375.87536155257186
v 599096.8838436215 7001101.008698789 374.38657943989534
v 599077.1837722381 7001135.862778714 373.8961286807832
v 599057.4837008548 7001170.716858638 376.3337888414762
v 599037.7836294716 7001205.570938563 379.7995210729154
v 599018.0835580882 7001240.4250184875 383.06986925797503
v 598998.3834867049 7001275.279098413 385.97112131144945
v 598978.6834153216 7001310.1331783375 387.40347480150496
v 598958.9833439382 7001344.987258262 389.11026530317486
v 598939.283272555 7001379.8413381865 391.17015833090556
v 598919.5832011717 7001414.695418111 394.46825417964897
v 598899.8831297883 7001449.5494980365 397.1669847747689
v 598880.1830584051 7001484.403577961 398.4110004048321
v 598860.4829870218 7001519.257657886 398.7215288776657
v 598840.7829156384 7001554.11173781 398.0098249643551
v 598821.0828442551 7001588.965817735 397.3235820478128
v 598801.3827728719 7001623.819897659 397.1751237691195
v 598781.6827014885 7001658.673977585 395.4315357245561
v 598761.9826301052 7001693.528057509 392.166995740003
v 598742.282558722 7001728.382137434 388.80330551572416
v 598722.5824873386 7001763.236217358 386.61314033937253
v 598702.8824159553 7001798.090297283 384.72722993085813
v 598683.182344572 7001832.944377208 382.3173601155495
v 598663.4822731887 7001867.798457133 380.63787604081153
v 598643.7822018054 7001902.652537057 378.584436807306
v 598624.0821304221 7001937.506616982 378.7313962560295
v 598604.3820590387 7001972.360696906 376.1865077395785
v 598584.6819876555 7002007.214776832 375.2594935163486
v 598564.9819162722 7002042.068856756 372.43858153302205
v 598545.2818448889 7002076.922936681 370.13152694422945
v 598525.5817735055 7002111.777016605 370.1669610416412
v 598505.8817021223 7002146.63109653 366.8962453795783
v 598486.181630739 7002181.485176455 365.0397806388922
v 598466.4815593556 7002216.33925638 362.26203711878463
v 598446.7814879724 7002251.193336304 360.4401126071591
v 598426.0131439285 7002285.412422696 358.74851797543056
v 598404.8092300522 7002319.372601381 357.2379428757435
v 598383.6053161758 7002353.332780064 358.1217046989715
v 598362.4014022995 7002387.292958748 358.9905010030219
v 598341.1974884232 7002421.253137431 358.5073021634736
v 598319.9935745469 7002455.213316115 357.4715036115565
v 598298.7896606706 7002489.173494799 355.3708746622302
v 598277.5857467942 7002523.133673483 350.2138285290001
v 598256.3818329179 7002557.093852166 346.3055833009385
v 598235.1779190416 7002591.05403085 343.3925248925759
v 598213.9740051653 7002625.014209534 341.23648080828804
v 598192.770091289 7002658.974388218 339.0804367240305
v 598171.5661774126 7002692.934566901 339.0
v 598150.3622635363 7002726.894745585 339.0
v 598129.15834966 7002760.854924268 339.0
v 598107.9544357837 7002794.8151029525 339.0
v 598086.7505219074 7002828.775281636 339.0
v 598065.546608031 7002862.73546032 339.0
v 598044.3426941547 7002896.695639003 339.0
v 598023.1387802784 7002930.655817687 340.0459409301093
v 598001.9348664021 7002964.615996371 341.46644725131864
v 597980.7309525257 7002998.576175055 342.9969157135266
v 597959.5270386494 7003032.536353738 345.487273329906
v 597938.3231247731 7003066.496532422 349.97749108004297
v 597917.1192108967 7003100.456711106 354.64111133665097
v 597895.9152970203 7003134.4168897895 358.34269337035244
v 597874.711383144 7003168.377068473 362.92780688580115
v 597853.5074692677 7003202.337247157 366.38872591897047
v 597832.3035553914 7003236.29742584 369.48839239659014
v 597811.0996415151 7003270.2576045245 372.8077536417321
v 597789.8957276387 7003304.217783208 375.8644943599409
v 597768.6918137624 7003338.1779618915 378.6111969278432
v 597747.4878998861 7003372.138140575 384.1659562110541
v 597726.2839860098 7003406.0983192595 390.663241695736
v 597705.0800721335 7003440.058497943 401.79386289655224
v 597683.8761582571 7003474.0186766265 412.9056749348263
v 597662.6722443808 7003507.97885531 423.1591905706778
v 597641.4683305045 7003541.9390339935 427.5876679147044
v 597620.2644166282 7003575.899212678 429.87372564210665
v 597599.0605027518 7003609.8593913615 429.90515974451273
v 597577.8565888755 7003643.819570045 431.0226185800067
v 597556.6526749992 7003677.7797487285 434.3943826591709
v 597535.4487611229 7003711.739927413 439.48335426087704
v 597514.2448472466 7003745.700106096 446.0174689778415
v 597493.0409333702 7003779.66028478 453.22863190425824
v 597471.8370194939 7003813.6204634635 459.6384735670001
v 597450.6331056176 7003847.580642147 463.68283558319484
v 597429.4291917413 7003881.540820831 463.914931180216
v 597408.225277865 7003915.500999515 461.0075681047825
v 597387.0213639886 7003949.461178198 457.70075442483824
v 597365.8174501122 7003983.421356882 454.5897799959997
v 597344.6135362359 7004017.381535566 450.7168295949142
v 597323.4096223596 7004051.34171425 447.62483832724513
v 597302.2057084832 7004085.301892933 443.97264940075195
v 597281.0017946069 7004119.262071617 441.7339573010739
v 597259.7978807306 7004153.2222503 446.19390623025316
v 597238.5939668543 7004187.182428985 452.8192690666258
v 597217.390052978 7004221.142607668 458.7946378573865
v 597196.1861391016 7004255.102786352 460.86461146959476
v 597174.9822252253 7004289.062965035 458.2159349203527
v 597153.778311349 7004323.02314372 454.51844845867976
v 597132.5743974727 7004356.983322403 452.73639407138876
v 597111.3704835963 7004390.943501087 451.7999072733732
v 597090.16656972 7004424.90367977 452.5797435280879
v 597068.9626558437 7004458.863858454 454.26023290930874
v 597047.7587419674 7004492.824037138 456.7946800820407
v 597026.5548280911 7004526.784215822 458.48648578529105
v 597005.3509142147 7004560.744394505 460.4824955008353
v 596984.1470003384 7004594.704573189 461.6757120208812
v 596962.9430864621 7004628.664751873 460.5947804155171
v 596941.7391725858 7004662.624930557 458.7457442606984
v 596920.5352587095 7004696.58510924 454.70539344529584
v 596899.3313448331 7004730.545287924 450.93477819992927
v 596878.1274309568 7004764.505466607 447.55634251100224
v 596856.9235170805 7004798.465645292 443.5519930320983
v 596835.7196032042 7004832.425823975 443.2407865300109
v 596814.5156893277 7004866.386002659 446.0340174795633
v 596793.3117754514 7004900.346181342 449.9500836268135
v 596772.1078615751 7004934.306360027 453.92231674886295
v 596750.9039476988 7004968.26653871 457.5297254003158
v 596729.7000338224 7005002.226717394 456.719702075225
v 596708.4961199461 7005036.186896077 454.6890379933153
v 596687.2922060698 7005070.147074761 450.68319739266747
v 596666.0882921935 7005104.107253445 447.5923448040145
v 596644.8843783172 7005138.067432129 445.68774797774
v 596623.6804644408 7005172.027610812 445.5944343920187
v 596602.4765505645 7005205.987789496 445.9140424577156
v 596581.2726366882 7005239.94796818 441.66234849691386
v 596560.0687228119 7005273.908146864 436.8959755220146
v 596538.8648089356 7005307.868325547 431.35725415321275
v 596517.6608950592 7005341.828504231 429.79308933489665
v 596496.4569811829 7005375.788682914 430.1642701306832
v 596475.2530673066 7005409.748861599 434.9222987125228
v 596454.0491534303 7005443.709040282 440.2105855628516
v 596432.845239554 7005477.669218966 444.4425260104969
v 596411.6413256776 7005511.629397649 447.0648580658475
v 596390.4374118013 7005545.589576334 446.6386379811993
v 596369.233497925 7005579.549755017 443.2112967435805
v 596348.0295840487 7005613.509933701 440.4575885171038
v 596321.351024784 7005643.163975669 437.59469626997975
v 596293.3417956663 7005671.771366045 435.6077540205284
v 596265.3325665485 7005700.378756422 434.01189408163845
v 596237.3233374308 7005728.986146797 433.14471141402737
v 596209.3141083131 7005757.593537173 431.43309639407926
v 596181.3048791953 7005786.20092755 429.7368103935462
v 596153.2956500775 7005814.808317926 427.00435609858494
v 596125.2864209597 7005843.415708302 424.3873643926797
v 596097.277191842 7005872.023098678 421.65805432896707
v 596069.2679627242 7005900.630489054 417.48137451400635
v 596041.2587336064 7005929.237879431 412.80988078207565
v 596013.2495044887 7005957.845269807 407.4044175526044
v 595985.2402753709 7005986.4526601825 402.40693240852835
v 595957.2310462531 7006015.060050559 399.8249387377871
v 595929.2218171355 7006043.667440935 398.1865016974185
v 595901.2125880177 7006072.274831311 397.18706696467586
v 595873.2033588999 7006100.882221688 395.9377751497503
v 595845.1941297821 7006129.489612063 393.6648823670879
v 595817.1849006644 7006158.097002439 389.91137894497456
v 595789.1756715466 7006186.704392816 384.6308296451932
v 595761.1664424288 7006215.311783192 378.92159288702595
v 595733.1572133111 7006243.9191735685 374.0810709693203
v 595705.1479841933 7006272.526563944 370.81486730468754
v 595677.1387550755 7006301.13395432 367.92143638971027
v 595649.1295259577 7006329.741344697 366.2649704701938
v 595621.12029684 7006358.348735073 364.59121184569653
v 595593.1110677223 7006386.956125448 364.0
v 595565.1018386045 7006415.563515825 364.0
v 595537.0926094868 7006444.170906201 364.0
v 595509.083380369 7006472.778296577 363.99999999999994
v 595481.0741512512 7006501.385686954 364.0
v 595453.0649221335 7006529.993077329 364.0
v 595425.0556930157 7006558.600467706 364.0
v 595397.0464638979 7006587.207858082 364.0
v 595369.0372347801 7006615.815248458 364.0
v 595341.0280056624 7006644.422638834 363.99999999999994
v 595313.0187765446 7006673.03002921 364.0
v 595286.5979823587 7006703.017118505 364.0
v 595262.1923145099 7006734.754526665 364.0
v 595237.786646661 7006766.491934827 364.0
v 595213.3809788121 7006798.229342987 364.5738818150247
v 595188.9753109632 7006829.966751148 366.2818605594301
v 595164.5696431143 7006861.704159308 367.9589516784341
v 595140.1639752655 7006893.441567469 370.71697971450044
v 595115.7583074166 7006925.17897563 375.41506369315937
v 595091.3526395677 7006956.91638379 381.00057090384837
v 595066.9469717188 7006988.653791951 386.7701479627576
v 595042.5413038699 7007020.391200111 391.1782216668737
v 595018.135636021 7007052.128608272 395.5090170903988
v 594993.7299681721 7007083.866016433 399.29846564430386
v 594969.3243003233 7007115.603424594 403.60722044794807
v 594944.9186324745 7007147.340832754 408.98296853746865
v 594920.5129646256 7007179.078240915 415.94430097032324
v 594896.1072967767 7007210.815649075 421.05303533537244
v 594871.7016289278 7007242.553057236 424.0
v 594847.295961079 7007274.290465397 424.0
v 594822.8902932301 7007306.027873557 422.8079681945129
v 594798.4846253812 7007337.765281718 415.883394763007
v 594774.0789575323 7007369.502689878 413.99999999999994
v 594749.6732896834 7007401.24009804 413.99999999999994
v 594725.2676218345 7007432.9775062 416.6031685477659
v 594700.8619539856 7007464.71491436 426.997908977502
v 594676.4562861368 7007496.452322521 438.7665370341357
v 594652.0506182879 7007528.1897306815 451.51293187187764
v 594627.644950439 7007559.927138843 463.89129123325375
v 594603.2392825902 7007591.664547003 473.77441555878113
v 594578.8336147413 7007623.401955164 481.01195406082525
v 594554.4279468925 7007655.139363324 486.60120022603974
v 594530.0222790436 7007686.8767714845 493.83821374843416
v 594505.6166111947 7007718.614179646 500.95219729262715
v 594481.2109433458 7007750.351587806 506.6421465956262
v 594456.8052754969 7007782.088995967 512.3907133395253
v 594432.399607648 7007813.826404127 518.7794915031232
v 594407.9939397991 7007845.563812288 526.7724937097065
v 594383.5882719503 7007877.301220449 535.0301194183307
v 594359.1826041014 7007909.03862861 544.7563573972988
v 594334.7769362525 7007940.77603677 554.0751866409503
v 594310.3712684036 7007972.51344493 562.3613374637432
v 594285.9656005547 7008004.2508530915 569.3354470323372
v 594261.559932706 7008035.988261252 576.8870037006744
v 594237.1542648571 7008067.725669413 585.2023928777453
v 594212.7485970082 7008099.463077573 595.095811808072
v 594188.3429291593 7008131.200485734 606.9408736263082
v 594163.9372613104 7008162.9378938945 618.9085984984366
v 594139.5315934615 7008194.675302055 629.8954408132101
v 594115.1259256126 7008226.412710216 640.4270400463524
v 594089.7075201147 7008257.309977481 652.3360831282396
v 594063.0238391353 7008287.157605013 666.9302564525875
v 594036.3401581559 7008317.005232546 684.4170261947496
v 594009.6564771765 7008346.852860077 699.9380684632748
v 593982.972796197 7008376.700487609 712.105305408428
v 593956.2891152176 7008406.548115142 720.2394565597081
v 593929.6054342382 7008436.395742673 725.898436083336
v 593902.9217532588 7008466.243370206 729.8661161284913
v 593876.2380722794 7008496.090997738 732.9060925364133
v 593849.5543913 7008525.93862527 733.5293790163241
v 593822.8707103205 7008555.786252802 733.2345648403862
v 593796.1870293411 7008585.633880334 731.7089364143841
v 593769.5033483617 7008615.481507866 730.1161065788151
v 593742.8196673822 7008645.329135398 728.6406994940269
v 593716.1359864027 7008675.17676293 729.2889926856492
v 593689.4523054233 7008705.024390462 730.5595459430577
v 593662.7686244439 7008734.8720179945 732.4608557254855
v 593636.0849434645 7008764.719645526 734.6362309722388
v 593609.4012624851 7008794.567273058 736.8150921244519
v 593582.7175815057 7008824.414900591 739.8640425529192
v 593556.0339005262 7008854.262528122 743.18329014794
v 593529.3502195468 7008884.110155655 746.3285476591909
v 593502.6665385674 7008913.957783187 748.9283959216235
v 593475.982857588 7008943.805410719 751.276618686865
v 593449.2991766086 7008973.653038251 753.3221450471109
v 593422.6154956291 7009003.500665783 754.564761541192
v 593395.9318146497 7009033.348293315 754.4313327997919
v 593369.2481336703 7009063.195920847 753.3944552533466
v 593342.5644526909 7009093.043548379 752.935343442866
v 593315.8807717115 7009122.891175911 755.1180400908362
v 593289.197090732 7009152.7388034435 762.5271669368922
v 593262.5134097526 7009182.586430975 773.6029673825127
v 593235.8297287732 7009212.434058507 784.1408629965855
v 593209.1460477938 7009242.28168604 793.1536390141736
v 593182.4623668144 7009272.129313571 799.1948127260544
v 593155.778685835 7009301.976941103 804.1158087797796
v 593129.0950048555 7009331.824568636 808.2556727611707
v 593102.4113238761 7009361.6721961675 811.1401294196547
v 593075.7276428967 7009391.5198237 811.8832881529586
v 593049.0439619173 7009421.367451232 807.8729127068005
v 593023.8927083135 7009452.461265065 799.6801622461609
v 593000.1118802904 7009484.669523609 791.4877966174053
v 592976.3310522672 7009516.877782153 787.6238830736108
v 592952.5502242441 7009549.086040696 789.3185799272269
v 592928.7693962209 7009581.29429924 797.0516032892733
v 592904.9885681978 7009613.502557784 806.705581732928
v 592881.2077401746 7009645.710816328 813.5412559264468
v 592857.4269121515 7009677.9190748725 818.6097270416928
v 592833.6460841283 7009710.127333417 821.0716683732821
v 592809.8652561051 7009742.335591961 823.6328203035488
v 592786.084428082 7009774.543850505 826.6221224449821
v 592762.3036000588 7009806.752109049 828.9693742857535
v 592738.5227720357 7009838.960367593 830.5471312019446
v 592714.7419440125 7009871.168626137 832.3312908910377
v 592690.9611159894 7009903.37688468 834.2557108080239
v 592667.1802879662 7009935.585143224 838.0555724202939
v 592643.3994599431 7009967.793401768 842.9068757988128
v 592619.6186319198 7010000.0016603125 847.5617132569375
v 592595.8378038967 7010032.209918857 852.4072669714377
v 592572.0569758735 7010064.418177401 857.0566475793925
v 592548.2761478504 7010096.626435945 860.9595962699175
v 592524.4953198272 7010128.834694489 865.3091016250046
v 592500.7144918041 7010161.042953033 869.4201767693885
v 592476.9336637809 7010193.251211577 873.9353984938134
v 592453.1528357578 7010225.45947012 877.357055808222
v 592429.3720077346 7010257.667728664 879.636657945702
v 592405.5911797115 7010289.875987208 881.6542666866399
v 592381.8103516883 7010322.084245753 884.2047557125967
v 592358.0295236651 7010354.292504297 887.3042332969395
v 592334.248695642 7010386.500762841 890.4597090503271
v 592310.4678676188 7010418.709021385 893.4517540474227
v 592286.6870395957 7010450.917279929 895.271373976437
v 592262.9062115725 7010483.125538473 897.2186303187042
v 592239.1253835494 7010515.333797017 898.2271329174985
v 592215.3445555262 7010547.542055561 900.8177628377061
v 592230.2578913238 7010577.005109438 904.0
v 592258.3477436263 7010605.533339272 901.391785168324
v 592291.2861400743 7010611.829069865 893.8608355618292
v 592328.7035176068 7010597.586894522 888.8886586845497
v 592366.1208951394 7010583.34471918 882.319852715457
v 592403.538272672 7010569.102543837 874.3121474714226
v 592440.9556502046 7010554.860368494 867.5199673624464
v 592478.3730277371 7010540.618193151 861.4454106202929
v 592510.1636782478 7010516.933639748 861.8003007276163
v 592540.496812586 7010490.80318508 862.619636039442
v 592570.8299469241 7010464.672730413 862.9080787286939
v 592601.1630812623 7010438.542275745 863.349349575366
v 592631.4962156004 7010412.411821078 863.343860088416
v 592661.8293499385 7010386.281366411 861.4613806144803
v 592692.1624842767 7010360.150911743 857.3599981949646
v 592722.4956186148 7010334.020457076 851.9943982830272
v 592752.828752953 7010307.890002408 846.6306025962944
v 592783.1618872911 7010281.75954774 842.8711306791489
v 592813.4950216293 7010255.629093073 840.3646168404063
v 592843.5189264563 7010229.1950007705 837.9331661113813
v 592869.0915502792 7010198.390121113 836.4210651914591
v 592894.6641741019 7010167.585241456 832.2195736596163
v 592920.2367979247 7010136.780361798 826.3428881541665
v 592945.8094217475 7010105.97548214 820.5083593073559
v 592971.3820455702 7010075.170602482 815.4135171091269
v 592996.954669393 7010044.365722825 811.1003634549221
v 593022.5272932157 7010013.560843167 807.6760149706391
v 593048.0999170385 7009982.755963509 804.6613708041622
v 593073.6725408613 7009951.951083852 802.9001082307784
v 593099.245164684 7009921.146204194 800.3992516160665
v 593124.8177885069 7009890.341324536 797.6006821566732
v 593150.3904123296 7009859.536444878 794.124253723452
v 593175.9630361523 7009828.731565221 789.6417138614677
v 593201.5356599751 7009797.926685563 784.5102239432142
v 593227.1082837979 7009767.121805905 779.0971025064662
v 593252.6809076207 7009736.316926247 775.2332378344233
v 593278.2535314434 7009705.51204659 773.7762144968842
v 593303.8261552661 7009674.7071669325 774.2083905238643
v 593329.398779089 7009643.902287275 775.6536727080841
v 593354.9714029117 7009613.097407617 777.2007332101963
v 593380.5440267344 7009582.29252796 778.4655295306018
v 593406.1166505573 7009551.487648302 779.315440169108
v 593431.68927438 7009520.682768644 779.5801371744965
v 593457.2618982028 7009489.877888986 779.7304643069067
v 593482.8345220255 7009459.073009329 779.3553436649426
v 593508.4071458483 7009428.268129671 778.8752638412941
v 593533.9797696711 7009397.463250013 778.3236671143305
v 593559.5523934938 7009366.658370356 778.1966716688637
v 593585.1250173167 7009335.853490698 778.1455665683036
v 593610.6976411394 7009305.04861104 778.3689970296584
v 593636.2702649621 7009274.243731382 778.6137245640743
v 593661.842888785 7009243.438851725 778.6948228653516
v 593687.4155126077 7009212.633972067 777.9721855768714
v 593712.9881364304 7009181.829092409 776.6557369153165
v 593738.5607602532 7009151.024212752 774.7448382033747
v 593764.133384076 7009120.219333095 772.4067930366429
v 593789.7060078988 7009089.414453437 769.4774002141819
v 593815.2786317215 7009058.609573779 766.010832589391
v 593840.6333076243 7009027.625979827 763.1765321286778
v 593865.8315583572 7008996.5141193895 760.5912573184265
v 593891.0298090901 7008965.402258951 758.5132504561406
v 593916.2280598229 7008934.290398513 756.465354033364
v 593941.4263105558 7008903.178538076 752.8814830686501
v 593966.6245612886 7008872.066677637 748.3788014796726
v 593991.8228120215 7008840.954817199 743.8470684242545
v 594017.0210627544 7008809.842956762 739.9543787355228
v 594042.2193134873 7008778.731096324 737.8881831497577
v 594067.4175642201 7008747.619235886 736.0369512979465
v 594092.615814953 7008716.507375448 732.5739995070551
v 594117.8140656858 7008685.39551501 728.4083907280044
v 594143.0123164187 7008654.283654572 720.3431777782016
v 594168.2105671517 7008623.171794134 708.6182054170611
v 594193.4088178845 7008592.059933696 695.3412650320485
v 594218.6070686174 7008560.948073259 681.5496829277361
v 594243.8053193502 7008529.83621282 670.3982076355896
v 594269.0035700831 7008498.724352382 662.6261945247289
v 594294.2018208159 7008467.612491945 657.5023189908798
v 594319.4000715489 7008436.500631507 653.4011132222262
v 594344.5983222817 7008405.388771069 648.9479129455003
v 594369.7965730146 7008374.276910631 643.8101117005406
v 594394.9948237474 7008343.165050193 639.0665531981
v 594420.1930744803 7008312.053189755 633.5317386969367
v 594445.3913252131 7008280.941329317 627.237115150285
v 594470.589575946 7008249.829468879 619.7736088392414
v 594495.787826679 7008218.717608442 609.8223562979994
v 594520.9860774118 7008187.605748003 598.1183301139797
v 594546.1843281446 7008156.493887565 586.0507479822106
v 594571.3825788775 7008125.382027128 573.3931005507086
v 594596.5808296103 7008094.2701666895 560.1292354304397
v 594621.7790803432 7008063.158306251 545.7171732022784
v 594646.9773310762 7008032.046445814 532.4558083240902
v 594672.175581809 7008000.934585376 522.2303346383541
v 594697.3738325419 7007969.822724938 512.8396743978985
v 594722.5720832747 7007938.7108645 506.66529810942507
v 594747.7703340076 7007907.599004062 501.1066161690927
v 594772.9685847404 7007876.487143625 494.5374689574337
v 594799.322106851 7007846.389749066 487.1447111491193
v 594826.9162435168 7007817.381761863 478.56776346121853
v 594854.5103801826 7007788.37377466 468.40652677492653
v 594882.1045168485 7007759.365787457 458.2588485566295
v 594909.6986535143 7007730.357800254 448.8860095290946
v 594937.2927901801 7007701.349813051 439.39770754943993
v 594964.8869268459 7007672.3418258475 434.5445424584199
v 594992.4810635117 7007643.333838644 432.12938474537305
v 595020.0752001775 7007614.325851441 429.45536836260715
v 595047.6693368433 7007585.317864238 425.9991563208457
v 595075.2634735091 7007556.309877035 418.0337321058122
v 595102.8576101749 7007527.301889832 406.8826269256422
v 595130.4517468406 7007498.293902629 395.3343127100849
v 595158.0458835064 7007469.285915426 387.099612812085
v 595185.6400201722 7007440.277928223 382.82852961523315
v 595213.234156838 7007411.26994102 380.37317362378
v 595240.8282935038 7007382.261953817 381.96484914466464
v 595268.4224301697 7007353.253966614 382.81497268079005
v 595296.0165668355 7007324.245979411 383.57592958442615
v 595323.6107035013 7007295.2379922075 382.4088027637006
v 595351.2048401671 7007266.230005004 379.0012410146615
v 595378.7989768329 7007237.222017801 374.2197488738501
v 595406.3931134987 7007208.214030598 369.3546101098648
v 595433.9872501645 7007179.206043395 366.0909885071903
v 595461.5813868302 7007150.198056192 364.00000000000006
v 595489.175523496 7007121.190068989 364.0
v 595516.7696601618 7007092.182081786 364.00000000000006
v 595544.3637968276 7007063.174094583 364.0
v 595571.9579334934 7007034.16610738 363.99999999999994
v 595599.5520701592 7007005.158120177 364.00000000000006
v 595627.146206825 7006976.150132974 363.99999999999994
v 595654.7403434908 7006947.142145771 364.0
v 595682.3344801567 7006918.1341585675 363.99999999999994
v 595709.9286168225 7006889.126171364 363.99999999999994
v 595737.5227534883 7006860.118184161 364.6952151099842
v 595765.1168901541 7006831.110196958 366.0318150171293
v 595792.7110268198 7006802.102209755 367.3684149242739
v 595820.3051634856 7006773.094222552 369.25001141861185
v 595847.8993001514 7006744.086235349 371.69529180371023
v 595875.4934368172 7006715.078248146 374.2696619780657
v 595903.087573483 7006686.070260943 377.4035584580166
v 595930.6817101488 7006657.06227374 380.8210726631602
v 595958.2758468146 7006628.054286537 386.4135320344318
v 595985.8699834804 7006599.046299334 392.9271092079346
v 596013.4641201462 7006570.038312131 399.51162397369103
v 596041.058256812 7006541.0303249275 405.95535310114957
v 596068.6523934779 7006512.022337724 412.32702784667117
v 596096.2465301437 7006483.014350521 419.4598121726834
v 596123.8406668094 7006454.006363318 427.22330208914605
v 596151.4348034752 7006424.998376115 435.86341958438004
v 596179.028940141 7006395.990388912 444.49945675377893
v 596206.6230768068 7006366.982401709 452.70562638597715
v 596236.5145147516 7006340.3893456515 462.33209137698987
v 596266.8631610114 7006314.276908574 467.20829560957065
v 596297.2118072712 7006288.164471497 470.8649301724804
v 596327.560453531 7006262.05203442 473.69185285588895
v 596357.9090997907 7006235.939597343 477.1212273050744
v 596388.2577460506 7006209.827160266 480.58025901122403
v 596418.6063923104 7006183.714723188 483.2935359477276
v 596448.9550385702 7006157.602286112 486.15031590411036
v 596479.30368483 7006131.489849035 488.733310358549
v 596509.6523310897 7006105.377411958 491.0528821898314
v 596540.0009773496 7006079.264974881 493.5887948622794
v 596570.3496236093 7006053.152537803 497.6359542107467
v 596600.6982698692 7006027.040100726 502.5969207375648
v 596631.046916129 7006000.927663649 508.50764639090346
v 596661.3955623887 7005974.815226573 514.5267120694331
v 596691.7442086486 7005948.702789496 519.154608812045
v 596722.0928549083 7005922.590352419 522.6880520338027
v 596752.4415011682 7005896.477915341 526.6817572858445
v 596782.225915369 7005869.839426536 530.2329464511578
v 596806.1514495346 7005837.738515104 531.7639673775959
v 596830.0769837 7005805.637603671 531.5300190636805
v 596854.0025178655 7005773.536692238 529.6220660392963
v 596877.928052031 7005741.4357808065 528.4338471399018
v 596901.8535861966 7005709.334869374 527.5255573183226
v 596925.779120362 7005677.233957942 526.5727016205913
v 596949.7046545275 7005645.133046509 529.0485925238019
v 596973.6301886931 7005613.032135076 530.7780705766044
v 596997.5557228585 7005580.931223644 531.99913714247
v 597021.481257024 7005548.830312211 532.2643283671655
v 597045.4067911895 7005516.729400778 531.7046406811826
v 597069.332325355 7005484.628489346 531.7910166370141
v 597093.2578595205 7005452.527577913 533.7012242852513
v 597117.183393686 7005420.4266664805 534.8648238757582
v 597141.1089278515 7005388.325755049 538.1714298910279
v 597165.034462017 7005356.224843616 540.2401104662362
v 597188.9599961825 7005324.123932183 542.1490642440011
v 597212.8855303479 7005292.023020751 541.1591294921857
v 597236.8110645135 7005259.922109318 539.186649910263
v 597260.736598679 7005227.821197885 537.5049842221163
v 597284.6621328444 7005195.720286453 538.0017678376983
v 597308.58766701 7005163.61937502 538.9374460737079
v 597332.5132011755 7005131.518463588 541.8205388891349
v 597354.8292652312 7005098.485032493 544.9303988708535
v 597370.7793322986 7005061.763171695 547.8921601112625
v 597386.729399366 7005025.041310898 548.5773016807342
v 597402.6794664332 7004988.3194501 549.6166573776973
v 597418.6295335006 7004951.597589302 549.434004434674
v 597434.579600568 7004914.875728505 546.8281010780286
v 597450.5296676353 7004878.153867707 543.8329068540291
v 597466.4797347027 7004841.432006909 542.5838883352035
v 597482.4298017701 7004804.710146111 546.2012329388
v 597498.3798688374 7004767.988285313 550.2630452932225
v 597514.3299359048 7004731.266424515 555.8273054562454
v 597530.2800029722 7004694.544563718 560.0754516570671
v 597546.2300700396 7004657.82270292 559.4939143142901
v 597562.1801371069 7004621.100842122 558.2125000165415
v 597578.1302041743 7004584.378981325 557.0681118995766
v 597594.0802712417 7004547.657120527 556.9895116914685
v 597610.030338309 7004510.935259729 558.6259694154376
v 597625.9804053764 7004474.213398932 561.5853118558306
v 597641.9304724438 7004437.4915381335 563.1701174660723
v 597657.8805395112 7004400.769677335 560.3660062851367
v 597673.8306065785 7004364.047816538 558.945308650664
v 597689.7806736459 7004327.32595574 553.8785549409022
v 597705.7307407133 7004290.604094942 546.1901277488755
v 597721.6808077806 7004253.882234145 538.1410495765571
v 597737.630874848 7004217.160373347 529.6968730522237
v 597753.5809419154 7004180.438512549 521.3357972954659
v 597769.5310089828 7004143.716651752 514.6881130599288
v 597785.4810760501 7004106.994790954 507.22972661269046
v 597801.4311431175 7004070.2729301555 499.8884126887011
v 597817.3812101849 7004033.551069358 492.9616107148883
v 597833.3312772522 7003996.82920856 484.31113378868577
v 597849.2813443196 7003960.107347762 476.0036782846159
v 597865.231411387 7003923.385486964 467.96110701526754
v 597881.1814784543 7003886.663626167 459.1668672191089
v 597899.4348392119 7003851.070387897 448.2003471845019
v 597918.681053529 7003815.963651586 436.9555854983922
v 597937.9272678462 7003780.8569152765 427.3057199419556
v 597957.1734821633 7003745.750178966 420.9964808728373
v 597976.4196964805 7003710.643442655 417.7123529312539
v 597995.6659107977 7003675.536706345 415.3387053189126
v 598014.9121251148 7003640.429970034 410.89295487906645
v 598034.158339432 7003605.323233725 405.6179755735228
v 598053.404553749 7003570.216497414 399.20479238458404
v 598072.6507680662 7003535.109761104 392.5366095765369
v 598091.8969823833 7003500.003024793 387.01076965491455
v 598111.1431967005 7003464.896288483 383.3834765643396
v 598130.3894110176 7003429.789552173 382.39153052427787
v 598149.6356253348 7003394.682815863 381.26515826951413
v 598168.881839652 7003359.576079552 377.1293348639133
v 598188.1280539691 7003324.469343242 370.5134783765343
v 598207.3742682863 7003289.3626069315 363.9808596769807
v 598226.6204826034 7003254.255870621 358.35631058545073
v 598245.8666969206 7003219.149134311 353.3527000799885
v 598265.1129112378 7003184.042398 348.8917810777058
v 598284.3591255549 7003148.93566169 343.99337907344386
v 598303.6053398721 7003113.82892538 341.962004320519
v 598322.8515541892 7003078.72218907 339.9593273167683
v 598342.0977685063 7003043.615452759 339.0
v 598361.3439828234 7003008.508716449 339.0
v 598380.5901971406 7002973.401980138 339.0
v 598399.8364114577 7002938.295243829 339.0
v 598419.0826257749 7002903.188507518 339.0
v 598438.328840092 7002868.081771208 339.0
v 598457.5750544092 7002832.975034897 339.0
v 598476.8212687264 7002797.868298586 339.0
v 598496.0674830435 7002762.761562277 339.0
v 598515.3136973607 7002727.654825966 339.0
v 598534.5599116778 7002692.548089656 340.23260526929596
v 598553.806125995 7002657.441353345 345.45378904964616
v 598573.0523403122 7002622.334617035 354.91390968858076
v 598592.2985546293 7002587.227880725 365.905537365966
v 598611.5447689465 7002552.121144415 377.02882812279415
v 598630.424515687 7002516.817811616 386.4976309759966
v 598649.0297408422 7002481.367207998 392.96795267612055
v 598667.6349659972 7002445.916604381 398.44333804921007
v 598686.2401911523 7002410.466000764 403.56344187367665
v 598704.8454163073 7002375.015397146 409.47657855277487
v 598723.4506414623 7002339.564793529 415.3326181777917
v 598742.0558666175 7002304.114189912 420.8409608278253
v 598760.6610917725 7002268.663586294 424.55135905119687
v 598779.2663169276 7002233.212982677 427.3775446314412
v 598797.8715420826 7002197.76237906 430.21433877737553
v 598816.4767672378 7002162.311775442 434.04310686596074
v 598835.0819923928 7002126.861171825 437.2627185232075
v 598853.6872175478 7002091.4105682075 441.78764264440906
v 598872.2924427029 7002055.95996459 442.96446323550447
v 598890.8976678579 7002020.509360973 443.9705259766486
v 598909.5028930131 7001985.058757355 446.7390843246917
v 598928.1081181681 7001949.608153738 451.5263197651911
v 598946.7133433232 7001914.157550121 460.87877907849816
v 598965.3185684782 7001878.706946503 469.3192868521894
v 598983.9237936332 7001843.256342886 475.16748428512864
v 599002.5290187884 7001807.805739269 477.60647019011776
v 599021.1342439434 7001772.355135651 476.2825474310531
v 599039.7394690985 7001736.904532034 471.7926105175978
v 599058.3446942535 7001701.453928417 469.1062835309228
v 599076.9499194087 7001666.003324799 463.9214548535808
v 599095.5551445637 7001630.552721182 459.32961468785993
v 599114.1603697187 7001595.1021175645 453.75428339423877
v 599133.6022802072 7001560.114430535 445.0823656470333
v 599153.752068679 7001525.518394281 439.13717198224646
v 599173.9018571506 7001490.922358028 433.87341392427516
v 599194.0516456222 7001456.326321774 427.97705860404324
v 599214.2014340939 7001421.730285521 421.54019861324423
v 599234.3512225656 7001387.134249267 414.5336056956028
v 599254.5010110373 7001352.538213014 407.97528315481435
v 599274.6507995089 7001317.94217676 402.9461584883114
v 599294.8005879805 7001283.346140507 397.2931248732346
v 599314.9503764522 7001248.750104253 392.08401223739645
v 599335.1001649239 7001214.154068 388.8443611171946
v 599355.2499533956 7001179.558031746 384.474906160336
v 599375.3997418672 7001144.961995493 382.4006400998409
v 599395.5495303388 7001110.365959239 380.3849712150727
v 599415.6993188106 7001075.769922986 379.5101340957992
v 599435.8491072822 7001041.173886732 379.2886060978719
v 599455.9988957539 7001006.577850479 378.84961145420726
v 599476.1486842255 7000971.981814225 377.6405675033665
v 599496.2984726973 7000937.385777972 375.67443040367823
v 599516.4482611689 7000902.789741718 372.495707315459
v 599536.5980496405 7000868.193705465 372.0574026418692
v 599556.7478381122 7000833.597669211 371.84604011208864
v 599576.8976265839 7000799.001632959 370.74037050572474
v 599597.0474150556 7000764.405596705 367.8224609877527
v 599617.1972035272 7000729.809560452 365.1516818487862
v 599637.3469919988 7000695.213524198 358.1368488612999
v 599657.4967804706 7000660.617487945 350.9668635084841
v 599677.6465689422 7000626.021451691 345.8327953173847
v 599697.7963574139 7000591.425415438 343.16090494366665
v 599717.9461458855 7000556.829379184 341.936038970917
v 599738.0959343573 7000522.233342931 340.89689871882416
v 599758.2457228289 7000487.637306677 339.925241937415
v 599778.3955113005 7000453.041270424 340.09848692017545
v 599798.5452997722 7000418.44523417 340.6442191603254
v 599818.6950882439 7000383.849197917 341.13547806634284
v 599838.8448767156 7000349.253161663 341.95909627386186
v 599858.9946651872 7000314.65712541 343.00962612814305
v 599879.1444536588 7000280.061089156 344.13758833565123
v 599899.2942421306 7000245.465052903 347.6505977723416
v 599919.4440306022 7000210.869016649 352.90096945823484
v 599939.5938190739 7000176.272980396 358.9217482675071
v 599959.7436075455 7000141.676944142 366.59386793092267
v 599979.8933960173 7000107.080907889 374.0073574361857
v 600000.0431844889 7000072.484871635 380.73910786912757
v 600020.1929729605 7000037.888835382 386.3461874475971
v 600040.3427614322 7000003.292799128 391.9036598198903
v 600060.4925499039 6999968.696762875 397.46446240432215
v 600080.6423383756 6999934.100726621 402.8835063027758
v 600100.7921268472 6999899.504690368 407.61224370012496
v 600120.9419153188 6999864.908654114 413.1338461297462
v 600141.0917037906 6999830.312617861 421.02871943031823
v 600161.2414922622 6999795.716581607 429.3334935182983
v 600181.3912807339 6999761.120545354 436.5415011828254
v 600201.5410692055 6999726.5245091 443.82958617003965
v 600221.6908576771 6999691.928472847 449.28143541510076
v 600242.9016408641 6999657.975314745 455.10844553029716
v 600264.2402612446 6999624.0996157825 460.04312164228656
v 600285.5788816251 6999590.22391682 467.0926744806368
v 600306.9175020057 6999556.348217859 474.9918746866414
v 600328.2561223862 6999522.472518897 483.9493660541725
v 600349.5947427667 6999488.596819934 492.74343654613807
v 600370.9333631473 6999454.721120973 499.07649062814187
v 600392.2719835278 6999420.845422011 504.9054121386935
v 600413.6106039083 6999386.969723049 510.8794862682439
v 600434.9492242889 6999353.094024087 517.5664487055625
v 600456.2878446694 6999319.218325125 524.3436121550154
v 600477.6264650499 6999285.342626163 530.7112491676762
v 600498.9650854305 6999251.4669272015 536.1552899803439
v 600520.303705811 6999217.591228239 541.1635944416789
v 600541.6423261915 6999183.715529277 545.6077818336279
v 600562.9809465721 6999149.839830316 549.9661691290501
v 600584.3195669526 6999115.964131353 553.7506091297709
v 600605.6581873331 6999082.088432391 552.3118273455475
v 600626.9968077138 6999048.21273343 551.0676953003771
v 600648.3354280943 6999014.337034468 549.9848716917041
v 600669.6740484748 6998980.461335505 548.8328926268168
v 600691.0126688554 6998946.585636544 546.7572380447277
v 600712.3512892359 6998912.709937582 542.9332038580858
v 600733.6899096164 6998878.83423862 535.6041922774575
v 600755.028529997 6998844.958539658 524.6127167471877
v 600776.3671503775 6998811.082840696 514.2552808189109
v 600797.705770758 6998777.207141734 506.1265334927423
v 600819.0443911386 6998743.331442772 498.3726050801484
v 600839.4916091264 6998708.931714053 492.27095030219203
v 600858.713579768 6998673.811697759 486.2497362874128
v 600877.9355504095 6998638.691681463 481.1026070567748
v 600897.157521051 6998603.571665169 476.70034714106805
v 600916.3794916924 6998568.451648873 472.45789967150074
v 600935.6014623339 6998533.331632579 467.8856644990613
v 600954.8234329754 6998498.211616283 462.55743054240367
v 600974.045403617 6998463.091599989 457.95172302315336
v 600993.2673742585 6998427.971583693 453.2807625789236
v 601012.4893448999 6998392.851567399 448.80176979642766
v 601031.7113155414 6998357.731551103 444.01460580017783
v 601050.9332861829 6998322.611534808 440.4889168511432
v 601070.1552568245 6998287.491518513 438.80950215477986
v 601089.377227466 6998252.371502218 438.35377341669994
v 601108.5991981074 6998217.251485923 441.04126257683225
v 601127.8211687489 6998182.131469628 444.41477979452725
v 601147.0431393904 6998147.011453333 450.28698964632656
v 601166.2651100319 6998111.891437038 457.09652599626787
v 601185.4870806735 6998076.771420743 463.34994800919617
v 601204.7090513149 6998041.651404448 468.7136229877591
v 601223.9310219564 6998006.531388153 471.22803475147384
v 601243.1529925979 6997971.411371858 473.88393767164547
v 601262.3749632394 6997936.291355563 474.7885868098138
v 601281.5969338808 6997901.171339268 475.4769227680807
v 601300.8189045223 6997866.051322973 476.3325389751455
v 601320.0408751639 6997830.931306678 478.2859055180251
v 601339.2628458054 6997795.811290383 480.3082051895613
v 601359.3066521913 6997761.187778701 482.5601566852726
v 601381.4524159969 6997727.834145535 485.103443383235
v 601403.5981798025 6997694.480512369 488.1827870868399
v 601425.7439436081 6997661.126879203 490.95209105924044
v 601447.8897074137 6997627.773246037 492.8370889388435
v 601470.0354712193 6997594.4196128715 494.04680568671137
v 601492.1812350249 6997561.065979705 494.7501229874633
v 601514.3269988305 6997527.712346539 494.35848583377987
v 601536.4727626361 6997494.358713374 494.8349181250336
v 601558.6185264416 6997461.005080207 494.88998405192064
v 601580.7642902472 6997427.651447041 494.26845689237166
v 601602.9100540528 6997394.297813876 492.52693678210653
v 601625.0558178584 6997360.944180709 489.51273950202426
v 601647.201581664 6997327.590547543 487.5964119665803
v 601669.3473454696 6997294.236914378 486.7898883516019
v 601691.4931092752 6997260.883281211 484.9499638774155
v 601713.6388730808 6997227.529648045 481.89293938025685
v 601735.7846368863 6997194.17601488 478.58672088360345
v 601757.9304006919 6997160.822381713 474.10581597331293
v 601780.0761644975 6997127.468748547 469.8095302753875
v 601802.2219283031 6997094.115115381 465.97400311520033
v 601824.3676921087 6997060.7614822155 463.3369036605334
v 601846.5134559143 6997027.407849049 460.85303435494603
v 601867.3127972455 6996993.200631665 458.4888355012059
v 601888.0308810107 6996958.941899858 455.85696208064064
v 601908.7489647758 6996924.683168052 454.613679978856
v 601929.467048541 6996890.424436245 453.47341378842486
v 601950.1851323062 6996856.165704438 452.21363900698094
v 601970.9032160713 6996821.906972631 450.46843868615343
v 601991.6212998364 6996787.648240824 448.135734433314
v 602012.3393836017 6996753.389509018 445.13894876654285
v 602033.0574673668 6996719.130777211 441.54950786633884
v 602053.775551132 6996684.872045404 438.4590426601221
v 602074.4936348972 6996650.613313598 435.13819871232596
v 602095.2117186623 6996616.354581791 431.8081293767821
v 602115.9298024275 6996582.095849984 427.6574028942192
v 602136.6478861927 6996547.837118178 422.6901408434123
v 602157.3659699578 6996513.578386371 417.21203869271415
v 602178.084053723 6996479.319654564 411.77760403353864
v 602198.8021374882 6996445.060922758 406.2983619362881
v 602219.5202212534 6996410.802190951 400.4747703105106
v 602240.2383050185 6996376.543459144 394.0758348155141
v 602260.9563887836 6996342.284727338 387.9385607448676
v 602281.6744725489 6996308.025995531 385.00795721082886
v 602302.392556314 6996273.767263724 385.7194741742162
v 602323.1106400791 6996239.508531917 389.3029090613396
v 602343.8287238444 6996205.24980011 395.462761710013
v 602364.5468076095 6996170.991068304 401.77723636977885
v 602385.2648913747 6996136.732336497 407.74570491456217
v 602405.9829751399 6996102.47360469 413.827764482111
v 602426.701058905 6996068.214872884 419.6805490256976
v 602447.4191426702 6996033.956141077 424.64440288723426
v 602468.1372264354 6995999.69740927 427.71735062538284
v 602488.8553102005 6995965.438677464 428.44256597735966
v 602509.5733939657 6995931.179945657 429.1137005188113
v 602530.2914777308 6995896.92121385 429.7433350867866
v 602551.0095614961 6995862.662482044 429.6429168955508
v 602571.7276452612 6995828.403750237 428.4894711844391
v 602592.4457290263 6995794.14501843 427.0944563425111
v 602613.1638127916 6995759.886286623 425.2894273065685
v 602633.8818965567 6995725.627554816 423.45024587333006
v 602654.5999803218 6995691.36882301 419.0
v 602675.3180640871 6995657.110091203 419.0
v 602696.0361478522 6995622.851359396 414.0
v 602716.7542316174 6995588.59262759 414.0
v 602737.4723153826 6995554.333895783 409.0
v 602758.1903991477 6995520.075163976 404.0
v 602778.9084829129 6995485.81643217 404.0
v 602799.626566678 6995451.557700363 399.0
v 602820.3446504432 6995417.298968556 399.0
v 602841.0627342084 6995383.04023675 399.0
v 602861.7808179735 6995348.781504943 394.0
v 602882.6063870348 6995314.588876431 394.0
v 602903.8337998517 6995280.643381221 394.0
v 602925.0612126687 6995246.6978860125 389.0
v 602946.2886254857 6995212.752390803 389.0
v 602967.5160383027 6995178.806895594 389.0
v 602988.7434511196 6995144.861400384 384.0
v 603009.9708639366 6995110.915905175 384.0
v 603031.1982767537 6995076.970409966 384.0
v 603052.4256895706 6995043.024914756 384.0
v 603073.6531023876 6995009.079419548 384.0
v 603094.8805152045 6994975.133924338 384.0
v 603116.1079280216 6994941.188429128 384.0
v 603137.3353408385 6994907.24293392 384.0
v 603158.5627536555 6994873.29743871 384.0
v 603179.7901664724 6994839.351943501 384.0
v 603201.0175792895 6994805.406448292 389.0
v 603222.2449921065 6994771.460953083 389.0
v 603243.4724049234 6994737.515457873 394.0
v 603264.6998177405 6994703.569962664 394.0
v 603285.9272305574 6994669.624467455 399.0
v 603307.1546433744 6994635.678972245 399.0
v 603328.3820561913 6994601.7334770365 399.0
v 603349.6094690084 6994567.787981827 399.0
v 603370.8368818254 6994533.842486618 399.0
v 603392.0642946423 6994499.896991408 399.0
v 603413.2917074593 6994465.951496199 399.0
v 603434.5191202763 6994432.00600099 399.0
v 603455.7465330933 6994398.06050578 404.0
v 603476.9739459102 6994364.115010572 404.0
v 603498.2013587272 6994330.169515362 404.0
v 603519.4287715442 6994296.224020153 404.0
v 603540.6561843612 6994262.278524944 404.0
v 603561.0634850807 6994227.834417808 404.0
v 603581.4304915143 6994193.365812544 404.0
v 603601.7974979479 6994158.897207281 409.0
v 603622.1645043816 6994124.4286020165 409.0
v 603642.5315108151 6994089.959996752 414.0
v 603662.8985172488 6994055.491391488 414.0
v 603683.2655236823 6994021.022786225 414.0
v 603703.632530116 6993986.554180961 414.0
v 603723.9995365496 6993952.085575697 414.0
v 603744.3665429832 6993917.616970433 414.0
v 603764.7335494168 6993883.148365169 414.0
v 603785.1005558504 6993848.679759906 414.0
v 603805.467562284 6993814.211154642 414.0
v 603825.8345687176 6993779.7425493775 414.0
v 603846.2015751512 6993745.273944113 414.0
v 603866.5685815848 6993710.805338849 414.0
v 603886.9355880184 6993676.336733586 414.0
v 603907.302594452 6993641.868128322 414.0
v 603927.6696008856 6993607.399523058 414.0
v 603948.0366073193 6993572.930917794 414.0
v 603968.4036137528 6993538.46231253 414.0
v 603988.7706201865 6993503.993707267 414.0
v 604009.13762662 6993469.525102003 414.0
v 604029.6594468163 6993435.148711901 414.0
v 604050.2689907784 6993400.824574657 414.0
v 604070.8785347403 6993366.500437412 409.0
v 604091.4880787022 6993332.176300168 409.0
v 604112.0976226642 6993297.852162923 409.0
v 604132.7071666262 6993263.528025678 409.0
v 604153.3167105882 6993229.203888434 409.0
v 604173.9262545501 6993194.87975119 409.0
v 604194.535798512 6993160.555613944 409.0
v 604215.1453424741 6993126.2314767 409.0
v 604235.754886436 6993091.907339456 414.0
v 604256.364430398 6993057.583202211 414.0
v 604276.9739743599 6993023.259064967 414.0
v 604297.583518322 6992988.9349277215 414.0
v 604318.1930622839 6992954.610790477 414.0
v 604296.9353458682 6992927.724270145 414.0
v 604265.7647158074 6992902.598754797 414.0
v 604234.061699745 6992901.8397264015 414.0
v 604201.8233998724 6992925.5798132 409.0
v 591722.7445999999 7011913.3209 925.9654875937832
v 591710.3673201626 7011951.566187227 935.6510674719734
v 591697.9900403254 7011989.811474454 942.5144000024276
v 591685.6127604882 7012028.056761681 947.2147409780899
v 591673.235480651 7012066.302048908 949.8039442012998
v 591660.8582008138 7012104.547336135 950.0
v 591648.4809209765 7012142.792623362 950.0
v 591636.1036411393 7012181.037910589 950.0
v 591623.7263613021 7012219.2831978155 950.0
v 591611.3490814649 7012257.528485043 950.0
v 591598.9718016277 7012295.7737722695 948.8414955592061
v 591586.5945217904 7012334.019059497 950.7488597275656
v 591572.9303030204 7012371.812245783 952.5788062196445
v 591558.6689962696 7012409.39567539 954.295394434699
v 591544.4076895189 7012446.979104997 956.3577539441549
v 591530.146382768 7012484.562534603 958.4355604573557
v 591515.8850760174 7012522.14596421 960.1102051055686
v 591501.6237692666 7012559.7293938175 961.6871471155332
v 591487.3624625158 7012597.312823424 964.0753867607554
v 591473.1011557651 7012634.896253031 965.7884724494276
v 591458.8398490144 7012672.479682637 967.6021071540708
v 591444.5785422636 7012710.063112244 969.4160258159988
v 591430.3172355129 7012747.646541851 972.2933457270451
v 591416.0559287622 7012785.229971457 975.8612867260107
v 591401.7946220114 7012822.813401065 979.727257561141
v 591387.5333152607 7012860.3968306715 983.674171908382
v 591358.9100975485 7012887.914620131 986.5392670601678
v 591328.4480286429 7012914.143638589 988.6415111216776
v 591297.9859597374 7012940.372657047 990.1556753519158
v 591267.523890832 7012966.601675504 991.4645520171053
v 591237.0618219264 7012992.830693961 992.6007381310535
v 591206.5997530209 7013019.059712419 994.3331402876152
v 591176.1376841154 7013045.2887308765 996.2097226038729
v 591145.6756152099 7013071.517749334 997.4260390429953
v 591115.2135463044 7013097.746767791 998.3195293756605
v 591084.7514773989 7013123.975786248 998.5741819497125
v 591054.2894084933 7013150.204804706 997.8408789081753
v 591023.8273395878 7013176.433823164 997.0224935122062
v 590993.3652706824 7013202.662841621 996.9620421258315
v 590962.9032017768 7013228.891860078 998.4787488662672
v 590932.4411328713 7013255.120878536 1000.7759567500805
v 590903.445711803 7013282.791922031 1003.1254287880779
v 590877.7361566704 7013313.693666741 1005.9355331044242
v 590852.0266015378 7013344.5954114515 1008.2863161605613
v 590826.3170464052 7013375.497156161 1010.1642223230833
v 590800.6074912725 7013406.398900871 1012.2449289563327
v 590774.89793614 7013437.300645581 1014.9889991661975
v 590749.1883810073 7013468.202390292 1018.6123379590063
v 590723.4788258746 7013499.104135002 1022.3746169686299
v 590697.769270742 7013530.005879711 1026.2721499572203
v 590672.0597156094 7013560.907624422 1029.4552630238838
v 590646.3501604768 7013591.809369132 1030.3642511664486
v 590620.6406053441 7013622.711113842 1030.3678786427104
v 590594.9310502115 7013653.6128585525 1031.4570117974122
v 590569.2214950789 7013684.514603262 1033.3087941629242
v 590543.5119399462 7013715.416347972 1035.2950295247851
v 590519.4184408885 7013747.3747137645 1038.1744071981038
v 590501.421950456 7013783.319468366 1041.4192664698544
v 590483.4254600236 7013819.264222967 1044.591316103533
v 590465.4289695912 7013855.208977569 1047.0866990910863
v 590447.4324791587 7013891.15373217 1049.4276370592363
v 590429.4359887262 7013927.098486772 1051.0524415394423
v 590411.4394982938 7013963.043241373 1051.7882097190134
v 590393.4430078614 7013998.987995975 1052.5721201406282
v 590375.446517429 7014034.932750576 1053.413906794512
v 590357.4500269964 7014070.877505178 1053.3617576177999
v 590339.453536564 7014106.822259779 1053.4685283099122
v 590321.4570461316 7014142.767014381 1053.4876046070913
v 590303.4605556991 7014178.711768982 1052.5577915600206
v 590285.4640652667 7014214.656523583 1050.5145379837516
v 590267.4675748342 7014250.601278185 1048.7919960465679
v 590249.4710844018 7014286.546032786 1047.2489022804068
v 590231.4745939693 7014322.490787388 1046.4841679720803
v 590213.4781035369 7014358.435541989 1045.7020953898955
v 590195.4816131045 7014394.380296591 1043.1492946238695
v 590177.485122672 7014430.325051192 1040.3908253516931
v 590159.4886322395 7014466.269805794 1037.5433980831976
v 590141.4921418071 7014502.214560395 1034.617628917416
v 590123.4956513747 7014538.159314997 1031.6488565613026
v 590105.4991609423 7014574.104069598 1026.5039240357562
v 590087.5026705097 7014610.0488242 1021.602854444485
v 590069.5061800773 7014645.993578802 1014.524533549785
v 590051.5096896449 7014681.938333403 1007.505506068177
v 590033.5131992124 7014717.883088005 1000.742565030311
v 590015.51670878 7014753.827842606 992.6313622535781
v 589997.5202183475 7014789.772597208 983.1686799862946
v 589979.5237279151 7014825.717351809 973.2846778431494
v 589961.5272374826 7014861.662106411 963.9859151637248
v 589943.5307470502 7014897.606861012 956.1678905558797
v 589925.5342566178 7014933.5516156135 948.9806852814179
v 589907.5377661854 7014969.496370215 942.2893713596163
v 589900.0235226238 7015008.272444053 938.3522586709487
v 589897.4751610666 7015048.389833108 935.5316286860993
v 589894.9267995096 7015088.5072221635 932.9447698272025
v 589892.3784379525 7015128.624611218 931.271696573423
v 589889.8300763954 7015168.742000273 931.1596841125972
v 589913.9771428884 7015185.965357709 935.9711172017642
v 589954.0142176233 7015189.561424715 942.029628205478
v 589994.0512923582 7015193.157491721 946.1663190151694
v 590017.0630199617 7015163.220197267 948.867401348893
v 590037.7861873765 7015128.7753227055 950.0
v 590058.5093547913 7015094.330448144 950.0000000000001
v 590079.232522206 7015059.885573583 950.5867562576284
v 590099.9556896208 7015025.440699021 953.7795557289047
v 590120.6788570355 7014990.99582446 960.6062244290401
v 590141.4020244502 7014956.550949899 969.5851302068098
v 590162.125191865 7014922.106075338 977.751490525183
v 590182.8483592798 7014887.661200777 984.0823894920011
v 590203.5715266946 7014853.216326215 989.9569497126529
v 590224.2946941092 7014818.771451654 996.7393281661577
v 590245.017861524 7014784.3265770925 1007.1194788845141
v 590265.7410289388 7014749.881702531 1018.2430355060228
v 590286.4641963536 7014715.43682797 1027.9641172851407
v 590307.1873637683 7014680.991953408 1035.008257395794
v 590327.910531183 7014646.547078847 1040.2657061189045
v 590348.6336985978 7014612.102204286 1043.4232777733446
v 590369.3568660126 7014577.657329724 1046.9110769183658
v 590390.0800334273 7014543.212455163 1048.3751681789463
v 590410.14618344 7014508.400023089 1048.2590919188106
v 590428.6551996904 7014472.7164783 1048.3901712652082
v 590447.1642159409 7014437.032933512 1046.362077029727
v 590465.6732321914 7014401.349388723 1044.1709028612936
v 590484.1822484419 7014365.665843935 1041.689102742152
v 590502.6912646923 7014329.982299145 1040.4661045604362
v 590521.2002809428 7014294.298754357 1039.5995287511296
v 590539.7092971933 7014258.615209568 1039.0593762298388
v 590558.2183134438 7014222.93166478 1038.4501644499155
v 590576.7273296943 7014187.248119991 1037.783635399154
v 590595.2363459447 7014151.564575203 1037.099713939332
v 590613.7453621952 7014115.881030413 1036.3722935754733
v 590632.2543784457 7014080.197485625 1035.237429434724
v 590650.7633946962 7014044.513940836 1033.2437285514925
v 590669.2724109467 7014008.830396048 1031.9341510528875
v 590687.7814271972 7013973.146851259 1030.9491750227658
v 590706.2904434477 7013937.463306471 1030.4703133318294
v 590731.1848598646 7013906.986050698 1028.2739893513074
v 590762.4106029955 7013881.670995549 1024.9065606481313
v 590793.6363461266 7013856.355940401 1022.3707160585682
v 590824.8620892575 7013831.040885252 1019.8858954573734
v 590856.0878323885 7013805.725830104 1017.2464503790097
v 590887.3135755194 7013780.4107749555 1014.5377266811288
v 590918.5393186503 7013755.095719807 1009.8973207691829
v 590949.7650617813 7013729.780664659 1003.8847758062552
v 590980.9908049122 7013704.46560951 998.0821549945447
v 591012.2165480432 7013679.150554362 992.6078727443343
v 591043.4422911741 7013653.835499214 988.814497921744
v 591074.668034305 7013628.520444065 986.6512630730833
v 591105.893777436 7013603.205388917 984.2928883250652
v 591137.1195205669 7013577.890333769 980.9606113867446
v 591168.3452636978 7013552.57527862 979.0224207978732
v 591199.5710068288 7013527.260223472 977.7370766205561
v 591230.7967499597 7013501.945168324 979.6224386961773
v 591262.0224930907 7013476.630113175 981.7019369499137
v 591287.2034341074 7013445.470842685 986.367399814492
v 591311.4507246605 7013413.408903378 986.8147121663969
v 591335.6980152137 7013381.3469640715 985.3973894645185
v 591359.9453057669 7013349.285024766 984.4245563542188
v 591384.1925963201 7013317.223085459 988.0114027286941
v 591408.4398868732 7013285.161146153 996.2698400869076
v 591432.6871774264 7013253.099206847 1006.285499871511
v 591456.9344679796 7013221.037267541 1012.364647401449
v 591481.1817585328 7013188.975328234 1013.0088148041043
v 591505.4290490858 7013156.913388928 1007.2051214360952
v 591529.676339639 7013124.851449622 997.5402451983682
v 591553.9236301922 7013092.789510316 985.1503167923393
v 591578.1709207454 7013060.72757101 971.4900211757318
v 591602.4182112985 7013028.665631703 958.6044664327928
v 591613.6736504707 7012990.650940273 952.4518981974018
v 591622.1237970917 7012951.350888449 949.06762482523
v 591630.5739437125 7012912.0508366255 946.9980921371075
v 591639.0240903334 7012872.750784802 945.2152183658379
v 591647.4742369544 7012833.450732979 942.5093451600369
v 591655.9243835752 7012794.150681155 938.6139367446468
v 591664.3745301962 7012754.850629332 935.2706604727241
v 591672.824676817 7012715.550577508 933.0222074084801
v 591681.2748234379 7012676.250525685 933.1561045479114
v 591689.7249700589 7012636.950473861 934.5709671285053
v 591698.1751166797 7012597.650422038 935.3755188213581
v 591706.6252633007 7012558.350370214 934.6293325860958
v 591715.0754099216 7012519.05031839 932.493732946191
v 591723.5255565424 7012479.750266567 929.796696508356
v 591731.9757031634 7012440.450214744 926.9943800135662
v 591740.4258497843 7012401.15016292 925.6944704704977
v 591748.8759964053 7012361.850111096 925.0365643353048
v 591757.3261430261 7012322.550059273 925.4258433138353
v 591765.776289647 7012283.25000745 924.523849097924
v 591774.226436268 7012243.949955626 922.5464301801329
v 591782.6765828888 7012204.649903802 918.7502518374957
v 591791.1267295098 7012165.349851979 914.5811572222518
v 591799.5768761307 7012126.049800156 910.5633978374849
v 591808.0270227515 7012086.749748332 908.0052180738251
v 591809.477203264 7012048.716026762 908.5206367329517
v 591787.794052448 7012014.867245072 917.1890764317516
v 591766.110901632 7011981.018463381 922.6288039055173
v 591744.4277508159 7011947.169681691 925.0312615988765
v 591722.7445999999 7011913.3209 919.9654875937832
v 591710.3673201626 7011951.566187227 929.6510674719734
v 591697.9900403254 7011989.811474454 936.5144000024276
v 591685.6127604882 7012028.056761681 941.2147409780899
v 591673.235480651 7012066.302048908 943.8039442012998
v 591660.8582008138 7012104.547336135 944.0
v 591648.4809209765 7012142.792623362 944.0
v 591636.1036411393 7012181.037910589 944.0
v 591623.7263613021 7012219.2831978155 944.0
v 591611.3490814649 7012257.528485043 944.0
v 591598.9718016277 7012295.7737722695 942.8414955592061
v 591586.5945217904 7012334.019059497 944.7488597275656
v 591572.9303030204 7012371.812245783 946.5788062196445
v 591558.6689962696 7012409.39567539 948.295394434699
v 591544.4076895189 7012446.979104997 950.3577539441549
v 591530.146382768 7012484.562534603 952.4355604573557
v 591515.8850760174 7012522.14596421 954.1102051055686
v 591501.6237692666 7012559.7293938175 955.6871471155332
v 591487.3624625158 7012597.312823424 958.0753867607554
v 591473.1011557651 7012634.896253031 959.7884724494276
v 591458.8398490144 7012672.479682637 961.6021071540708
v 591444.5785422636 7012710.063112244 963.4160258159988
v 591430.3172355129 7012747.646541851 966.2933457270451
v 591416.0559287622 7012785.229971457 969.8612867260107
v 591401.7946220114 7012822.813401065 973.727257561141
v 591387.5333152607 7012860.3968306715 977.674171908382
v 591358.9100975485 7012887.914620131 980.5392670601678
v 591328.4480286429 7012914.143638589 982.6415111216776
v 591297.9859597374 7012940.372657047 984.1556753519158
v 591267.523890832 7012966.601675504 985.4645520171053
v 591237.0618219264 7012992.830693961 986.6007381310535
v 591206.5997530209 7013019.059712419 988.3331402876152
v 591176.1376841154 7013045.2887308765 990.2097226038729
v 591145.6756152099 7013071.517749334 991.4260390429953
v 591115.2135463044 7013097.746767791 992.3195293756605
v 591084.7514773989 7013123.975786248 992.5741819497125
v 591054.2894084933 7013150.204804706 991.8408789081753
v 591023.8273395878 7013176.433823164 991.0224935122062
v 590993.3652706824 7013202.662841621 990.9620421258315
v 590962.9032017768 7013228.891860078 992.4787488662672
v 590932.4411328713 7013255.120878536 994.7759567500805
v 590903.445711803 7013282.791922031 997.1254287880779
v 590877.7361566704 7013313.693666741 999.9355331044242
v 590852.0266015378 7013344.5954114515 1002.2863161605613
v 590826.3170464052 7013375.497156161 1004.1642223230833
v 590800.6074912725 7013406.398900871 1006.2449289563327
v 590774.89793614 7013437.300645581 1008.9889991661975
v 590749.1883810073 7013468.202390292 1012.6123379590063
v 590723.4788258746 7013499.104135002 1016.3746169686299
v 590697.769270742 7013530.005879711 1020.2721499572203
v 590672.0597156094 7013560.907624422 1023.4552630238838
v 590646.3501604768 7013591.809369132 1024.3642511664486
v 590620.6406053441 7013622.711113842 1024.3678786427104
v 590594.9310502115 7013653.6128585525 1025.4570117974122
v 590569.2214950789 7013684.514603262 1027.3087941629242
v 590543.5119399462 7013715.416347972 1029.2950295247851
v 590519.4184408885 7013747.3747137645 1032.1744071981038
v 590501.421950456 7013783.319468366 1035.4192664698544
v 590483.4254600236 7013819.264222967 1038.591316103533
v 590465.4289695912 7013855.208977569 1041.0866990910863
v 590447.4324791587 7013891.15373217 1043.4276370592363
v 590429.4359887262 7013927.098486772 1045.0524415394423
v 590411.4394982938 7013963.043241373 1045.7882097190134
v 590393.4430078614 7013998.987995975 1046.5721201406282
v 590375.446517429 7014034.932750576 1047.413906794512
v 590357.4500269964 7014070.877505178 1047.3617576177999
v 590339.453536564 7014106.822259779 1047.4685283099122
v 590321.4570461316 7014142.767014381 1047.4876046070913
v 590303.4605556991 7014178.711768982 1046.5577915600206
v 590285.4640652667 7014214.656523583 1044.5145379837516
v 590267.4675748342 7014250.601278185 1042.7919960465679
v 590249.4710844018 7014286.546032786 1041.2489022804068
v 590231.4745939693 7014322.490787388 1040.4841679720803
v 590213.4781035369 7014358.435541989 1039.7020953898955
v 590195.4816131045 7014394.380296591 1037.1492946238695
v 590177.485122672 7014430.325051192 1034.3908253516931
v 590159.4886322395 7014466.269805794 1031.5433980831976
v 590141.4921418071 7014502.214560395 1028.617628917416
v 590123.4956513747 7014538.159314997 1025.6488565613026
v 590105.4991609423 7014574.104069598 1020.5039240357562
v 590087.5026705097 7014610.0488242 1015.602854444485
v 590069.5061800773 7014645.993578802 1008.524533549785
v 590051.5096896449 7014681.938333403 1001.505506068177
v 590033.5131992124 7014717.883088005 994.742565030311
v 590015.51670878 7014753.827842606 986.6313622535781
v 589997.5202183475 7014789.772597208 977.1686799862946
v 589979.5237279151 7014825.717351809 967.2846778431494
v 589961.5272374826 7014861.662106411 957.9859151637248
v 589943.5307470502 7014897.606861012 950.1678905558797
v 589925.5342566178 7014933.5516156135 942.9806852814179
v 589907.5377661854 7014969.496370215 936.2893713596163
v 589900.0235226238 7015008.272444053 932.3522586709487
v 589897.4751610666 7015048.389833108 929.5316286860993
v 589894.9267995096 7015088.5072221635 926.9447698272025
v 589892.3784379525 7015128.624611218 925.271696573423
v 589889.8300763954 7015168.742000273 925.1596841125972
v 589913.9771428884 7015185.965357709 929.9711172017642
v 589954.0142176233 7015189.561424715 936.029628205478
v 589994.0512923582 7015193.157491721 940.1663190151694
v 590017.0630199617 7015163.220197267 942.867401348893
v 590037.7861873765 7015128.7753227055 944.0
v 590058.5093547913 7015094.330448144 944.0000000000001
v 590079.232522206 7015059.885573583 944.5867562576284
v 590099.9556896208 7015025.440699021 947.7795557289047
v 590120.6788570355 7014990.99582446 954.6062244290401
v 590141.4020244502 7014956.550949899 963.5851302068098
v 590162.125191865 7014922.106075338 971.751490525183
v 590182.8483592798 7014887.661200777 978.0823894920011
v 590203.5715266946 7014853.216326215 983.9569497126529
v 590224.2946941092 7014818.771451654 990.7393281661577
v 590245.017861524 7014784.3265770925 1001.1194788845141
v 590265.7410289388 7014749.881702531 1012.2430355060228
v 590286.4641963536 7014715.43682797 1021.9641172851407
v 590307.1873637683 7014680.991953408 1029.008257395794
v 590327.910531183 7014646.547078847 1034.2657061189045
v 590348.6336985978 7014612.102204286 1037.4232777733446
v 590369.3568660126 7014577.657329724 1040.9110769183658
v 590390.0800334273 7014543.212455163 1042.3751681789463
v 590410.14618344 7014508.400023089 1042.2590919188106
v 590428.6551996904 7014472.7164783 1042.3901712652082
v 590447.1642159409 7014437.032933512 1040.362077029727
v 590465.6732321914 7014401.349388723 1038.1709028612936
v 590484.1822484419 7014365.665843935 1035.689102742152
v 590502.6912646923 7014329.982299145 1034.4661045604362
v 590521.2002809428 7014294.298754357 1033.5995287511296
v 590539.7092971933 7014258.615209568 1033.0593762298388
v 590558.2183134438 7014222.93166478 1032.4501644499155
v 590576.7273296943 7014187.248119991 1031.783635399154
v 590595.2363459447 7014151.564575203 1031.099713939332
v 590613.7453621952 7014115.881030413 1030.3722935754733
v 590632.2543784457 7014080.197485625 1029.237429434724
v 590650.7633946962 7014044.513940836 1027.2437285514925
v 590669.2724109467 7014008.830396048 1025.9341510528875
v 590687.7814271972 7013973.146851259 1024.9491750227658
v 590706.2904434477 7013937.463306471 1024.4703133318294
v 590731.1848598646 7013906.986050698 1022.2739893513074
v 590762.4106029955 7013881.670995549 1018.9065606481313
v 590793.6363461266 7013856.355940401 1016.3707160585682
v 590824.8620892575 7013831.040885252 1013.8858954573734
v 590856.0878323885 7013805.725830104 1011.2464503790097
v 590887.3135755194 7013780.4107749555 1008.5377266811288
v 590918.5393186503 7013755.095719807 1003.8973207691829
v 590949.7650617813 7013729.780664659 997.8847758062552
v 590980.9908049122 7013704.46560951 992.0821549945447
v 591012.2165480432 7013679.150554362 986.6078727443343
v 591043.4422911741 7013653.835499214 982.814497921744
v 591074.668034305 7013628.520444065 980.6512630730833
v 591105.893777436 7013603.205388917 978.2928883250652
v 591137.1195205669 7013577.890333769 974.9606113867446
v 591168.3452636978 7013552.57527862 973.0224207978732
v 591199.5710068288 7013527.260223472 971.7370766205561
v 591230.7967499597 7013501.945168324 973.6224386961773
v 591262.0224930907 7013476.630113175 975.7019369499137
v 591287.2034341074 7013445.470842685 980.367399814492
v 591311.4507246605 7013413.408903378 980.8147121663969
v 591335.6980152137 7013381.3469640715 979.3973894645185
v 591359.9453057669 7013349.285024766 978.4245563542188
v 591384.1925963201 7013317.223085459 982.0114027286941
v 591408.4398868732 7013285.161146153 990.2698400869076
v 591432.6871774264 7013253.099206847 1000.285499871511
v 591456.9344679796 7013221.037267541 1006.364647401449
v 591481.1817585328 7013188.975328234 1007.0088148041043
v 591505.4290490858 7013156.913388928 1001.2051214360952
v 591529.676339639 7013124.851449622 991.5402451983682
v 591553.9236301922 7013092.789510316 979.1503167923393
v 591578.1709207454 7013060.72757101 965.4900211757318
v 591602.4182112985 7013028.665631703 952.6044664327928
v 591613.6736504707 7012990.650940273 946.4518981974018
v 591622.1237970917 7012951.350888449 943.06762482523
v 591630.5739437125 7012912.0508366255 940.9980921371075
v 591639.0240903334 7012872.750784802 939.2152183658379
v 591647.4742369544 7012833.450732979 936.5093451600369
v 591655.9243835752 7012794.150681155 932.6139367446468
v 591664.3745301962 7012754.850629332 929.2706604727241
v 591672.824676817 7012715.550577508 927.0222074084801
v 591681.2748234379 7012676.250525685 927.1561045479114
v 591689.7249700589 7012636.950473861 928.5709671285053
v 591698.1751166797 7012597.650422038 929.3755188213581
v 591706.6252633007 7012558.350370214 928.6293325860958
v 591715.0754099216 7012519.05031839 926.493732946191
v 591723.5255565424 7012479.750266567 923.796696508356
v 591731.9757031634 7012440.450214744 920.9943800135662
v 591740.4258497843 7012401.15016292 919.6944704704977
v 591748.8759964053 7012361.850111096 919.0365643353048
v 591757.3261430261 7012322.550059273 919.4258433138353
v 591765.776289647 7012283.25000745 918.523849097924
v 591774.226436268 7012243.949955626 916.5464301801329
v 591782.6765828888 7012204.649903802 912.7502518374957
v 591791.1267295098 7012165.349851979 908.5811572222518
v 591799.5768761307 7012126.049800156 904.5633978374849
v 591808.0270227515 7012086.749748332 902.0052180738251
v 591809.477203264 7012048.716026762 902.5206367329517
v 591787.794052448 7012014.867245072 911.1890764317516
v 591766.110901632 7011981.018463381 916.6288039055173
v 591744.4277508159 7011947.169681691 919.0312615988765
f 1077 1079 1078
f 1076 1079 1077
f 37 1038 1037
f 553 518 554
f 1074 1076 1075
f 1074 1079 1076
f 564 508 565
f 716 715 358
f 717 356 718
f 356 355 718
f 481 591 590
f 493 579 578
f 2 1072 3
f 98 977 976
f 40 1035 1034
f 570 569 503
f 501 572 571
f 515 558 557
f 566 506 567
f 508 507 565
f 507 566 565
f 566 507 506
f 505 568 567
f 506 505 567
f 519 518 553
f 850 224 851
f 584 487 585
f 707 706 367
f 713 360 714
f 361 713 712
f 713 361 360
f 360 359 714
f 714 359 715
f 715 359 358
f 711 710 363
f 366 707 367
f 722 721 352
f 723 350 724
f 350 349 724
f 716 357 717
f 357 356 717
f 357 716 358
f 355 719 718
f 720 353 721
f 721 353 352
f 1072 1071 3
f 1073 1 1079
f 1074 1073 1079
f 1073 2 1
f 1073 1072 2
f 1048 1047 27
f 902 901 173
f 959 958 115
f 38 37 1037
f 1036 38 1037
f 41 40 1034
f 961 112 962
f 966 965 108
f 973 972 101
f 518 555 554
f 517 555 518
f 555 517 556
f 556 516 557
f 516 515 557
f 517 516 556
f 505 504 568
f 569 504 503
f 504 569 568
f 564 509 508
f 562 511 510
f 551 550 521
f 547 524 548
f 959 114 960
f 114 959 115
f 963 110 964
f 969 104 970
f 906 168 907
f 560 513 512
f 559 513 560
f 502 570 503
f 502 571 570
f 502 501 571
f 955 118 956
f 224 223 851
f 223 852 851
f 596 475 597
f 604 603 468
f 490 582 581
f 484 588 587
f 711 362 712
f 362 361 712
f 362 711 363
f 709 708 365
f 366 708 707
f 708 366 365
f 709 364 710
f 710 364 363
f 364 709 365
f 572 499 573
f 722 351 723
f 351 350 723
f 351 722 352
f 719 354 720
f 354 353 720
f 354 719 355
f 37 36 1038
f 15 1059 16
f 1059 1058 16
f 1062 12 1063
f 40 39 1035
f 39 1036 1035
f 39 38 1036
f 99 975 974
f 99 98 976
f 975 99 976
f 562 561 511
f 561 560 512
f 511 561 512
f 509 563 510
f 563 562 510
f 563 509 564
f 549 522 550
f 550 522 521
f 552 519 553
f 520 551 521
f 520 552 551
f 552 520 519
f 529 543 542
f 541 529 542
f 965 109 108
f 109 965 964
f 110 109 964
f 984 91 90
f 967 106 968
f 972 102 101
f 971 102 972
f 103 971 970
f 104 103 970
f 103 102 971
f 98 97 977
f 168 167 907
f 905 169 906
f 169 168 906
f 958 116 115
f 116 958 957
f 117 957 956
f 118 117 956
f 117 116 957
f 515 514 558
f 514 559 558
f 514 513 559
f 146 928 147
f 852 222 853
f 223 222 852
f 471 601 600
f 606 465 607
f 492 579 493
f 579 492 580
f 703 370 704
f 576 495 577
f 500 572 501
f 500 499 572
f 654 417 655
f 726 725 724
f 349 726 724
f 747 327 748
f 771 770 304
f 303 771 304
f 301 773 302
f 727 347 728
f 741 333 742
f 738 336 739
f 1052 22 1053
f 1056 18 1057
f 1043 1042 32
f 15 1060 1059
f 1060 14 1061
f 14 1060 15
f 12 11 1063
f 11 1064 1063
f 1064 11 10
f 8 1067 1066
f 1029 46 45
f 961 113 112
f 113 961 960
f 114 113 960
f 111 110 963
f 112 111 962
f 111 963 962
f 100 99 974
f 100 973 101
f 973 100 974
f 523 549 548
f 523 522 549
f 524 523 548
f 526 525 546
f 525 547 546
f 547 525 524
f 545 526 546
f 545 544 527
f 526 545 527
f 529 528 543
f 528 544 543
f 544 528 527
f 530 541 540
f 530 529 541
f 105 104 969
f 105 969 968
f 106 105 968
f 107 106 967
f 107 966 108
f 107 967 966
f 904 170 905
f 170 169 905
f 916 915 159
f 158 916 159
f 930 145 144
f 149 148 926
f 148 927 926
f 928 927 147
f 927 148 147
f 955 119 118
f 953 952 122
f 767 307 768
f 342 733 732
f 731 730 344
f 271 270 804
f 271 803 272
f 803 271 804
f 277 797 278
f 275 800 799
f 800 274 801
f 274 800 275
f 299 775 300
f 299 776 775
f 222 221 853
f 221 854 853
f 221 220 854
f 473 599 598
f 603 469 468
f 602 469 603
f 470 602 601
f 471 470 601
f 470 469 602
f 485 587 586
f 485 484 587
f 582 489 583
f 490 489 582
f 593 478 594
f 464 608 607
f 465 464 607
f 464 463 608
f 466 606 605
f 466 465 606
f 491 490 581
f 580 491 581
f 492 491 580
f 379 378 692
f 380 690 381
f 690 689 381
f 691 379 692
f 691 380 379
f 380 691 690
f 376 694 377
f 694 376 695
f 423 422 649
f 494 493 578
f 577 494 578
f 495 494 577
f 574 497 575
f 660 659 412
f 674 397 396
f 673 397 674
f 397 673 398
f 399 671 400
f 411 660 412
f 411 661 660
f 661 411 410
f 662 409 408
f 409 661 410
f 661 409 662
f 667 666 404
f 664 406 665
f 775 774 300
f 774 301 300
f 774 773 301
f 773 772 302
f 772 303 302
f 772 771 303
f 343 342 732
f 731 343 732
f 343 731 344
f 348 347 727
f 348 726 349
f 726 348 727
f 741 334 333
f 1050 24 1051
f 25 1050 1049
f 1050 25 24
f 18 17 1057
f 17 1058 1057
f 1058 17 16
f 1054 20 1055
f 22 21 1053
f 21 1054 1053
f 1054 21 20
f 20 19 1055
f 19 1056 1055
f 19 18 1056
f 36 1039 1038
f 1039 36 35
f 1042 33 32
f 1044 30 1045
f 14 13 1061
f 13 1062 1061
f 1062 13 12
f 1065 1064 10
f 1067 7 1068
f 8 7 1067
f 1032 43 42
f 91 983 92
f 983 91 984
f 539 531 540
f 531 530 540
f 987 88 87
f 95 979 96
f 94 93 981
f 171 904 903
f 171 170 904
f 915 160 159
f 161 160 914
f 160 915 914
f 912 163 162
f 913 912 162
f 161 913 162
f 913 161 914
f 167 908 907
f 908 167 166
f 910 165 164
f 150 924 151
f 126 125 949
f 929 928 146
f 929 145 930
f 145 929 146
f 134 941 940
f 121 953 122
f 953 121 120
f 954 953 120
f 954 119 955
f 119 954 120
f 952 123 122
f 951 123 952
f 125 950 949
f 227 848 847
f 230 845 844
f 235 840 839
f 878 196 879
f 195 880 879
f 196 195 879
f 752 322 753
f 308 307 767
f 766 308 767
f 764 310 765
f 316 315 759
f 315 760 759
f 312 763 762
f 313 312 762
f 735 339 736
f 341 733 342
f 733 341 734
f 347 346 728
f 346 729 728
f 803 802 272
f 797 796 278
f 276 275 799
f 792 791 283
f 280 795 794
f 281 280 794
f 793 281 794
f 282 792 283
f 282 793 792
f 793 282 281
f 287 788 787
f 782 292 783
f 294 781 780
f 422 650 649
f 421 650 422
f 429 642 430
f 645 427 426
f 472 471 600
f 599 472 600
f 473 472 599
f 486 485 586
f 585 486 586
f 487 486 585
f 488 584 583
f 489 488 583
f 488 487 584
f 479 593 592
f 479 478 593
f 596 476 475
f 595 476 596
f 482 590 589
f 482 481 590
f 438 633 439
f 467 466 605
f 467 604 468
f 604 467 605
f 369 705 704
f 370 369 704
f 702 371 703
f 371 370 703
f 376 375 695
f 676 394 677
f 694 693 377
f 693 378 377
f 378 693 692
f 679 678 392
f 689 382 381
f 382 689 688
f 391 679 392
f 391 680 679
f 389 682 681
f 684 387 386
f 496 576 575
f 497 496 575
f 496 495 576
f 140 139 935
f 932 142 933
f 934 140 935
f 414 658 657
f 498 497 574
f 498 574 573
f 499 498 573
f 418 417 654
f 653 418 654
f 659 413 412
f 658 413 659
f 413 658 414
f 656 415 657
f 415 414 657
f 399 672 671
f 673 672 398
f 672 399 398
f 668 403 402
f 403 667 404
f 403 668 667
f 669 668 402
f 401 669 402
f 306 769 768
f 307 306 768
f 405 666 665
f 406 405 665
f 666 405 404
f 663 662 408
f 664 407 406
f 407 663 408
f 663 407 664
f 747 328 327
f 746 328 747
f 744 330 745
f 333 332 742
f 332 743 742
f 337 336 738
f 737 337 738
f 740 334 741
f 26 1049 1048
f 26 25 1049
f 26 1048 27
f 1041 33 1042
f 29 1046 1045
f 30 29 1045
f 31 1044 1043
f 31 30 1044
f 31 1043 32
f 9 1065 10
f 9 8 1066
f 1065 9 1066
f 6 1069 1068
f 7 6 1068
f 979 978 96
f 97 978 977
f 978 97 96
f 44 1030 45
f 1030 1029 45
f 1033 41 1034
f 41 1033 42
f 1033 1032 42
f 980 94 981
f 980 95 94
f 95 980 979
f 1021 1020 54
f 1029 1028 46
f 46 1028 47
f 1028 1027 47
f 985 984 90
f 89 985 90
f 50 1025 1024
f 53 1021 54
f 1021 53 1022
f 51 50 1024
f 24 23 1051
f 23 1052 1051
f 1052 23 22
f 69 1006 1005
f 70 69 1005
f 538 532 539
f 532 531 539
f 902 172 903
f 172 171 903
f 172 902 173
f 911 910 164
f 163 911 164
f 911 163 912
f 165 909 166
f 910 909 165
f 909 908 166
f 924 923 151
f 923 152 151
f 152 923 922
f 154 153 921
f 153 922 921
f 153 152 922
f 150 925 924
f 925 149 926
f 925 150 149
f 128 946 129
f 128 947 946
f 920 919 155
f 920 154 921
f 920 155 154
f 948 126 949
f 919 156 155
f 156 918 157
f 156 919 918
f 938 937 137
f 939 135 940
f 135 134 940
f 941 133 942
f 134 133 941
f 931 930 144
f 139 936 935
f 124 950 125
f 124 123 951
f 950 124 951
f 158 917 916
f 917 158 157
f 918 917 157
f 220 855 854
f 829 828 246
f 848 226 849
f 227 226 848
f 234 840 235
f 840 234 841
f 231 230 844
f 843 231 844
f 843 842 232
f 231 843 232
f 270 805 804
f 863 862 212
f 214 861 860
f 864 210 865
f 872 871 203
f 194 881 880
f 195 194 880
f 323 752 751
f 323 322 752
f 309 766 765
f 309 308 766
f 310 309 765
f 757 318 317
f 761 313 762
f 322 321 753
f 321 754 753
f 315 314 760
f 761 314 313
f 314 761 760
f 312 311 763
f 764 311 310
f 311 764 763
f 735 340 339
f 340 735 734
f 341 340 734
f 729 345 730
f 346 345 729
f 730 345 344
f 802 273 272
f 274 273 801
f 273 802 801
f 277 798 797
f 276 798 277
f 798 276 799
f 280 279 795
f 796 279 278
f 279 796 795
f 786 288 787
f 288 287 787
f 791 284 283
f 790 284 791
f 788 286 789
f 287 286 788
f 294 293 781
f 293 782 781
f 782 293 292
f 779 295 780
f 295 294 780
f 463 609 608
f 651 650 421
f 652 651 420
f 651 421 420
f 646 645 426
f 648 647 424
f 648 423 649
f 423 648 424
f 458 614 613
f 647 425 424
f 425 646 426
f 646 425 647
f 642 641 430
f 480 479 592
f 591 480 592
f 480 591 481
f 474 473 598
f 475 474 597
f 474 598 597
f 445 444 627
f 447 624 448
f 477 476 595
f 477 595 594
f 478 477 594
f 483 482 589
f 588 483 589
f 484 483 588
f 431 641 640
f 641 431 430
f 369 368 705
f 705 368 706
f 706 368 367
f 372 371 702
f 675 674 396
f 676 395 394
f 395 675 396
f 675 395 676
f 678 393 392
f 394 393 677
f 393 678 677
f 383 382 688
f 685 684 386
f 687 383 688
f 687 686 384
f 383 687 384
f 390 389 681
f 680 390 681
f 391 390 680
f 683 387 684
f 138 936 139
f 937 138 137
f 936 138 937
f 142 141 933
f 141 934 933
f 934 141 140
f 143 142 932
f 143 931 144
f 931 143 932
f 419 418 653
f 419 652 420
f 419 653 652
f 416 415 656
f 417 416 655
f 416 656 655
f 670 669 401
f 671 670 400
f 670 401 400
f 241 240 834
f 833 241 834
f 245 829 246
f 245 830 829
f 831 243 832
f 306 305 769
f 770 305 304
f 769 305 770
f 373 697 374
f 698 697 373
f 699 698 373
f 372 699 373
f 329 328 746
f 330 329 745
f 329 746 745
f 331 744 743
f 332 331 743
f 744 331 330
f 338 337 737
f 339 338 736
f 338 737 736
f 740 335 334
f 336 335 739
f 335 740 739
f 1040 1039 35
f 29 28 1046
f 1047 28 27
f 1046 28 1047
f 1069 5 1070
f 6 5 1069
f 999 998 76
f 1014 1013 61
f 80 994 81
f 1032 1031 43
f 43 1031 44
f 1031 1030 44
f 983 982 92
f 982 93 92
f 93 982 981
f 990 84 991
f 989 988 86
f 86 988 87
f 988 987 87
f 1023 51 1024
f 85 989 86
f 990 85 84
f 85 990 989
f 986 88 987
f 88 986 89
f 986 985 89
f 49 1025 50
f 53 52 1022
f 52 1023 1022
f 1023 52 51
f 69 68 1006
f 533 532 538
f 533 538 537
f 533 535 534
f 536 533 537
f 535 533 536
f 946 945 129
f 128 127 947
f 127 948 947
f 948 127 126
f 938 136 939
f 136 135 939
f 136 938 137
f 942 132 943
f 133 132 942
f 218 857 856
f 859 858 216
f 269 805 270
f 805 269 806
f 823 251 824
f 238 237 837
f 237 838 837
f 226 225 849
f 225 850 849
f 850 225 224
f 229 845 230
f 229 846 845
f 234 233 841
f 233 842 841
f 842 233 232
f 214 213 861
f 862 213 212
f 861 213 862
f 219 855 220
f 855 219 856
f 219 218 856
f 867 208 207
f 863 211 864
f 211 210 864
f 211 863 212
f 866 208 867
f 871 204 203
f 201 874 873
f 881 193 882
f 194 193 881
f 750 324 751
f 324 323 751
f 758 757 317
f 758 316 759
f 758 317 316
f 756 755 319
f 318 756 319
f 757 756 318
f 754 320 755
f 321 320 754
f 755 320 319
f 289 786 785
f 289 288 786
f 286 285 789
f 285 790 789
f 285 284 790
f 296 779 778
f 296 295 779
f 614 457 615
f 457 614 458
f 612 459 613
f 459 458 613
f 643 429 428
f 643 642 429
f 630 442 441
f 444 628 627
f 628 444 443
f 440 631 441
f 631 630 441
f 435 636 436
f 432 431 640
f 385 685 386
f 686 385 384
f 685 385 686
f 683 388 387
f 388 682 389
f 388 683 682
f 243 242 832
f 242 833 832
f 242 241 833
f 245 244 830
f 244 831 830
f 831 244 243
f 240 835 834
f 239 835 240
f 697 696 374
f 696 375 374
f 375 696 695
f 700 699 372
f 700 702 701
f 700 372 702
f 1041 34 33
f 1040 34 1041
f 34 1040 35
f 5 4 1070
f 1071 4 3
f 4 1071 1070
f 71 1003 72
f 1001 74 73
f 994 993 81
f 993 82 81
f 82 993 992
f 1017 1016 58
f 57 1017 58
f 55 1019 56
f 1020 55 54
f 1019 55 1020
f 83 992 991
f 83 82 992
f 84 83 991
f 1016 59 58
f 1015 59 1016
f 998 77 76
f 49 1026 1025
f 217 857 218
f 858 217 216
f 857 217 858
f 215 859 216
f 215 214 860
f 859 215 860
f 253 822 821
f 261 814 813
f 252 251 823
f 822 252 823
f 252 822 253
f 250 825 824
f 251 250 824
f 237 236 838
f 236 235 839
f 838 236 839
f 229 228 846
f 228 227 847
f 846 228 847
f 210 209 865
f 209 866 865
f 866 209 208
f 204 870 205
f 870 869 205
f 870 204 871
f 869 206 205
f 868 206 869
f 868 867 207
f 206 868 207
f 872 202 873
f 202 201 873
f 202 872 203
f 200 875 874
f 201 200 874
f 325 750 749
f 325 324 750
f 784 290 785
f 290 289 785
f 777 297 778
f 297 296 778
f 456 616 615
f 457 456 615
f 616 456 455
f 462 609 463
f 609 462 610
f 644 643 428
f 427 644 428
f 644 427 645
f 624 623 448
f 450 622 621
f 634 438 437
f 438 634 633
f 635 634 437
f 436 635 437
f 636 635 436
f 620 619 452
f 447 625 624
f 446 625 447
f 629 628 443
f 442 629 443
f 629 442 630
f 836 238 837
f 836 239 238
f 836 835 239
f 66 1008 67
f 1003 1002 72
f 1002 73 72
f 1002 1001 73
f 1010 65 64
f 1000 74 1001
f 1012 1011 63
f 1011 1010 64
f 63 1011 64
f 62 1012 63
f 1013 62 61
f 1012 62 1013
f 75 999 76
f 75 1000 999
f 1000 75 74
f 1019 1018 56
f 1018 57 56
f 1018 1017 57
f 996 995 79
f 80 995 994
f 995 80 79
f 60 1014 61
f 60 1015 1014
f 1015 60 59
f 997 77 998
f 78 996 79
f 78 997 996
f 997 78 77
f 48 1026 49
f 1027 48 47
f 1026 48 1027
f 132 131 943
f 131 944 943
f 814 260 815
f 261 260 814
f 812 262 813
f 262 261 813
f 825 249 826
f 250 249 825
f 199 876 875
f 200 199 875
f 193 192 882
f 326 325 749
f 327 326 748
f 326 749 748
f 291 784 783
f 291 290 784
f 292 291 783
f 298 777 776
f 298 297 777
f 299 298 776
f 610 461 611
f 462 461 610
f 433 638 434
f 451 450 621
f 620 451 621
f 451 620 452
f 449 623 622
f 450 449 622
f 623 449 448
f 619 453 452
f 618 453 619
f 453 618 454
f 617 616 455
f 454 617 455
f 618 617 454
f 626 625 446
f 626 445 627
f 626 446 445
f 632 631 440
f 633 632 439
f 632 440 439
f 1004 70 1005
f 1004 71 70
f 1004 1003 71
f 1009 65 1010
f 1009 1008 66
f 65 1009 66
f 131 130 944
f 945 130 129
f 944 130 945
f 259 816 815
f 260 259 815
f 263 812 811
f 263 262 812
f 248 827 826
f 249 248 826
f 876 198 877
f 199 198 876
f 884 883 191
f 192 883 882
f 883 192 191
f 886 188 887
f 189 886 885
f 886 189 188
f 887 187 888
f 188 187 887
f 460 459 612
f 460 612 611
f 461 460 611
f 435 637 636
f 637 435 434
f 638 637 434
f 639 638 433
f 639 432 640
f 432 639 433
f 1008 1007 67
f 1007 68 67
f 68 1007 1006
f 816 258 817
f 259 258 816
f 810 264 811
f 264 263 811
f 248 247 827
f 828 247 246
f 827 247 828
f 198 197 877
f 197 878 877
f 878 197 196
f 884 190 885
f 190 189 885
f 190 884 191
f 186 889 888
f 187 186 888
f 817 257 818
f 258 257 817
f 265 810 809
f 265 264 810
f 185 890 889
f 186 185 889
f 256 819 818
f 257 256 818
f 808 266 809
f 266 265 809
f 890 184 891
f 185 184 890
f 819 255 820
f 256 255 819
f 267 808 807
f 267 266 808
f 183 892 891
f 184 183 891
f 254 821 820
f 255 254 820
f 254 253 821
f 268 267 807
f 806 268 807
f 269 268 806
f 182 893 892
f 183 182 892
f 893 181 894
f 182 181 893
f 180 895 894
f 181 180 894
f 179 896 895
f 180 179 895
f 896 178 897
f 179 178 896
f 177 898 897
f 178 177 897
f 898 176 899
f 177 176 898
f 899 175 900
f 176 175 899
f 175 174 900
f 174 901 900
f 901 174 173
f 702 717 718
f 722 702 721
f 702 711 712
f 702 716 717
f 702 703 704
f 719 702 718
f 702 705 706
f 2156 2157 2158
f 2155 2156 2158
f 1116 2116 2117
f 1632 1633 1597
f 2153 2154 2155
f 2153 2155 2158
f 1643 1644 1587
f 1795 1437 1794
f 1796 1797 1435
f 1435 1797 1434
f 1560 1669 1670
f 1572 1657 1658
f 1081 1082 2151
f 1177 2055 2056
f 1119 2113 2114
f 1649 1582 1648
f 1580 1650 1651
f 1594 1636 1637
f 1645 1646 1585
f 1587 1644 1586
f 1586 1644 1645
f 1645 1585 1586
f 1584 1646 1647
f 1585 1646 1584
f 1598 1632 1597
f 1929 1930 1303
f 1663 1664 1566
f 1786 1446 1785
f 1792 1793 1439
f 1440 1791 1792
f 1792 1439 1440
f 1439 1793 1438
f 1793 1794 1438
f 1794 1437 1438
f 1790 1442 1789
f 1445 1446 1786
f 1801 1431 1800
f 1802 1803 1429
f 1429 1803 1428
f 1795 1796 1436
f 1436 1796 1435
f 1436 1437 1795
f 1434 1797 1798
f 1799 1800 1432
f 1800 1431 1432
f 2151 1082 2150
f 2152 2158 1080
f 2153 2158 2152
f 2152 1080 1081
f 2152 1081 2151
f 2127 1106 2126
f 1981 1252 1980
f 2038 1194 2037
f 1117 2116 1116
f 2115 2116 1117
f 1120 2113 1119
f 2040 2041 1191
f 2045 1187 2044
f 2052 1180 2051
f 1597 1633 1634
f 1596 1597 1634
f 1634 1635 1596
f 1635 1636 1595
f 1595 1636 1594
f 1596 1635 1595
f 1584 1647 1583
f 1648 1582 1583
f 1583 1647 1648
f 1643 1587 1588
f 1641 1589 1590
f 1630 1600 1629
f 1626 1627 1603
f 2038 2039 1193
f 1193 1194 2038
f 2042 2043 1189
f 2048 2049 1183
f 1985 1986 1247
f 1639 1591 1592
f 1638 1639 1592
f 1581 1582 1649
f 1581 1649 1650
f 1581 1650 1580
f 2034 2035 1197
f 1303 1930 1302
f 1302 1930 1931
f 1675 1676 1554
f 1683 1547 1682
f 1569 1660 1661
f 1563 1666 1667
f 1790 1791 1441
f 1441 1791 1440
f 1441 1442 1790
f 1788 1444 1787
f 1445 1786 1787
f 1787 1444 1445
f 1788 1789 1443
f 1789 1442 1443
f 1443 1444 1788
f 1651 1652 1578
f 1801 1802 1430
f 1430 1802 1429
f 1430 1431 1801
f 1798 1799 1433
f 1433 1799 1432
f 1433 1434 1798
f 1116 2117 1115
f 1094 1095 2138
f 2138 1095 2137
f 2141 2142 1091
f 1119 2114 1118
f 1118 2114 2115
f 1118 2115 1117
f 1178 2053 2054
f 1178 2055 1177
f 2054 2055 1178
f 1641 1590 1640
f 1640 1591 1639
f 1590 1591 1640
f 1588 1589 1642
f 1642 1589 1641
f 1642 1643 1588
f 1628 1629 1601
f 1629 1600 1601
f 1631 1632 1598
f 1599 1600 1630
f 1599 1630 1631
f 1631 1598 1599
f 1608 1621 1622
f 1620 1621 1608
f 2044 1187 1188
f 1188 2043 2044
f 1189 2043 1188
f 2063 1169 1170
f 2046 2047 1185
f 2051 1180 1181
f 2050 2051 1181
f 1182 2049 2050
f 1183 2049 1182
f 1182 2050 1181
f 1177 2056 1176
f 1247 1986 1246
f 1984 1985 1248
f 1248 1985 1247
f 2037 1194 1195
f 1195 2036 2037
f 1196 2035 2036
f 1197 2035 1196
f 1196 2036 1195
f 1594 1637 1593
f 1593 1637 1638
f 1593 1638 1592
f 1225 1226 2007
f 1931 1932 1301
f 1302 1931 1301
f 1550 1679 1680
f 1685 1686 1544
f 1571 1572 1658
f 1658 1659 1571
f 1782 1783 1449
f 1655 1656 1574
f 1579 1580 1651
f 1579 1651 1578
f 1733 1734 1496
f 1805 1803 1804
f 1428 1803 1805
f 1826 1827 1406
f 1850 1383 1849
f 1382 1383 1850
f 1380 1381 1852
f 1806 1807 1426
f 1820 1821 1412
f 1817 1818 1415
f 2131 2132 1101
f 2135 2136 1097
f 2122 1111 2121
f 1094 2138 2139
f 2139 2140 1093
f 1093 1094 2139
f 1091 2142 1090
f 1090 2142 2143
f 2143 1089 1090
f 1087 2145 2146
f 2108 1124 1125
f 2040 1191 1192
f 1192 2039 2040
f 1193 2039 1192
f 1190 2042 1189
f 1191 2041 1190
f 1190 2041 2042
f 1179 2053 1178
f 1179 1180 2052
f 2052 2053 1179
f 1602 1627 1628
f 1602 1628 1601
f 1603 1627 1602
f 1605 1625 1604
f 1604 1625 1626
f 1626 1603 1604
f 1624 1625 1605
f 1624 1606 1623
f 1605 1606 1624
f 1608 1622 1607
f 1607 1622 1623
f 1623 1606 1607
f 1609 1619 1620
f 1609 1620 1608
f 1184 2048 1183
f 1184 2047 2048
f 1185 2047 1184
f 1186 2046 1185
f 1186 1187 2045
f 1186 2045 2046
f 1983 1984 1249
f 1249 1984 1248
f 1995 1238 1994
f 1237 1238 1995
f 2009 1223 1224
f 1228 2005 1227
f 1227 2005 2006
f 2007 1226 2006
f 2006 1226 1227
f 2034 1197 1198
f 2032 1201 2031
f 1846 1847 1386
f 1421 1811 1812
f 1810 1423 1809
f 1350 1883 1349
f 1350 1351 1882
f 1882 1883 1350
f 1356 1357 1876
f 1354 1878 1879
f 1879 1880 1353
f 1353 1354 1879
f 1378 1379 1854
f 1378 1854 1855
f 1301 1932 1300
f 1300 1932 1933
f 1300 1933 1299
f 1552 1677 1678
f 1682 1547 1548
f 1681 1682 1548
f 1549 1680 1681
f 1550 1680 1549
f 1549 1681 1548
f 1564 1665 1666
f 1564 1666 1563
f 1661 1662 1568
f 1569 1661 1568
f 1672 1673 1557
f 1543 1686 1687
f 1544 1686 1543
f 1543 1687 1542
f 1545 1684 1685
f 1545 1685 1544
f 1570 1660 1569
f 1659 1660 1570
f 1571 1659 1570
f 1458 1771 1457
f 1459 1460 1769
f 1769 1460 1768
f 1770 1771 1458
f 1770 1458 1459
f 1459 1769 1770
f 1455 1456 1773
f 1773 1774 1455
f 1502 1728 1501
f 1573 1657 1572
f 1656 1657 1573
f 1574 1656 1573
f 1653 1654 1576
f 1739 1491 1738
f 1753 1475 1476
f 1752 1753 1476
f 1476 1477 1752
f 1478 1479 1750
f 1490 1491 1739
f 1490 1739 1740
f 1740 1489 1490
f 1741 1487 1488
f 1488 1489 1740
f 1740 1741 1488
f 1746 1483 1745
f 1743 1744 1485
f 1854 1379 1853
f 1853 1379 1380
f 1853 1380 1852
f 1852 1381 1851
f 1851 1381 1382
f 1851 1382 1850
f 1422 1811 1421
f 1810 1811 1422
f 1422 1423 1810
f 1427 1806 1426
f 1427 1428 1805
f 1805 1806 1427
f 1820 1412 1413
f 2129 2130 1103
f 1104 2128 2129
f 2129 1103 1104
f 1097 2136 1096
f 1096 2136 2137
f 2137 1095 1096
f 2133 2134 1099
f 1101 2132 1100
f 1100 2132 2133
f 2133 1099 1100
f 1099 2134 1098
f 1098 2134 2135
f 1098 2135 1097
f 1115 2117 2118
f 2118 1114 1115
f 2121 1111 1112
f 2123 2124 1109
f 1093 2140 1092
f 1092 2140 2141
f 2141 1091 1092
f 2144 1089 2143
f 2146 2147 1086
f 1087 2146 1086
f 2111 1121 1122
f 1170 1171 2062
f 2062 2063 1170
f 1618 1619 1610
f 1610 1619 1609
f 2066 1166 1167
f 1174 1175 2058
f 1173 2060 1172
f 1250 1982 1983
f 1250 1983 1249
f 1994 1238 1239
f 1240 1993 1239
f 1239 1993 1994
f 1991 1241 1242
f 1992 1241 1991
f 1240 1241 1992
f 1992 1993 1240
f 1246 1986 1987
f 1987 1245 1246
f 1989 1243 1244
f 1229 1230 2003
f 1205 2028 1204
f 2008 1225 2007
f 2008 2009 1224
f 1224 1225 2008
f 1213 2019 2020
f 1200 1201 2032
f 2032 1199 1200
f 2033 1199 2032
f 2033 2034 1198
f 1198 1199 2033
f 2031 1201 1202
f 2030 2031 1202
f 1204 2028 2029
f 1306 1926 1927
f 1309 1923 1924
f 1314 1918 1919
f 1957 1958 1275
f 1274 1958 1959
f 1275 1958 1274
f 1831 1832 1401
f 1387 1846 1386
f 1845 1846 1387
f 1843 1844 1389
f 1395 1838 1394
f 1394 1838 1839
f 1391 1841 1842
f 1392 1841 1391
f 1814 1815 1418
f 1420 1421 1812
f 1812 1813 1420
f 1426 1807 1425
f 1425 1807 1808
f 1882 1351 1881
f 1876 1357 1875
f 1355 1878 1354
f 1871 1362 1870
f 1359 1873 1874
f 1360 1873 1359
f 1872 1873 1360
f 1361 1362 1871
f 1361 1871 1872
f 1872 1360 1361
f 1366 1866 1867
f 1861 1862 1371
f 1373 1859 1860
f 1501 1728 1729
f 1500 1501 1729
f 1508 1509 1721
f 1724 1505 1506
f 1551 1679 1550
f 1678 1679 1551
f 1552 1678 1551
f 1565 1665 1564
f 1664 1665 1565
f 1566 1664 1565
f 1567 1662 1663
f 1568 1662 1567
f 1567 1663 1566
f 1558 1671 1672
f 1558 1672 1557
f 1675 1554 1555
f 1674 1675 1555
f 1561 1668 1669
f 1561 1669 1560
f 1517 1518 1712
f 1546 1684 1545
f 1546 1547 1683
f 1683 1684 1546
f 1448 1783 1784
f 1449 1783 1448
f 1781 1782 1450
f 1450 1782 1449
f 1455 1774 1454
f 1755 1756 1473
f 1773 1456 1772
f 1772 1456 1457
f 1457 1771 1772
f 1758 1471 1757
f 1768 1460 1461
f 1461 1767 1768
f 1470 1471 1758
f 1470 1758 1759
f 1468 1760 1761
f 1763 1465 1466
f 1575 1654 1655
f 1576 1654 1575
f 1575 1655 1574
f 1219 2014 1218
f 2011 2012 1221
f 2013 2014 1219
f 1493 1736 1737
f 1577 1653 1576
f 1577 1652 1653
f 1578 1652 1577
f 1497 1733 1496
f 1732 1733 1497
f 1738 1491 1492
f 1737 1738 1492
f 1492 1493 1737
f 1735 1736 1494
f 1494 1736 1493
f 1478 1750 1751
f 1752 1477 1751
f 1751 1477 1478
f 1747 1481 1482
f 1482 1483 1746
f 1482 1746 1747
f 1748 1481 1747
f 1480 1481 1748
f 1385 1847 1848
f 1386 1847 1385
f 1484 1744 1745
f 1485 1744 1484
f 1745 1483 1484
f 1742 1487 1741
f 1743 1485 1486
f 1486 1487 1742
f 1742 1743 1486
f 1826 1406 1407
f 1825 1826 1407
f 1823 1824 1409
f 1412 1821 1411
f 1411 1821 1822
f 1416 1817 1415
f 1816 1817 1416
f 1819 1820 1413
f 1105 2127 2128
f 1105 2128 1104
f 1105 1106 2127
f 2120 2121 1112
f 1108 2124 2125
f 1109 2124 1108
f 1110 2122 2123
f 1110 2123 1109
f 1110 1111 2122
f 1088 1089 2144
f 1088 2145 1087
f 2144 2145 1088
f 1085 2147 2148
f 1086 2147 1085
f 2058 1175 2057
f 1176 2056 2057
f 2057 1175 1176
f 1123 1124 2109
f 2109 1124 2108
f 2112 2113 1120
f 1120 1121 2112
f 2112 1121 2111
f 2059 2060 1173
f 2059 1173 1174
f 1174 2058 2059
f 2100 1133 2099
f 2108 1125 2107
f 1125 1126 2107
f 2107 1126 2106
f 2064 1169 2063
f 1168 1169 2064
f 1129 2103 2104
f 1132 1133 2100
f 2100 2101 1132
f 1130 2103 1129
f 1103 2130 1102
f 1102 2130 2131
f 2131 1101 1102
f 1148 2084 2085
f 1149 2084 1148
f 1617 1618 1611
f 1611 1618 1610
f 1981 1982 1251
f 1251 1982 1250
f 1251 1252 1981
f 1990 1243 1989
f 1242 1243 1990
f 1990 1991 1242
f 1244 1245 1988
f 1989 1244 1988
f 1988 1245 1987
f 2003 1230 2002
f 2002 1230 1231
f 1231 2001 2002
f 1233 2000 1232
f 1232 2000 2001
f 1232 2001 1231
f 1229 2003 2004
f 2004 2005 1228
f 2004 1228 1229
f 1207 1208 2025
f 1207 2025 2026
f 1999 1234 1998
f 1999 2000 1233
f 1999 1233 1234
f 2027 2028 1205
f 1998 1234 1235
f 1235 1236 1997
f 1235 1997 1998
f 2017 1216 2016
f 2018 2019 1214
f 1214 2019 1213
f 2020 2021 1212
f 1213 2020 1212
f 2010 1223 2009
f 1218 2014 2015
f 1203 1204 2029
f 1203 2030 1202
f 2029 2030 1203
f 1237 1995 1996
f 1996 1236 1237
f 1997 1236 1996
f 1299 1933 1934
f 1908 1325 1907
f 1927 1928 1305
f 1306 1927 1305
f 1313 1314 1919
f 1919 1920 1313
f 1310 1923 1309
f 1922 1923 1310
f 1922 1311 1921
f 1310 1311 1922
f 1349 1883 1884
f 1942 1291 1941
f 1293 1939 1940
f 1943 1944 1289
f 1951 1282 1950
f 1273 1959 1960
f 1274 1959 1273
f 1402 1830 1831
f 1402 1831 1401
f 1388 1844 1845
f 1388 1845 1387
f 1389 1844 1388
f 1836 1396 1397
f 1840 1841 1392
f 1401 1832 1400
f 1400 1832 1833
f 1394 1839 1393
f 1840 1392 1393
f 1393 1839 1840
f 1391 1842 1390
f 1843 1389 1390
f 1390 1842 1843
f 1814 1418 1419
f 1419 1813 1814
f 1420 1813 1419
f 1808 1809 1424
f 1425 1808 1424
f 1809 1423 1424
f 1881 1351 1352
f 1353 1880 1352
f 1352 1880 1881
f 1356 1876 1877
f 1355 1356 1877
f 1877 1878 1355
f 1359 1874 1358
f 1875 1357 1358
f 1358 1874 1875
f 1865 1866 1367
f 1367 1866 1366
f 1870 1362 1363
f 1869 1870 1363
f 1867 1868 1365
f 1366 1867 1365
f 1373 1860 1372
f 1372 1860 1861
f 1861 1371 1372
f 1858 1859 1374
f 1374 1859 1373
f 1542 1687 1688
f 1730 1500 1729
f 1731 1499 1730
f 1730 1499 1500
f 1725 1505 1724
f 1727 1503 1726
f 1727 1728 1502
f 1502 1503 1727
f 1537 1692 1693
f 1726 1503 1504
f 1504 1505 1725
f 1725 1726 1504
f 1721 1509 1720
f 1559 1671 1558
f 1670 1671 1559
f 1559 1560 1670
f 1553 1677 1552
f 1554 1676 1553
f 1553 1676 1677
f 1524 1706 1523
f 1526 1527 1703
f 1556 1674 1555
f 1556 1673 1674
f 1557 1673 1556
f 1562 1668 1561
f 1667 1668 1562
f 1563 1667 1562
f 1510 1719 1720
f 1720 1509 1510
f 1448 1784 1447
f 1784 1785 1447
f 1785 1446 1447
f 1451 1781 1450
f 1754 1475 1753
f 1755 1473 1474
f 1474 1475 1754
f 1754 1755 1474
f 1757 1471 1472
f 1473 1756 1472
f 1472 1756 1757
f 1462 1767 1461
f 1764 1465 1763
f 1766 1767 1462
f 1766 1463 1765
f 1462 1463 1766
f 1469 1760 1468
f 1759 1760 1469
f 1470 1759 1469
f 1762 1763 1466
f 1217 1218 2015
f 2016 1216 1217
f 2015 2016 1217
f 1221 2012 1220
f 1220 2012 2013
f 2013 1219 1220
f 1222 2011 1221
f 1222 1223 2010
f 2010 2011 1222
f 1498 1732 1497
f 1498 1499 1731
f 1498 1731 1732
f 1495 1735 1494
f 1496 1734 1495
f 1495 1734 1735
f 1749 1480 1748
f 1750 1479 1749
f 1749 1479 1480
f 1320 1913 1319
f 1912 1913 1320
f 1324 1325 1908
f 1324 1908 1909
f 1910 1911 1322
f 1385 1848 1384
f 1849 1383 1384
f 1848 1849 1384
f 1452 1453 1776
f 1777 1452 1776
f 1778 1452 1777
f 1451 1452 1778
f 1408 1825 1407
f 1409 1824 1408
f 1408 1824 1825
f 1410 1822 1823
f 1411 1822 1410
f 1823 1409 1410
f 1417 1816 1416
f 1418 1815 1417
f 1417 1815 1816
f 1819 1413 1414
f 1415 1818 1414
f 1414 1818 1819
f 2119 1114 2118
f 1108 2125 1107
f 2126 1106 1107
f 2125 2126 1107
f 2148 2149 1084
f 1085 2148 1084
f 2078 1155 2077
f 2093 1140 2092
f 1159 1160 2073
f 2111 1122 2110
f 1122 1123 2110
f 2110 1123 2109
f 2062 1171 2061
f 2061 1171 1172
f 1172 2060 2061
f 2069 2070 1163
f 2068 1165 2067
f 1165 1166 2067
f 2067 1166 2066
f 2102 2103 1130
f 1164 1165 2068
f 2069 1163 1164
f 1164 2068 2069
f 2065 2066 1167
f 1167 1168 2065
f 2065 1168 2064
f 1128 1129 2104
f 1132 2101 1131
f 1131 2101 2102
f 2102 1130 1131
f 1148 2085 1147
f 1612 1617 1611
f 1612 1616 1617
f 1612 1613 1614
f 1615 1616 1612
f 1614 1615 1612
f 2025 1208 2024
f 1207 2026 1206
f 1206 2026 2027
f 2027 1205 1206
f 2017 2018 1215
f 1215 2018 1214
f 1215 1216 2017
f 2021 2022 1211
f 1212 2021 1211
f 1297 1935 1936
f 1938 1295 1937
f 1348 1349 1884
f 1884 1885 1348
f 1902 1903 1330
f 1317 1916 1316
f 1316 1916 1917
f 1305 1928 1304
f 1304 1928 1929
f 1929 1303 1304
f 1308 1309 1924
f 1308 1924 1925
f 1313 1920 1312
f 1312 1920 1921
f 1921 1311 1312
f 1293 1940 1292
f 1941 1291 1292
f 1940 1941 1292
f 1298 1299 1934
f 1934 1935 1298
f 1298 1935 1297
f 1946 1286 1287
f 1942 1943 1290
f 1290 1943 1289
f 1290 1291 1942
f 1945 1946 1287
f 1950 1282 1283
f 1280 1952 1953
f 1960 1961 1272
f 1273 1960 1272
f 1829 1830 1403
f 1403 1830 1402
f 1837 1396 1836
f 1837 1838 1395
f 1837 1395 1396
f 1835 1398 1834
f 1397 1398 1835
f 1836 1397 1835
f 1833 1834 1399
f 1400 1833 1399
f 1834 1398 1399
f 1368 1864 1865
f 1368 1865 1367
f 1365 1868 1364
f 1364 1868 1869
f 1364 1869 1363
f 1375 1857 1858
f 1375 1858 1374
f 1693 1694 1536
f 1536 1537 1693
f 1691 1692 1538
f 1538 1692 1537
f 1722 1507 1508
f 1722 1508 1721
f 1709 1520 1521
f 1523 1706 1707
f 1707 1522 1523
f 1519 1520 1710
f 1710 1520 1709
f 1514 1515 1715
f 1511 1719 1510
f 1464 1465 1764
f 1765 1463 1464
f 1764 1765 1464
f 1762 1466 1467
f 1467 1468 1761
f 1467 1761 1762
f 1322 1911 1321
f 1321 1911 1912
f 1321 1912 1320
f 1324 1909 1323
f 1323 1909 1910
f 1910 1322 1323
f 1319 1913 1914
f 1318 1319 1914
f 1776 1453 1775
f 1775 1453 1454
f 1454 1774 1775
f 1779 1451 1778
f 1779 1780 1781
f 1779 1781 1451
f 2120 1112 1113
f 2119 2120 1113
f 1113 1114 2119
f 1084 2149 1083
f 2150 1082 1083
f 1083 2149 2150
f 1150 1151 2082
f 2080 1152 1153
f 2073 1160 2072
f 2072 1160 1161
f 1161 2071 2072
f 2096 1137 2095
f 1136 1137 2096
f 1134 1135 2098
f 2099 1133 1134
f 2098 2099 1134
f 1162 2070 2071
f 1162 2071 1161
f 1163 2070 1162
f 2095 1137 1138
f 2094 2095 1138
f 2077 1155 1156
f 1128 2104 2105
f 1296 1297 1936
f 1937 1295 1296
f 1936 1937 1296
f 1294 1295 1938
f 1294 1939 1293
f 1938 1939 1294
f 1332 1900 1901
f 1340 1892 1893
f 1331 1902 1330
f 1901 1902 1331
f 1331 1332 1901
f 1329 1903 1904
f 1330 1903 1329
f 1316 1917 1315
f 1315 1918 1314
f 1917 1918 1315
f 1308 1925 1307
f 1307 1926 1306
f 1925 1926 1307
f 1289 1944 1288
f 1288 1944 1945
f 1945 1287 1288
f 1283 1284 1949
f 1949 1284 1948
f 1949 1950 1283
f 1948 1284 1285
f 1947 1948 1285
f 1947 1286 1946
f 1285 1286 1947
f 1951 1952 1281
f 1281 1952 1280
f 1281 1282 1951
f 1279 1953 1954
f 1280 1953 1279
f 1404 1828 1829
f 1404 1829 1403
f 1863 1864 1369
f 1369 1864 1368
f 1856 1857 1376
f 1376 1857 1375
f 1535 1694 1695
f 1536 1694 1535
f 1695 1534 1535
f 1541 1542 1688
f 1688 1689 1541
f 1723 1507 1722
f 1506 1507 1723
f 1723 1724 1506
f 1703 1527 1702
f 1529 1700 1701
f 1713 1516 1517
f 1517 1712 1713
f 1714 1516 1713
f 1515 1516 1714
f 1715 1515 1714
f 1699 1531 1698
f 1526 1703 1704
f 1525 1526 1704
f 1708 1522 1707
f 1521 1522 1708
f 1708 1709 1521
f 1915 1916 1317
f 1915 1317 1318
f 1915 1318 1914
f 1145 1146 2087
f 2082 1151 2081
f 2081 1151 1152
f 2081 1152 2080
f 2089 1143 1144
f 2079 2080 1153
f 2091 1142 2090
f 2090 1143 2089
f 1142 1143 2090
f 1141 1142 2091
f 2092 1140 1141
f 2091 2092 1141
f 1154 1155 2078
f 1154 2078 2079
f 2079 1153 1154
f 2098 1135 2097
f 2097 1135 1136
f 2097 1136 2096
f 2075 1158 2074
f 1159 2073 2074
f 2074 1158 1159
f 1139 1140 2093
f 1139 2093 2094
f 2094 1138 1139
f 2076 2077 1156
f 1157 1158 2075
f 1157 2075 2076
f 2076 1156 1157
f 1127 1128 2105
f 2106 1126 1127
f 2105 2106 1127
f 1211 2022 1210
f 1210 2022 2023
f 1893 1894 1339
f 1340 1893 1339
f 1891 1892 1341
f 1341 1892 1340
f 1904 1905 1328
f 1329 1904 1328
f 1278 1954 1955
f 1279 1954 1278
f 1272 1961 1271
f 1405 1828 1404
f 1406 1827 1405
f 1405 1827 1828
f 1370 1862 1863
f 1370 1863 1369
f 1371 1862 1370
f 1377 1855 1856
f 1377 1856 1376
f 1378 1855 1377
f 1689 1690 1540
f 1541 1689 1540
f 1512 1513 1717
f 1530 1700 1529
f 1699 1700 1530
f 1530 1531 1699
f 1528 1701 1702
f 1529 1701 1528
f 1702 1527 1528
f 1698 1531 1532
f 1697 1698 1532
f 1532 1533 1697
f 1696 1534 1695
f 1533 1534 1696
f 1697 1533 1696
f 1705 1525 1704
f 1705 1706 1524
f 1705 1524 1525
f 1711 1519 1710
f 1712 1518 1711
f 1711 1518 1519
f 2083 2084 1149
f 2083 1149 1150
f 2083 1150 2082
f 2088 2089 1144
f 2088 1145 2087
f 1144 1145 2088
f 1210 2023 1209
f 2024 1208 1209
f 2023 2024 1209
f 1338 1894 1895
f 1339 1894 1338
f 1342 1890 1891
f 1342 1891 1341
f 1327 1905 1906
f 1328 1905 1327
f 1955 1956 1277
f 1278 1955 1277
f 1963 1270 1962
f 1271 1961 1962
f 1962 1270 1271
f 1965 1966 1267
f 1268 1964 1965
f 1965 1267 1268
f 1966 1967 1266
f 1267 1966 1266
f 1539 1691 1538
f 1539 1690 1691
f 1540 1690 1539
f 1514 1715 1716
f 1716 1513 1514
f 1717 1513 1716
f 1718 1512 1717
f 1718 1719 1511
f 1511 1512 1718
f 2087 1146 2086
f 2086 1146 1147
f 1147 2085 2086
f 1895 1896 1337
f 1338 1895 1337
f 1889 1890 1343
f 1343 1890 1342
f 1327 1906 1326
f 1907 1325 1326
f 1906 1907 1326
f 1277 1956 1276
f 1276 1956 1957
f 1957 1275 1276
f 1963 1964 1269
f 1269 1964 1268
f 1269 1270 1963
f 1265 1967 1968
f 1266 1967 1265
f 1896 1897 1336
f 1337 1896 1336
f 1344 1888 1889
f 1344 1889 1343
f 1264 1968 1969
f 1265 1968 1264
f 1335 1897 1898
f 1336 1897 1335
f 1887 1888 1345
f 1345 1888 1344
f 1969 1970 1263
f 1264 1969 1263
f 1898 1899 1334
f 1335 1898 1334
f 1346 1886 1887
f 1346 1887 1345
f 1262 1970 1971
f 1263 1970 1262
f 1333 1899 1900
f 1334 1899 1333
f 1333 1900 1332
f 1347 1886 1346
f 1885 1886 1347
f 1348 1885 1347
f 1261 1971 1972
f 1262 1971 1261
f 1972 1973 1260
f 1261 1972 1260
f 1259 1973 1974
f 1260 1973 1259
f 1258 1974 1975
f 1259 1974 1258
f 1975 1976 1257
f 1258 1975 1257
f 1256 1976 1977
f 1257 1976 1256
f 1977 1978 1255
f 1256 1977 1255
f 1978 1979 1254
f 1255 1978 1254
f 1254 1979 1253
f 1253 1979 1980
f 1980 1252 1253
f 1781 1797 1796
f 1801 1800 1781
f 1781 1791 1790
f 1781 1796 1795
f 1781 1783 1782
f 1798 1797 1781
f 1781 1785 1784
f 1 2 1081
f 1 1081 1080
f 2 3 1082
f 2 1082 1081
f 3 4 1083
f 3 1083 1082
f 4 5 1084
f 4 1084 1083
f 5 6 1085
f 5 1085 1084
f 6 7 1086
f 6 1086 1085
f 7 8 1087
f 7 1087 1086
f 8 9 1088
f 8 1088 1087
f 9 10 1089
f 9 1089 1088
f 10 11 1090
f 10 1090 1089
f 11 12 1091
f 11 1091 1090
f 12 13 1092
f 12 1092 1091
f 13 14 1093
f 13 1093 1092
f 14 15 1094
f 14 1094 1093
f 15 16 1095
f 15 1095 1094
f 16 17 1096
f 16 1096 1095
f 17 18 1097
f 17 1097 1096
f 18 19 1098
f 18 1098 1097
f 19 20 1099
f 19 1099 1098
f 20 21 1100
f 20 1100 1099
f 21 22 1101
f 21 1101 1100
f 22 23 1102
f 22 1102 1101
f 23 24 1103
f 23 1103 1102
f 24 25 1104
f 24 1104 1103
f 25 26 1105
f 25 1105 1104
f 26 27 1106
f 26 1106 1105
f 27 28 1107
f 27 1107 1106
f 28 29 1108
f 28 1108 1107
f 29 30 1109
f 29 1109 1108
f 30 31 1110
f 30 1110 1109
f 31 32 1111
f 31 1111 1110
f 32 33 1112
f 32 1112 1111
f 33 34 1113
f 33 1113 1112
f 34 35 1114
f 34 1114 1113
f 35 36 1115
f 35 1115 1114
f 36 37 1116
f 36 1116 1115
f 37 38 1117
f 37 1117 1116
f 38 39 1118
f 38 1118 1117
f 39 40 1119
f 39 1119 1118
f 40 41 1120
f 40 1120 1119
f 41 42 1121
f 41 1121 1120
f 42 43 1122
f 42 1122 1121
f 43 44 1123
f 43 1123 1122
f 44 45 1124
f 44 1124 1123
f 45 46 1125
f 45 1125 1124
f 46 47 1126
f 46 1126 1125
f 47 48 1127
f 47 1127 1126
f 48 49 1128
f 48 1128 1127
f 49 50 1129
f 49 1129 1128
f 50 51 1130
f 50 1130 1129
f 51 52 1131
f 51 1131 1130
f 52 53 1132
f 52 1132 1131
f 53 54 1133
f 53 1133 1132
f 54 55 1134
f 54 1134 1133
f 55 56 1135
f 55 1135 1134
f 56 57 1136
f 56 1136 1135
f 57 58 1137
f 57 1137 1136
f 58 59 1138
f 58 1138 1137
f 59 60 1139
f 59 1139 1138
f 60 61 1140
f 60 1140 1139
f 61 62 1141
f 61 1141 1140
f 62 63 1142
f 62 1142 1141
f 63 64 1143
f 63 1143 1142
f 64 65 1144
f 64 1144 1143
f 65 66 1145
f 65 1145 1144
f 66 67 1146
f 66 1146 1145
f 67 68 1147
f 67 1147 1146
f 68 69 1148
f 68 1148 1147
f 69 70 1149
f 69 1149 1148
f 70 71 1150
f 70 1150 1149
f 71 72 1151
f 71 1151 1150
f 72 73 1152
f 72 1152 1151
f 73 74 1153
f 73 1153 1152
f 74 75 1154
f 74 1154 1153
f 75 76 1155
f 75 1155 1154
f 76 77 1156
f 76 1156 1155
f 77 78 1157
f 77 1157 1156
f 78 79 1158
f 78 1158 1157
f 79 80 1159
f 79 1159 1158
f 80 81 1160
f 80 1160 1159
f 81 82 1161
f 81 1161 1160
f 82 83 1162
f 82 1162 1161
f 83 84 1163
f 83 1163 1162
f 84 85 1164
f 84 1164 1163
f 85 86 1165
f 85 1165 1164
f 86 87 1166
f 86 1166 1165
f 87 88 1167
f 87 1167 1166
f 88 89 1168
f 88 1168 1167
f 89 90 1169
f 89 1169 1168
f 90 91 1170
f 90 1170 1169
f 91 92 1171
f 91 1171 1170
f 92 93 1172
f 92 1172 1171
f 93 94 1173
f 93 1173 1172
f 94 95 1174
f 94 1174 1173
f 95 96 1175
f 95 1175 1174
f 96 97 1176
f 96 1176 1175
f 97 98 1177
f 97 1177 1176
f 98 99 1178
f 98 1178 1177
f 99 100 1179
f 99 1179 1178
f 100 101 1180
f 100 1180 1179
f 101 102 1181
f 101 1181 1180
f 102 103 1182
f 102 1182 1181
f 103 104 1183
f 103 1183 1182
f 104 105 1184
f 104 1184 1183
f 105 106 1185
f 105 1185 1184
f 106 107 1186
f 106 1186 1185
f 107 108 1187
f 107 1187 1186
f 108 109 1188
f 108 1188 1187
f 109 110 1189
f 109 1189 1188
f 110 111 1190
f 110 1190 1189
f 111 112 1191
f 111 1191 1190
f 112 113 1192
f 112 1192 1191
f 113 114 1193
f 113 1193 1192
f 114 115 1194
f 114 1194 1193
f 115 116 1195
f 115 1195 1194
f 116 117 1196
f 116 1196 1195
f 117 118 1197
f 117 1197 1196
f 118 119 1198
f 118 1198 1197
f 119 120 1199
f 119 1199 1198
f 120 121 1200
f 120 1200 1199
f 121 122 1201
f 121 1201 1200
f 122 123 1202
f 122 1202 1201
f 123 124 1203
f 123 1203 1202
f 124 125 1204
f 124 1204 1203
f 125 126 1205
f 125 1205 1204
f 126 127 1206
f 126 1206 1205
f 127 128 1207
f 127 1207 1206
f 128 129 1208
f 128 1208 1207
f 129 130 1209
f 129 1209 1208
f 130 131 1210
f 130 1210 1209
f 131 132 1211
f 131 1211 1210
f 132 133 1212
f 132 1212 1211
f 133 134 1213
f 133 1213 1212
f 134 135 1214
f 134 1214 1213
f 135 136 1215
f 135 1215 1214
f 136 137 1216
f 136 1216 1215
f 137 138 1217
f 137 1217 1216
f 138 139 1218
f 138 1218 1217
f 139 140 1219
f 139 1219 1218
f 140 141 1220
f 140 1220 1219
f 141 142 1221
f 141 1221 1220
f 142 143 1222
f 142 1222 1221
f 143 144 1223
f 143 1223 1222
f 144 145 1224
f 144 1224 1223
f 145 146 1225
f 145 1225 1224
f 146 147 1226
f 146 1226 1225
f 147 148 1227
f 147 1227 1226
f 148 149 1228
f 148 1228 1227
f 149 150 1229
f 149 1229 1228
f 150 151 1230
f 150 1230 1229
f 151 152 1231
f 151 1231 1230
f 152 153 1232
f 152 1232 1231
f 153 154 1233
f 153 1233 1232
f 154 155 1234
f 154 1234 1233
f 155 156 1235
f 155 1235 1234
f 156 157 1236
f 156 1236 1235
f 157 158 1237
f 157 1237 1236
f 158 159 1238
f 158 1238 1237
f 159 160 1239
f 159 1239 1238
f 160 161 1240
f 160 1240 1239
f 161 162 1241
f 161 1241 1240
f 162 163 1242
f 162 1242 1241
f 163 164 1243
f 163 1243 1242
f 164 165 1244
f 164 1244 1243
f 165 166 1245
f 165 1245 1244
f 166 167 1246
f 166 1246 1245
f 167 168 1247
f 167 1247 1246
f 168 169 1248
f 168 1248 1247
f 169 170 1249
f 169 1249 1248
f 170 171 1250
f 170 1250 1249
f 171 172 1251
f 171 1251 1250
f 172 173 1252
f 172 1252 1251
f 173 174 1253
f 173 1253 1252
f 174 175 1254
f 174 1254 1253
f 175 176 1255
f 175 1255 1254
f 176 177 1256
f 176 1256 1255
f 177 178 1257
f 177 1257 1256
f 178 179 1258
f 178 1258 1257
f 179 180 1259
f 179 1259 1258
f 180 181 1260
f 180 1260 1259
f 181 182 1261
f 181 1261 1260
f 182 183 1262
f 182 1262 1261
f 183 184 1263
f 183 1263 1262
f 184 185 1264
f 184 1264 1263
f 185 186 1265
f 185 1265 1264
f 186 187 1266
f 186 1266 1265
f 187 188 1267
f 187 1267 1266
f 188 189 1268
f 188 1268 1267
f 189 190 1269
f 189 1269 1268
f 190 191 1270
f 190 1270 1269
f 191 192 1271
f 191 1271 1270
f 192 193 1272
f 192 1272 1271
f 193 194 1273
f 193 1273 1272
f 194 195 1274
f 194 1274 1273
f 195 196 1275
f 195 1275 1274
f 196 197 1276
f 196 1276 1275
f 197 198 1277
f 197 1277 1276
f 198 199 1278
f 198 1278 1277
f 199 200 1279
f 199 1279 1278
f 200 201 1280
f 200 1280 1279
f 201 202 1281
f 201 1281 1280
f 202 203 1282
f 202 1282 1281
f 203 204 1283
f 203 1283 1282
f 204 205 1284
f 204 1284 1283
f 205 206 1285
f 205 1285 1284
f 206 207 1286
f 206 1286 1285
f 207 208 1287
f 207 1287 1286
f 208 209 1288
f 208 1288 1287
f 209 210 1289
f 209 1289 1288
f 210 211 1290
f 210 1290 1289
f 211 212 1291
f 211 1291 1290
f 212 213 1292
f 212 1292 1291
f 213 214 1293
f 213 1293 1292
f 214 215 1294
f 214 1294 1293
f 215 216 1295
f 215 1295 1294
f 216 217 1296
f 216 1296 1295
f 217 218 1297
f 217 1297 1296
f 218 219 1298
f 218 1298 1297
f 219 220 1299
f 219 1299 1298
f 220 221 1300
f 220 1300 1299
f 221 222 1301
f 221 1301 1300
f 222 223 1302
f 222 1302 1301
f 223 224 1303
f 223 1303 1302
f 224 225 1304
f 224 1304 1303
f 225 226 1305
f 225 1305 1304
f 226 227 1306
f 226 1306 1305
f 227 228 1307
f 227 1307 1306
f 228 229 1308
f 228 1308 1307
f 229 230 1309
f 229 1309 1308
f 230 231 1310
f 230 1310 1309
f 231 232 1311
f 231 1311 1310
f 232 233 1312
f 232 1312 1311
f 233 234 1313
f 233 1313 1312
f 234 235 1314
f 234 1314 1313
f 235 236 1315
f 235 1315 1314
f 236 237 1316
f 236 1316 1315
f 237 238 1317
f 237 1317 1316
f 238 239 1318
f 238 1318 1317
f 239 240 1319
f 239 1319 1318
f 240 241 1320
f 240 1320 1319
f 241 242 1321
f 241 1321 1320
f 242 243 1322
f 242 1322 1321
f 243 244 1323
f 243 1323 1322
f 244 245 1324
f 244 1324 1323
f 245 246 1325
f 245 1325 1324
f 246 247 1326
f 246 1326 1325
f 247 248 1327
f 247 1327 1326
f 248 249 1328
f 248 1328 1327
f 249 250 1329
f 249 1329 1328
f 250 251 1330
f 250 1330 1329
f 251 252 1331
f 251 1331 1330
f 252 253 1332
f 252 1332 1331
f 253 254 1333
f 253 1333 1332
f 254 255 1334
f 254 1334 1333
f 255 256 1335
f 255 1335 1334
f 256 257 1336
f 256 1336 1335
f 257 258 1337
f 257 1337 1336
f 258 259 1338
f 258 1338 1337
f 259 260 1339
f 259 1339 1338
f 260 261 1340
f 260 1340 1339
f 261 262 1341
f 261 1341 1340
f 262 263 1342
f 262 1342 1341
f 263 264 1343
f 263 1343 1342
f 264 265 1344
f 264 1344 1343
f 265 266 1345
f 265 1345 1344
f 266 267 1346
f 266 1346 1345
f 267 268 1347
f 267 1347 1346
f 268 269 1348
f 268 1348 1347
f 269 270 1349
f 269 1349 1348
f 270 271 1350
f 270 1350 1349
f 271 272 1351
f 271 1351 1350
f 272 273 1352
f 272 1352 1351
f 273 274 1353
f 273 1353 1352
f 274 275 1354
f 274 1354 1353
f 275 276 1355
f 275 1355 1354
f 276 277 1356
f 276 1356 1355
f 277 278 1357
f 277 1357 1356
f 278 279 1358
f 278 1358 1357
f 279 280 1359
f 279 1359 1358
f 280 281 1360
f 280 1360 1359
f 281 282 1361
f 281 1361 1360
f 282 283 1362
f 282 1362 1361
f 283 284 1363
f 283 1363 1362
f 284 285 1364
f 284 1364 1363
f 285 286 1365
f 285 1365 1364
f 286 287 1366
f 286 1366 1365
f 287 288 1367
f 287 1367 1366
f 288 289 1368
f 288 1368 1367
f 289 290 1369
f 289 1369 1368
f 290 291 1370
f 290 1370 1369
f 291 292 1371
f 291 1371 1370
f 292 293 1372
f 292 1372 1371
f 293 294 1373
f 293 1373 1372
f 294 295 1374
f 294 1374 1373
f 295 296 1375
f 295 1375 1374
f 296 297 1376
f 296 1376 1375
f 297 298 1377
f 297 1377 1376
f 298 299 1378
f 298 1378 1377
f 299 300 1379
f 299 1379 1378
f 300 301 1380
f 300 1380 1379
f 301 302 1381
f 301 1381 1380
f 302 303 1382
f 302 1382 1381
f 303 304 1383
f 303 1383 1382
f 304 305 1384
f 304 1384 1383
f 305 306 1385
f 305 1385 1384
f 306 307 1386
f 306 1386 1385
f 307 308 1387
f 307 1387 1386
f 308 309 1388
f 308 1388 1387
f 309 310 1389
f 309 1389 1388
f 310 311 1390
f 310 1390 1389
f 311 312 1391
f 311 1391 1390
f 312 313 1392
f 312 1392 1391
f 313 314 1393
f 313 1393 1392
f 314 315 1394
f 314 1394 1393
f 315 316 1395
f 315 1395 1394
f 316 317 1396
f 316 1396 1395
f 317 318 1397
f 317 1397 1396
f 318 319 1398
f 318 1398 1397
f 319 320 1399
f 319 1399 1398
f 320 321 1400
f 320 1400 1399
f 321 322 1401
f 321 1401 1400
f 322 323 1402
f 322 1402 1401
f 323 324 1403
f 323 1403 1402
f 324 325 1404
f 324 1404 1403
f 325 326 1405
f 325 1405 1404
f 326 327 1406
f 326 1406 1405
f 327 328 1407
f 327 1407 1406
f 328 329 1408
f 328 1408 1407
f 329 330 1409
f 329 1409 1408
f 330 331 1410
f 330 1410 1409
f 331 332 1411
f 331 1411 1410
f 332 333 1412
f 332 1412 1411
f 333 334 1413
f 333 1413 1412
f 334 335 1414
f 334 1414 1413
f 335 336 1415
f 335 1415 1414
f 336 337 1416
f 336 1416 1415
f 337 338 1417
f 337 1417 1416
f 338 339 1418
f 338 1418 1417
f 339 340 1419
f 339 1419 1418
f 340 341 1420
f 340 1420 1419
f 341 342 1421
f 341 1421 1420
f 342 343 1422
f 342 1422 1421
f 343 344 1423
f 343 1423 1422
f 344 345 1424
f 344 1424 1423
f 345 346 1425
f 345 1425 1424
f 346 347 1426
f 346 1426 1425
f 347 348 1427
f 347 1427 1426
f 348 349 1428
f 348 1428 1427
f 349 350 1429
f 349 1429 1428
f 350 351 1430
f 350 1430 1429
f 351 352 1431
f 351 1431 1430
f 352 353 1432
f 352 1432 1431
f 353 354 1433
f 353 1433 1432
f 354 355 1434
f 354 1434 1433
f 355 356 1435
f 355 1435 1434
f 356 357 1436
f 356 1436 1435
f 357 358 1437
f 357 1437 1436
f 358 359 1438
f 358 1438 1437
f 359 360 1439
f 359 1439 1438
f 360 361 1440
f 360 1440 1439
f 361 362 1441
f 361 1441 1440
f 362 363 1442
f 362 1442 1441
f 363 364 1443
f 363 1443 1442
f 364 365 1444
f 364 1444 1443
f 365 366 1445
f 365 1445 1444
f 366 367 1446
f 366 1446 1445
f 367 368 1447
f 367 1447 1446
f 368 369 1448
f 368 1448 1447
f 369 370 1449
f 369 1449 1448
f 370 371 1450
f 370 1450 1449
f 371 372 1451
f 371 1451 1450
f 372 373 1452
f 372 1452 1451
f 373 374 1453
f 373 1453 1452
f 374 375 1454
f 374 1454 1453
f 375 376 1455
f 375 1455 1454
f 376 377 1456
f 376 1456 1455
f 377 378 1457
f 377 1457 1456
f 378 379 1458
f 378 1458 1457
f 379 380 1459
f 379 1459 1458
f 380 381 1460
f 380 1460 1459
f 381 382 1461
f 381 1461 1460
f 382 383 1462
f 382 1462 1461
f 383 384 1463
f 383 1463 1462
f 384 385 1464
f 384 1464 1463
f 385 386 1465
f 385 1465 1464
f 386 387 1466
f 386 1466 1465
f 387 388 1467
f 387 1467 1466
f 388 389 1468
f 388 1468 1467
f 389 390 1469
f 389 1469 1468
f 390 391 1470
f 390 1470 1469
f 391 392 1471
f 391 1471 1470
f 392 393 1472
f 392 1472 1471
f 393 394 1473
f 393 1473 1472
f 394 395 1474
f 394 1474 1473
f 395 396 1475
f 395 1475 1474
f 396 397 1476
f 396 1476 1475
f 397 398 1477
f 397 1477 1476
f 398 399 1478
f 398 1478 1477
f 399 400 1479
f 399 1479 1478
f 400 401 1480
f 400 1480 1479
f 401 402 1481
f 401 1481 1480
f 402 403 1482
f 402 1482 1481
f 403 404 1483
f 403 1483 1482
f 404 405 1484
f 404 1484 1483
f 405 406 1485
f 405 1485 1484
f 406 407 1486
f 406 1486 1485
f 407 408 1487
f 407 1487 1486
f 408 409 1488
f 408 1488 1487
f 409 410 1489
f 409 1489 1488
f 410 411 1490
f 410 1490 1489
f 411 412 1491
f 411 1491 1490
f 412 413 1492
f 412 1492 1491
f 413 414 1493
f 413 1493 1492
f 414 415 1494
f 414 1494 1493
f 415 416 1495
f 415 1495 1494
f 416 417 1496
f 416 1496 1495
f 417 418 1497
f 417 1497 1496
f 418 419 1498
f 418 1498 1497
f 419 420 1499
f 419 1499 1498
f 420 421 1500
f 420 1500 1499
f 421 422 1501
f 421 1501 1500
f 422 423 1502
f 422 1502 1501
f 423 424 1503
f 423 1503 1502
f 424 425 1504
f 424 1504 1503
f 425 426 1505
f 425 1505 1504
f 426 427 1506
f 426 1506 1505
f 427 428 1507
f 427 1507 1506
f 428 429 1508
f 428 1508 1507
f 429 430 1509
f 429 1509 1508
f 430 431 1510
f 430 1510 1509
f 431 432 1511
f 431 1511 1510
f 432 433 1512
f 432 1512 1511
f 433 434 1513
f 433 1513 1512
f 434 435 1514
f 434 1514 1513
f 435 436 1515
f 435 1515 1514
f 436 437 1516
f 436 1516 1515
f 437 438 1517
f 437 1517 1516
f 438 439 1518
f 438 1518 1517
f 439 440 1519
f 439 1519 1518
f 440 441 1520
f 440 1520 1519
f 441 442 1521
f 441 1521 1520
f 442 443 1522
f 442 1522 1521
f 443 444 1523
f 443 1523 1522
f 444 445 1524
f 444 1524 1523
f 445 446 1525
f 445 1525 1524
f 446 447 1526
f 446 1526 1525
f 447 448 1527
f 447 1527 1526
f 448 449 1528
f 448 1528 1527
f 449 450 1529
f 449 1529 1528
f 450 451 1530
f 450 1530 1529
f 451 452 1531
f 451 1531 1530
f 452 453 1532
f 452 1532 1531
f 453 454 1533
f 453 1533 1532
f 454 455 1534
f 454 1534 1533
f 455 456 1535
f 455 1535 1534
f 456 457 1536
f 456 1536 1535
f 457 458 1537
f 457 1537 1536
f 458 459 1538
f 458 1538 1537
f 459 460 1539
f 459 1539 1538
f 460 461 1540
f 460 1540 1539
f 461 462 1541
f 461 1541 1540
f 462 463 1542
f 462 1542 1541
f 463 464 1543
f 463 1543 1542
f 464 465 1544
f 464 1544 1543
f 465 466 1545
f 465 1545 1544
f 466 467 1546
f 466 1546 1545
f 467 468 1547
f 467 1547 1546
f 468 469 1548
f 468 1548 1547
f 469 470 1549
f 469 1549 1548
f 470 471 1550
f 470 1550 1549
f 471 472 1551
f 471 1551 1550
f 472 473 1552
f 472 1552 1551
f 473 474 1553
f 473 1553 1552
f 474 475 1554
f 474 1554 1553
f 475 476 1555
f 475 1555 1554
f 476 477 1556
f 476 1556 1555
f 477 478 1557
f 477 1557 1556
f 478 479 1558
f 478 1558 1557
f 479 480 1559
f 479 1559 1558
f 480 481 1560
f 480 1560 1559
f 481 482 1561
f 481 1561 1560
f 482 483 1562
f 482 1562 1561
f 483 484 1563
f 483 1563 1562
f 484 485 1564
f 484 1564 1563
f 485 486 1565
f 485 1565 1564
f 486 487 1566
f 486 1566 1565
f 487 488 1567
f 487 1567 1566
f 488 489 1568
f 488 1568 1567
f 489 490 1569
f 489 1569 1568
f 490 491 1570
f 490 1570 1569
f 491 492 1571
f 491 1571 1570
f 492 493 1572
f 492 1572 1571
f 493 494 1573
f 493 1573 1572
f 494 495 1574
f 494 1574 1573
f 495 496 1575
f 495 1575 1574
f 496 497 1576
f 496 1576 1575
f 497 498 1577
f 497 1577 1576
f 498 499 1578
f 498 1578 1577
f 499 500 1579
f 499 1579 1578
f 500 501 1580
f 500 1580 1579
f 501 502 1581
f 501 1581 1580
f 502 503 1582
f 502 1582 1581
f 503 504 1583
f 503 1583 1582
f 504 505 1584
f 504 1584 1583
f 505 506 1585
f 505 1585 1584
f 506 507 1586
f 506 1586 1585
f 507 508 1587
f 507 1587 1586
f 508 509 1588
f 508 1588 1587
f 509 510 1589
f 509 1589 1588
f 510 511 1590
f 510 1590 1589
f 511 512 1591
f 511 1591 1590
f 512 513 1592
f 512 1592 1591
f 513 514 1593
f 513 1593 1592
f 514 515 1594
f 514 1594 1593
f 515 516 1595
f 515 1595 1594
f 516 517 1596
f 516 1596 1595
f 517 518 1597
f 517 1597 1596
f 518 519 1598
f 518 1598 1597
f 519 520 1599
f 519 1599 1598
f 520 521 1600
f 520 1600 1599
f 521 522 1601
f 521 1601 1600
f 522 523 1602
f 522 1602 1601
f 523 524 1603
f 523 1603 1602
f 524 525 1604
f 524 1604 1603
f 525 526 1605
f 525 1605 1604
f 526 527 1606
f 526 1606 1605
f 527 528 1607
f 527 1607 1606
f 528 529 1608
f 528 1608 1607
f 529 530 1609
f 529 1609 1608
f 530 531 1610
f 530 1610 1609
f 531 532 1611
f 531 1611 1610
f 532 533 1612
f 532 1612 1611
f 533 534 1613
f 533 1613 1612
f 534 535 1614
f 534 1614 1613
f 535 536 1615
f 535 1615 1614
f 536 537 1616
f 536 1616 1615
f 537 538 1617
f 537 1617 1616
f 538 539 1618
f 538 1618 1617
f 539 540 1619
f 539 1619 1618
f 540 541 1620
f 540 1620 1619
f 541 542 1621
f 541 1621 1620
f 542 543 1622
f 542 1622 1621
f 543 544 1623
f 543 1623 1622
f 544 545 1624
f 544 1624 1623
f 545 546 1625
f 545 1625 1624
f 546 547 1626
f 546 1626 1625
f 547 548 1627
f 547 1627 1626
f 548 549 1628
f 548 1628 1627
f 549 550 1629
f 549 1629 1628
f 550 551 1630
f 550 1630 1629
f 551 552 1631
f 551 1631 1630
f 552 553 1632
f 552 1632 1631
f 553 554 1633
f 553 1633 1632
f 554 555 1634
f 554 1634 1633
f 555 556 1635
f 555 1635 1634
f 556 557 1636
f 556 1636 1635
f 557 558 1637
f 557 1637 1636
f 558 559 1638
f 558 1638 1637
f 559 560 1639
f 559 1639 1638
f 560 561 1640
f 560 1640 1639
f 561 562 1641
f 561 1641 1640
f 562 563 1642
f 562 1642 1641
f 563 564 1643
f 563 1643 1642
f 564 565 1644
f 564 1644 1643
f 565 566 1645
f 565 1645 1644
f 566 567 1646
f 566 1646 1645
f 567 568 1647
f 567 1647 1646
f 568 569 1648
f 568 1648 1647
f 569 570 1649
f 569 1649 1648
f 570 571 1650
f 570 1650 1649
f 571 572 1651
f 571 1651 1650
f 572 573 1652
f 572 1652 1651
f 573 574 1653
f 573 1653 1652
f 574 575 1654
f 574 1654 1653
f 575 576 1655
f 575 1655 1654
f 576 577 1656
f 576 1656 1655
f 577 578 1657
f 577 1657 1656
f 578 579 1658
f 578 1658 1657
f 579 580 1659
f 579 1659 1658
f 580 581 1660
f 580 1660 1659
f 581 582 1661
f 581 1661 1660
f 582 583 1662
f 582 1662 1661
f 583 584 1663
f 583 1663 1662
f 584 585 1664
f 584 1664 1663
f 585 586 1665
f 585 1665 1664
f 586 587 1666
f 586 1666 1665
f 587 588 1667
f 587 1667 1666
f 588 589 1668
f 588 1668 1667
f 589 590 1669
f 589 1669 1668
f 590 591 1670
f 590 1670 1669
f 591 592 1671
f 591 1671 1670
f 592 593 1672
f 592 1672 1671
f 593 594 1673
f 593 1673 1672
f 594 595 1674
f 594 1674 1673
f 595 596 1675
f 595 1675 1674
f 596 597 1676
f 596 1676 1675
f 597 598 1677
f 597 1677 1676
f 598 599 1678
f 598 1678 1677
f 599 600 1679
f 599 1679 1678
f 600 601 1680
f 600 1680 1679
f 601 602 1681
f 601 1681 1680
f 602 603 1682
f 602 1682 1681
f 603 604 1683
f 603 1683 1682
f 604 605 1684
f 604 1684 1683
f 605 606 1685
f 605 1685 1684
f 606 607 1686
f 606 1686 1685
f 607 608 1687
f 607 1687 1686
f 608 609 1688
f 608 1688 1687
f 609 610 1689
f 609 1689 1688
f 610 611 1690
f 610 1690 1689
f 611 612 1691
f 611 1691 1690
f 612 613 1692
f 612 1692 1691
f 613 614 1693
f 613 1693 1692
f 614 615 1694
f 614 1694 1693
f 615 616 1695
f 615 1695 1694
f 616 617 1696
f 616 1696 1695
f 617 618 1697
f 617 1697 1696
f 618 619 1698
f 618 1698 1697
f 619 620 1699
f 619 1699 1698
f 620 621 1700
f 620 1700 1699
f 621 622 1701
f 621 1701 1700
f 622 623 1702
f 622 1702 1701
f 623 624 1703
f 623 1703 1702
f 624 625 1704
f 624 1704 1703
f 625 626 1705
f 625 1705 1704
f 626 627 1706
f 626 1706 1705
f 627 628 1707
f 627 1707 1706
f 628 629 1708
f 628 1708 1707
f 629 630 1709
f 629 1709 1708
f 630 631 1710
f 630 1710 1709
f 631 632 1711
f 631 1711 1710
f 632 633 1712
f 632 1712 1711
f 633 634 1713
f 633 1713 1712
f 634 635 1714
f 634 1714 1713
f 635 636 1715
f 635 1715 1714
f 636 637 1716
f 636 1716 1715
f 637 638 1717
f 637 1717 1716
f 638 639 1718
f 638 1718 1717
f 639 640 1719
f 639 1719 1718
f 640 641 1720
f 640 1720 1719
f 641 642 1721
f 641 1721 1720
f 642 643 1722
f 642 1722 1721
f 643 644 1723
f 643 1723 1722
f 644 645 1724
f 644 1724 1723
f 645 646 1725
f 645 1725 1724
f 646 647 1726
f 646 1726 1725
f 647 648 1727
f 647 1727 1726
f 648 649 1728
f 648 1728 1727
f 649 650 1729
f 649 1729 1728
f 650 651 1730
f 650 1730 1729
f 651 652 1731
f 651 1731 1730
f 652 653 1732
f 652 1732 1731
f 653 654 1733
f 653 1733 1732
f 654 655 1734
f 654 1734 1733
f 655 656 1735
f 655 1735 1734
f 656 657 1736
f 656 1736 1735
f 657 658 1737
f 657 1737 1736
f 658 659 1738
f 658 1738 1737
f 659 660 1739
f 659 1739 1738
f 660 661 1740
f 660 1740 1739
f 661 662 1741
f 661 1741 1740
f 662 663 1742
f 662 1742 1741
f 663 664 1743
f 663 1743 1742
f 664 665 1744
f 664 1744 1743
f 665 666 1745
f 665 1745 1744
f 666 667 1746
f 666 1746 1745
f 667 668 1747
f 667 1747 1746
f 668 669 1748
f 668 1748 1747
f 669 670 1749
f 669 1749 1748
f 670 671 1750
f 670 1750 1749
f 671 672 1751
f 671 1751 1750
f 672 673 1752
f 672 1752 1751
f 673 674 1753
f 673 1753 1752
f 674 675 1754
f 674 1754 1753
f 675 676 1755
f 675 1755 1754
f 676 677 1756
f 676 1756 1755
f 677 678 1757
f 677 1757 1756
f 678 679 1758
f 678 1758 1757
f 679 680 1759
f 679 1759 1758
f 680 681 1760
f 680 1760 1759
f 681 682 1761
f 681 1761 1760
f 682 683 1762
f 682 1762 1761
f 683 684 1763
f 683 1763 1762
f 684 685 1764
f 684 1764 1763
f 685 686 1765
f 685 1765 1764
f 686 687 1766
f 686 1766 1765
f 687 688 1767
f 687 1767 1766
f 688 689 1768
f 688 1768 1767
f 689 690 1769
f 689 1769 1768
f 690 691 1770
f 690 1770 1769
f 691 692 1771
f 691 1771 1770
f 692 693 1772
f 692 1772 1771
f 693 694 1773
f 693 1773 1772
f 694 695 1774
f 694 1774 1773
f 695 696 1775
f 695 1775 1774
f 696 697 1776
f 696 1776 1775
f 697 698 1777
f 697 1777 1776
f 698 699 1778
f 698 1778 1777
f 699 700 1779
f 699 1779 1778
f 700 701 1780
f 700 1780 1779
f 701 702 1781
f 701 1781 1780
f 702 703 1782
f 702 1782 1781
f 703 704 1783
f 703 1783 1782
f 704 705 1784
f 704 1784 1783
f 705 706 1785
f 705 1785 1784
f 706 707 1786
f 706 1786 1785
f 707 708 1787
f 707 1787 1786
f 708 709 1788
f 708 1788 1787
f 709 710 1789
f 709 1789 1788
f 710 711 1790
f 710 1790 1789
f 711 712 1791
f 711 1791 1790
f 712 713 1792
f 712 1792 1791
f 713 714 1793
f 713 1793 1792
f 714 715 1794
f 714 1794 1793
f 715 716 1795
f 715 1795 1794
f 716 717 1796
f 716 1796 1795
f 717 718 1797
f 717 1797 1796
f 718 719 1798
f 718 1798 1797
f 719 720 1799
f 719 1799 1798
f 720 721 1800
f 720 1800 1799
f 721 722 1801
f 721 1801 1800
f 722 723 1802
f 722 1802 1801
f 723 724 1803
f 723 1803 1802
f 724 725 1804
f 724 1804 1803
f 725 726 1805
f 725 1805 1804
f 726 727 1806
f 726 1806 1805
f 727 728 1807
f 727 1807 1806
f 728 729 1808
f 728 1808 1807
f 729 730 1809
f 729 1809 1808
f 730 731 1810
f 730 1810 1809
f 731 732 1811
f 731 1811 1810
f 732 733 1812
f 732 1812 1811
f 733 734 1813
f 733 1813 1812
f 734 735 1814
f 734 1814 1813
f 735 736 1815
f 735 1815 1814
f 736 737 1816
f 736 1816 1815
f 737 738 1817
f 737 1817 1816
f 738 739 1818
f 738 1818 1817
f 739 740 1819
f 739 1819 1818
f 740 741 1820
f 740 1820 1819
f 741 742 1821
f 741 1821 1820
f 742 743 1822
f 742 1822 1821
f 743 744 1823
f 743 1823 1822
f 744 745 1824
f 744 1824 1823
f 745 746 1825
f 745 1825 1824
f 746 747 1826
f 746 1826 1825
f 747 748 1827
f 747 1827 1826
f 748 749 1828
f 748 1828 1827
f 749 750 1829
f 749 1829 1828
f 750 751 1830
f 750 1830 1829
f 751 752 1831
f 751 1831 1830
f 752 753 1832
f 752 1832 1831
f 753 754 1833
f 753 1833 1832
f 754 755 1834
f 754 1834 1833
f 755 756 1835
f 755 1835 1834
f 756 757 1836
f 756 1836 1835
f 757 758 1837
f 757 1837 1836
f 758 759 1838
f 758 1838 1837
f 759 760 1839
f 759 1839 1838
f 760 761 1840
f 760 1840 1839
f 761 762 1841
f 761 1841 1840
f 762 763 1842
f 762 1842 1841
f 763 764 1843
f 763 1843 1842
f 764 765 1844
f 764 1844 1843
f 765 766 1845
f 765 1845 1844
f 766 767 1846
f 766 1846 1845
f 767 768 1847
f 767 1847 1846
f 768 769 1848
f 768 1848 1847
f 769 770 1849
f 769 1849 1848
f 770 771 1850
f 770 1850 1849
f 771 772 1851
f 771 1851 1850
f 772 773 1852
f 772 1852 1851
f 773 774 1853
f 773 1853 1852
f 774 775 1854
f 774 1854 1853
f 775 776 1855
f 775 1855 1854
f 776 777 1856
f 776 1856 1855
f 777 778 1857
f 777 1857 1856
f 778 779 1858
f 778 1858 1857
f 779 780 1859
f 779 1859 1858
f 780 781 1860
f 780 1860 1859
f 781 782 1861
f 781 1861 1860
f 782 783 1862
f 782 1862 1861
f 783 784 1863
f 783 1863 1862
f 784 785 1864
f 784 1864 1863
f 785 786 1865
f 785 1865 1864
f 786 787 1866
f 786 1866 1865
f 787 788 1867
f 787 1867 1866
f 788 789 1868
f 788 1868 1867
f 789 790 1869
f 789 1869 1868
f 790 791 1870
f 790 1870 1869
f 791 792 1871
f 791 1871 1870
f 792 793 1872
f 792 1872 1871
f 793 794 1873
f 793 1873 1872
f 794 795 1874
f 794 1874 1873
f 795 796 1875
f 795 1875 1874
f 796 797 1876
f 796 1876 1875
f 797 798 1877
f 797 1877 1876
f 798 799 1878
f 798 1878 1877
f 799 800 1879
f 799 1879 1878
f 800 801 1880
f 800 1880 1879
f 801 802 1881
f 801 1881 1880
f 802 803 1882
f 802 1882 1881
f 803 804 1883
f 803 1883 1882
f 804 805 1884
f 804 1884 1883
f 805 806 1885
f 805 1885 1884
f 806 807 1886
f 806 1886 1885
f 807 808 1887
f 807 1887 1886
f 808 809 1888
f 808 1888 1887
f 809 810 1889
f 809 1889 1888
f 810 811 1890
f 810 1890 1889
f 811 812 1891
f 811 1891 1890
f 812 813 1892
f 812 1892 1891
f 813 814 1893
f 813 1893 1892
f 814 815 1894
f 814 1894 1893
f 815 816 1895
f 815 1895 1894
f 816 817 1896
f 816 1896 1895
f 817 818 1897
f 817 1897 1896
f 818 819 1898
f 818 1898 1897
f 819 820 1899
f 819 1899 1898
f 820 821 1900
f 820 1900 1899
f 821 822 1901
f 821 1901 1900
f 822 823 1902
f 822 1902 1901
f 823 824 1903
f 823 1903 1902
f 824 825 1904
f 824 1904 1903
f 825 826 1905
f 825 1905 1904
f 826 827 1906
f 826 1906 1905
f 827 828 1907
f 827 1907 1906
f 828 829 1908
f 828 1908 1907
f 829 830 1909
f 829 1909 1908
f 830 831 1910
f 830 1910 1909
f 831 832 1911
f 831 1911 1910
f 832 833 1912
f 832 1912 1911
f 833 834 1913
f 833 1913 1912
f 834 835 1914
f 834 1914 1913
f 835 836 1915
f 835 1915 1914
f 836 837 1916
f 836 1916 1915
f 837 838 1917
f 837 1917 1916
f 838 839 1918
f 838 1918 1917
f 839 840 1919
f 839 1919 1918
f 840 841 1920
f 840 1920 1919
f 841 842 1921
f 841 1921 1920
f 842 843 1922
f 842 1922 1921
f 843 844 1923
f 843 1923 1922
f 844 845 1924
f 844 1924 1923
f 845 846 1925
f 845 1925 1924
f 846 847 1926
f 846 1926 1925
f 847 848 1927
f 847 1927 1926
f 848 849 1928
f 848 1928 1927
f 849 850 1929
f 849 1929 1928
f 850 851 1930
f 850 1930 1929
f 851 852 1931
f 851 1931 1930
f 852 853 1932
f 852 1932 1931
f 853 854 1933
f 853 1933 1932
f 854 855 1934
f 854 1934 1933
f 855 856 1935
f 855 1935 1934
f 856 857 1936
f 856 1936 1935
f 857 858 1937
f 857 1937 1936
f 858 859 1938
f 858 1938 1937
f 859 860 1939
f 859 1939 1938
f 860 861 1940
f 860 1940 1939
f 861 862 1941
f 861 1941 1940
f 862 863 1942
f 862 1942 1941
f 863 864 1943
f 863 1943 1942
f 864 865 1944
f 864 1944 1943
f 865 866 1945
f 865 1945 1944
f 866 867 1946
f 866 1946 1945
f 867 868 1947
f 867 1947 1946
f 868 869 1948
f 868 1948 1947
f 869 870 1949
f 869 1949 1948
f 870 871 1950
f 870 1950 1949
f 871 872 1951
f 871 1951 1950
f 872 873 1952
f 872 1952 1951
f 873 874 1953
f 873 1953 1952
f 874 875 1954
f 874 1954 1953
f 875 876 1955
f 875 1955 1954
f 876 877 1956
f 876 1956 1955
f 877 878 1957
f 877 1957 1956
f 878 879 1958
f 878 1958 1957
f 879 880 1959
f 879 1959 1958
f 880 881 1960
f 880 1960 1959
f 881 882 1961
f 881 1961 1960
f 882 883 1962
f 882 1962 1961
f 883 884 1963
f 883 1963 1962
f 884 885 1964
f 884 1964 1963
f 885 886 1965
f 885 1965 1964
f 886 887 1966
f 886 1966 1965
f 887 888 1967
f 887 1967 1966
f 888 889 1968
f 888 1968 1967
f 889 890 1969
f 889 1969 1968
f 890 891 1970
f 890 1970 1969
f 891 892 1971
f 891 1971 1970
f 892 893 1972
f 892 1972 1971
f 893 894 1973
f 893 1973 1972
f 894 895 1974
f 894 1974 1973
f 895 896 1975
f 895 1975 1974
f 896 897 1976
f 896 1976 1975
f 897 898 1977
f 897 1977 1976
f 898 899 1978
f 898 1978 1977
f 899 900 1979
f 899 1979 1978
f 900 901 1980
f 900 1980 1979
f 901 902 1981
f 901 1981 1980
f 902 903 1982
f 902 1982 1981
f 903 904 1983
f 903 1983 1982
f 904 905 1984
f 904 1984 1983
f 905 906 1985
f 905 1985 1984
f 906 907 1986
f 906 1986 1985
f 907 908 1987
f 907 1987 1986
f 908 909 1988
f 908 1988 1987
f 909 910 1989
f 909 1989 1988
f 910 911 1990
f 910 1990 1989
f 911 912 1991
f 911 1991 1990
f 912 913 1992
f 912 1992 1991
f 913 914 1993
f 913 1993 1992
f 914 915 1994
f 914 1994 1993
f 915 916 1995
f 915 1995 1994
f 916 917 1996
f 916 1996 1995
f 917 918 1997
f 917 1997 1996
f 918 919 1998
f 918 1998 1997
f 919 920 1999
f 919 1999 1998
f 920 921 2000
f 920 2000 1999
f 921 922 2001
f 921 2001 2000
f 922 923 2002
f 922 2002 2001
f 923 924 2003
f 923 2003 2002
f 924 925 2004
f 924 2004 2003
f 925 926 2005
f 925 2005 2004
f 926 927 2006
f 926 2006 2005
f 927 928 2007
f 927 2007 2006
f 928 929 2008
f 928 2008 2007
f 929 930 2009
f 929 2009 2008
f 930 931 2010
f 930 2010 2009
f 931 932 2011
f 931 2011 2010
f 932 933 2012
f 932 2012 2011
f 933 934 2013
f 933 2013 2012
f 934 935 2014
f 934 2014 2013
f 935 936 2015
f 935 2015 2014
f 936 937 2016
f 936 2016 2015
f 937 938 2017
f 937 2017 2016
f 938 939 2018
f 938 2018 2017
f 939 940 2019
f 939 2019 2018
f 940 941 2020
f 940 2020 2019
f 941 942 2021
f 941 2021 2020
f 942 943 2022
f 942 2022 2021
f 943 944 2023
f 943 2023 2022
f 944 945 2024
f 944 2024 2023
f 945 946 2025
f 945 2025 2024
f 946 947 2026
f 946 2026 2025
f 947 948 2027
f 947 2027 2026
f 948 949 2028
f 948 2028 2027
f 949 950 2029
f 949 2029 2028
f 950 951 2030
f 950 2030 2029
f 951 952 2031
f 951 2031 2030
f 952 953 2032
f 952 2032 2031
f 953 954 2033
f 953 2033 2032
f 954 955 2034
f 954 2034 2033
f 955 956 2035
f 955 2035 2034
f 956 957 2036
f 956 2036 2035
f 957 958 2037
f 957 2037 2036
f 958 959 2038
f 958 2038 2037
f 959 960 2039
f 959 2039 2038
f 960 961 2040
f 960 2040 2039
f 961 962 2041
f 961 2041 2040
f 962 963 2042
f 962 2042 2041
f 963 964 2043
f 963 2043 2042
f 964 965 2044
f 964 2044 2043
f 965 966 2045
f 965 2045 2044
f 966 967 2046
f 966 2046 2045
f 967 968 2047
f 967 2047 2046
f 968 969 2048
f 968 2048 2047
f 969 970 2049
f 969 2049 2048
f 970 971 2050
f 970 2050 2049
f 971 972 2051
f 971 2051 2050
f 972 973 2052
f 972 2052 2051
f 973 974 2053
f 973 2053 2052
f 974 975 2054
f 974 2054 2053
f 975 976 2055
f 975 2055 2054
f 976 977 2056
f 976 2056 2055
f 977 978 2057
f 977 2057 2056
f 978 979 2058
f 978 2058 2057
f 979 980 2059
f 979 2059 2058
f 980 981 2060
f 980 2060 2059
f 981 982 2061
f 981 2061 2060
f 982 983 2062
f 982 2062 2061
f 983 984 2063
f 983 2063 2062
f 984 985 2064
f 984 2064 2063
f 985 986 2065
f 985 2065 2064
f 986 987 2066
f 986 2066 2065
f 987 988 2067
f 987 2067 2066
f 988 989 2068
f 988 2068 2067
f 989 990 2069
f 989 2069 2068
f 990 991 2070
f 990 2070 2069
f 991 992 2071
f 991 2071 2070
f 992 993 2072
f 992 2072 2071
f 993 994 2073
f 993 2073 2072
f 994 995 2074
f 994 2074 2073
f 995 996 2075
f 995 2075 2074
f 996 997 2076
f 996 2076 2075
f 997 998 2077
f 997 2077 2076
f 998 999 2078
f 998 2078 2077
f 999 1000 2079
f 999 2079 2078
f 1000 1001 2080
f 1000 2080 2079
f 1001 1002 2081
f 1001 2081 2080
f 1002 1003 2082
f 1002 2082 2081
f 1003 1004 2083
f 1003 2083 2082
f 1004 1005 2084
f 1004 2084 2083
f 1005 1006 2085
f 1005 2085 2084
f 1006 1007 2086
f 1006 2086 2085
f 1007 1008 2087
f 1007 2087 2086
f 1008 1009 2088
f 1008 2088 2087
f 1009 1010 2089
f 1009 2089 2088
f 1010 1011 2090
f 1010 2090 2089
f 1011 1012 2091
f 1011 2091 2090
f 1012 1013 2092
f 1012 2092 2091
f 1013 1014 2093
f 1013 2093 2092
f 1014 1015 2094
f 1014 2094 2093
f 1015 1016 2095
f 1015 2095 2094
f 1016 1017 2096
f 1016 2096 2095
f 1017 1018 2097
f 1017 2097 2096
f 1018 1019 2098
f 1018 2098 2097
f 1019 1020 2099
f 1019 2099 2098
f 1020 1021 2100
f 1020 2100 2099
f 1021 1022 2101
f 1021 2101 2100
f 1022 1023 2102
f 1022 2102 2101
f 1023 1024 2103
f 1023 2103 2102
f 1024 1025 2104
f 1024 2104 2103
f 1025 1026 2105
f 1025 2105 2104
f 1026 1027 2106
f 1026 2106 2105
f 1027 1028 2107
f 1027 2107 2106
f 1028 1029 2108
f 1028 2108 2107
f 1029 1030 2109
f 1029 2109 2108
f 1030 1031 2110
f 1030 2110 2109
f 1031 1032 2111
f 1031 2111 2110
f 1032 1033 2112
f 1032 2112 2111
f 1033 1034 2113
f 1033 2113 2112
f 1034 1035 2114
f 1034 2114 2113
f 1035 1036 2115
f 1035 2115 2114
f 1036 1037 2116
f 1036 2116 2115
f 1037 1038 2117
f 1037 2117 2116
f 1038 1039 2118
f 1038 2118 2117
f 1039 1040 2119
f 1039 2119 2118
f 1040 1041 2120
f 1040 2120 2119
f 1041 1042 2121
f 1041 2121 2120
f 1042 1043 2122
f 1042 2122 2121
f 1043 1044 2123
f 1043 2123 2122
f 1044 1045 2124
f 1044 2124 2123
f 1045 1046 2125
f 1045 2125 2124
f 1046 1047 2126
f 1046 2126 2125
f 1047 1048 2127
f 1047 2127 2126
f 1048 1049 2128
f 1048 2128 2127
f 1049 1050 2129
f 1049 2129 2128
f 1050 1051 2130
f 1050 2130 2129
f 1051 1052 2131
f 1051 2131 2130
f 1052 1053 2132
f 1052 2132 2131
f 1053 1054 2133
f 1053 2133 2132
f 1054 1055 2134
f 1054 2134 2133
f 1055 1056 2135
f 1055 2135 2134
f 1056 1057 2136
f 1056 2136 2135
f 1057 1058 2137
f 1057 2137 2136
f 1058 1059 2138
f 1058 2138 2137
f 1059 1060 2139
f 1059 2139 2138
f 1060 1061 2140
f 1060 2140 2139
f 1061 1062 2141
f 1061 2141 2140
f 1062 1063 2142
f 1062 2142 2141
f 1063 1064 2143
f 1063 2143 2142
f 1064 1065 2144
f 1064 2144 2143
f 1065 1066 2145
f 1065 2145 2144
f 1066 1067 2146
f 1066 2146 2145
f 1067 1068 2147
f 1067 2147 2146
f 1068 1069 2148
f 1068 2148 2147
f 1069 1070 2149
f 1069 2149 2148
f 1070 1071 2150
f 1070 2150 2149
f 1071 1072 2151
f 1071 2151 2150
f 1072 1073 2152
f 1072 2152 2151
f 1073 1074 2153
f 1073 2153 2152
f 1074 1075 2154
f 1074 2154 2153
f 1075 1076 2155
f 1075 2155 2154
f 1076 1077 2156
f 1076 2156 2155
f 1077 1078 2157
f 1077 2157 2156
f 1078 1079 2158
f 1078 2158 2157
f 1079 1 1080
f 1079 1080 2158
f 2214 2294 2215
f 2162 2349 2163
f 2259 2252 2251
f 2213 2212 2296
f 2298 2297 2211
f 2297 2212 2211
f 2212 2297 2296
f 2295 2213 2296
f 2213 2295 2214
f 2295 2294 2214
f 2197 2196 2312
f 2167 2166 2345
f 2191 2190 2318
f 2315 2314 2194
f 2193 2315 2194
f 2317 2191 2318
f 2310 2197 2312
f 2310 2198 2197
f 2198 2310 2309
f 2208 2301 2300
f 2304 2303 2205
f 2177 2176 2335
f 2181 2180 2331
f 2334 2177 2335
f 2347 2165 2164
f 2343 2169 2168
f 2169 2343 2342
f 2329 2183 2182
f 2258 2252 2259
f 2256 2258 2257
f 2253 2255 2254
f 2253 2256 2255
f 2253 2258 2256
f 2258 2253 2252
f 2260 2259 2251
f 2262 2247 2263
f 2247 2246 2263
f 2210 2298 2211
f 2210 2299 2298
f 2209 2208 2300
f 2299 2209 2300
f 2210 2209 2299
f 2173 2338 2174
f 2336 2176 2175
f 2176 2336 2335
f 2320 2319 2189
f 2319 2190 2189
f 2190 2319 2318
f 2188 2187 2321
f 2320 2188 2321
f 2188 2320 2189
f 2324 2323 2185
f 2184 2324 2185
f 2324 2326 2325
f 2326 2324 2184
f 2323 2186 2185
f 2314 2195 2194
f 2317 2192 2191
f 2203 2202 2306
f 2202 2307 2306
f 2311 2310 2312
f 2303 2206 2205
f 2305 2203 2306
f 2204 2304 2205
f 2305 2204 2203
f 2204 2305 2304
f 2180 2332 2331
f 2333 2332 2179
f 2332 2180 2179
f 2334 2178 2177
f 2178 2334 2333
f 2178 2333 2179
f 2349 2351 2350
f 2351 2349 2162
f 2353 2160 2159
f 2348 2347 2164
f 2348 2164 2163
f 2349 2348 2163
f 2166 2346 2345
f 2165 2346 2166
f 2347 2346 2165
f 2344 2343 2168
f 2344 2167 2345
f 2167 2344 2168
f 2171 2341 2340
f 2171 2340 2172
f 2330 2329 2182
f 2181 2330 2182
f 2330 2181 2331
f 2327 2326 2184
f 2233 2276 2234
f 2277 2276 2233
f 2278 2233 2232
f 2278 2277 2233
f 2316 2192 2317
f 2193 2316 2315
f 2192 2316 2193
f 2322 2186 2323
f 2187 2322 2321
f 2186 2322 2187
f 2250 2249 2261
f 2250 2260 2251
f 2260 2250 2261
f 2262 2248 2247
f 2248 2262 2261
f 2249 2248 2261
f 2173 2339 2338
f 2340 2339 2172
f 2339 2173 2172
f 2337 2336 2175
f 2174 2337 2175
f 2338 2337 2174
f 2313 2195 2314
f 2196 2313 2312
f 2195 2313 2196
f 2199 2198 2309
f 2308 2199 2309
f 2199 2308 2200
f 2202 2201 2307
f 2308 2201 2200
f 2201 2308 2307
f 2207 2301 2208
f 2341 2170 2342
f 2171 2170 2341
f 2170 2169 2342
f 2328 2327 2184
f 2183 2328 2184
f 2329 2328 2183
f 2276 2275 2234
f 2294 2216 2215
f 2275 2235 2234
f 2236 2273 2237
f 2302 2206 2303
f 2207 2302 2301
f 2302 2207 2206
f 2274 2273 2236
f 2235 2274 2236
f 2274 2235 2275
f 2273 2272 2237
f 2279 2278 2232
f 2220 2290 2221
f 2272 2238 2237
f 2239 2270 2240
f 2228 2283 2282
f 2231 2279 2232
f 2279 2231 2280
f 2231 2230 2280
f 2229 2228 2282
f 2223 2222 2288
f 2290 2289 2221
f 2289 2222 2221
f 2222 2289 2288
f 2291 2220 2219
f 2291 2290 2220
f 2271 2270 2239
f 2238 2271 2239
f 2271 2238 2272
f 2269 2241 2240
f 2270 2269 2240
f 2227 2283 2228
f 2284 2227 2226
f 2227 2284 2283
f 2281 2229 2282
f 2229 2281 2230
f 2230 2281 2280
f 2218 2292 2219
f 2292 2291 2219
f 2241 2268 2242
f 2269 2268 2241
f 2223 2287 2224
f 2287 2223 2288
f 2285 2284 2226
f 2293 2218 2217
f 2293 2292 2218
f 2216 2293 2217
f 2293 2216 2294
f 2242 2267 2243
f 2268 2267 2242
f 2225 2285 2226
f 2287 2286 2224
f 2286 2225 2224
f 2225 2286 2285
f 2266 2244 2243
f 2267 2266 2243
f 2244 2265 2245
f 2266 2265 2244
f 2264 2246 2245
f 2265 2264 2245
f 2246 2264 2263
f 2351 2162 2161
f 2352 2351 2161
f 2353 2352 2161
f 2160 2353 2161
f 2252 2250 2251
f 2250 2253 2254
f 2253 2250 2252
f 2409 2410 2489
f 2357 2358 2544
f 2454 2446 2447
f 2408 2491 2407
f 2493 2406 2492
f 2492 2406 2407
f 2407 2491 2492
f 2490 2491 2408
f 2408 2409 2490
f 2490 2409 2489
f 2392 2507 2391
f 2362 2540 2361
f 2386 2513 2385
f 2510 2389 2509
f 2388 2389 2510
f 2512 2513 2386
f 2505 2507 2392
f 2505 2392 2393
f 2393 2504 2505
f 2403 2495 2496
f 2499 2400 2498
f 2372 2530 2371
f 2376 2526 2375
f 2529 2530 2372
f 2542 2359 2360
f 2538 2363 2364
f 2364 2537 2538
f 2524 2377 2378
f 2453 2454 2447
f 2451 2452 2453
f 2448 2449 2450
f 2448 2450 2451
f 2448 2451 2453
f 2453 2447 2448
f 2455 2446 2454
f 2457 2458 2442
f 2442 2458 2441
f 2405 2406 2493
f 2405 2493 2494
f 2404 2495 2403
f 2494 2495 2404
f 2405 2494 2404
f 2368 2369 2533
f 2531 2370 2371
f 2371 2530 2531
f 2515 2384 2514
f 2514 2384 2385
f 2385 2513 2514
f 2383 2516 2382
f 2515 2516 2383
f 2383 2384 2515
f 2519 2380 2518
f 2379 2380 2519
f 2519 2520 2521
f 2521 2379 2519
f 2518 2380 2381
f 2509 2389 2390
f 2512 2386 2387
f 2398 2501 2397
f 2397 2501 2502
f 2506 2507 2505
f 2498 2400 2401
f 2500 2501 2398
f 2399 2400 2499
f 2500 2398 2399
f 2399 2499 2500
f 2375 2526 2527
f 2528 2374 2527
f 2527 2374 2375
f 2529 2372 2373
f 2373 2528 2529
f 2373 2374 2528
f 2544 2545 2546
f 2546 2357 2544
f 2548 2354 2355
f 2543 2359 2542
f 2543 2358 2359
f 2544 2358 2543
f 2361 2540 2541
f 2360 2361 2541
f 2542 2360 2541
f 2539 2363 2538
f 2539 2540 2362
f 2362 2363 2539
f 2366 2535 2536
f 2366 2367 2535
f 2525 2377 2524
f 2376 2377 2525
f 2525 2526 2376
f 2522 2379 2521
f 2428 2429 2471
f 2472 2428 2471
f 2473 2427 2428
f 2473 2428 2472
f 2511 2512 2387
f 2388 2510 2511
f 2387 2388 2511
f 2517 2518 2381
f 2382 2516 2517
f 2381 2382 2517
f 2445 2456 2444
f 2445 2446 2455
f 2455 2456 2445
f 2457 2442 2443
f 2443 2456 2457
f 2444 2456 2443
f 2368 2533 2534
f 2535 2367 2534
f 2534 2367 2368
f 2532 2370 2531
f 2369 2370 2532
f 2533 2369 2532
f 2508 2509 2390
f 2391 2507 2508
f 2390 2391 2508
f 2394 2504 2393
f 2503 2504 2394
f 2394 2395 2503
f 2397 2502 2396
f 2503 2395 2396
f 2396 2502 2503
f 2402 2403 2496
f 2536 2537 2365
f 2366 2536 2365
f 2365 2537 2364
f 2523 2379 2522
f 2378 2379 2523
f 2524 2378 2523
f 2471 2429 2470
f 2489 2410 2411
f 2470 2429 2430
f 2431 2432 2468
f 2497 2498 2401
f 2402 2496 2497
f 2497 2401 2402
f 2469 2431 2468
f 2430 2431 2469
f 2469 2470 2430
f 2468 2432 2467
f 2474 2427 2473
f 2415 2416 2485
f 2467 2432 2433
f 2434 2435 2465
f 2423 2477 2478
f 2426 2427 2474
f 2474 2475 2426
f 2426 2475 2425
f 2424 2477 2423
f 2418 2483 2417
f 2485 2416 2484
f 2484 2416 2417
f 2417 2483 2484
f 2486 2414 2415
f 2486 2415 2485
f 2466 2434 2465
f 2433 2434 2466
f 2466 2467 2433
f 2464 2435 2436
f 2465 2435 2464
f 2422 2423 2478
f 2479 2421 2422
f 2422 2478 2479
f 2476 2477 2424
f 2424 2425 2476
f 2425 2475 2476
f 2413 2414 2487
f 2487 2414 2486
f 2436 2437 2463
f 2464 2436 2463
f 2418 2419 2482
f 2482 2483 2418
f 2480 2421 2479
f 2488 2412 2413
f 2488 2413 2487
f 2411 2412 2488
f 2488 2489 2411
f 2437 2438 2462
f 2463 2437 2462
f 2420 2421 2480
f 2482 2419 2481
f 2481 2419 2420
f 2420 2480 2481
f 2461 2438 2439
f 2462 2438 2461
f 2439 2440 2460
f 2461 2439 2460
f 2459 2440 2441
f 2460 2440 2459
f 2441 2458 2459
f 2546 2356 2357
f 2547 2356 2546
f 2548 2356 2547
f 2355 2356 2548
f 2447 2446 2445
f 2445 2449 2448
f 2448 2447 2445
f 2159 2160 2355
f 2159 2355 2354
f 2160 2161 2356
f 2160 2356 2355
f 2161 2162 2357
f 2161 2357 2356
f 2162 2163 2358
f 2162 2358 2357
f 2163 2164 2359
f 2163 2359 2358
f 2164 2165 2360
f 2164 2360 2359
f 2165 2166 2361
f 2165 2361 2360
f 2166 2167 2362
f 2166 2362 2361
f 2167 2168 2363
f 2167 2363 2362
f 2168 2169 2364
f 2168 2364 2363
f 2169 2170 2365
f 2169 2365 2364
f 2170 2171 2366
f 2170 2366 2365
f 2171 2172 2367
f 2171 2367 2366
f 2172 2173 2368
f 2172 2368 2367
f 2173 2174 2369
f 2173 2369 2368
f 2174 2175 2370
f 2174 2370 2369
f 2175 2176 2371
f 2175 2371 2370
f 2176 2177 2372
f 2176 2372 2371
f 2177 2178 2373
f 2177 2373 2372
f 2178 2179 2374
f 2178 2374 2373
f 2179 2180 2375
f 2179 2375 2374
f 2180 2181 2376
f 2180 2376 2375
f 2181 2182 2377
f 2181 2377 2376
f 2182 2183 2378
f 2182 2378 2377
f 2183 2184 2379
f 2183 2379 2378
f 2184 2185 2380
f 2184 2380 2379
f 2185 2186 2381
f 2185 2381 2380
f 2186 2187 2382
f 2186 2382 2381
f 2187 2188 2383
f 2187 2383 2382
f 2188 2189 2384
f 2188 2384 2383
f 2189 2190 2385
f 2189 2385 2384
f 2190 2191 2386
f 2190 2386 2385
f 2191 2192 2387
f 2191 2387 2386
f 2192 2193 2388
f 2192 2388 2387
f 2193 2194 2389
f 2193 2389 2388
f 2194 2195 2390
f 2194 2390 2389
f 2195 2196 2391
f 2195 2391 2390
f 2196 2197 2392
f 2196 2392 2391
f 2197 2198 2393
f 2197 2393 2392
f 2198 2199 2394
f 2198 2394 2393
f 2199 2200 2395
f 2199 2395 2394
f 2200 2201 2396
f 2200 2396 2395
f 2201 2202 2397
f 2201 2397 2396
f 2202 2203 2398
f 2202 2398 2397
f 2203 2204 2399
f 2203 2399 2398
f 2204 2205 2400
f 2204 2400 2399
f 2205 2206 2401
f 2205 2401 2400
f 2206 2207 2402
f 2206 2402 2401
f 2207 2208 2403
f 2207 2403 2402
f 2208 2209 2404
f 2208 2404 2403
f 2209 2210 2405
f 2209 2405 2404
f 2210 2211 2406
f 2210 2406 2405
f 2211 2212 2407
f 2211 2407 2406
f 2212 2213 2408
f 2212 2408 2407
f 2213 2214 2409
f 2213 2409 2408
f 2214 2215 2410
f 2214 2410 2409
f 2215 2216 2411
f 2215 2411 2410
f 2216 2217 2412
f 2216 2412 2411
f 2217 2218 2413
f 2217 2413 2412
f 2218 2219 2414
f 2218 2414 2413
f 2219 2220 2415
f 2219 2415 2414
f 2220 2221 2416
f 2220 2416 2415
f 2221 2222 2417
f 2221 2417 2416
f 2222 2223 2418
f 2222 2418 2417
f 2223 2224 2419
f 2223 2419 2418
f 2224 2225 2420
f 2224 2420 2419
f 2225 2226 2421
f 2225 2421 2420
f 2226 2227 2422
f 2226 2422 2421
f 2227 2228 2423
f 2227 2423 2422
f 2228 2229 2424
f 2228 2424 2423
f 2229 2230 2425
f 2229 2425 2424
f 2230 2231 2426
f 2230 2426 2425
f 2231 2232 2427
f 2231 2427 2426
f 2232 2233 2428
f 2232 2428 2427
f 2233 2234 2429
f 2233 2429 2428
f 2234 2235 2430
f 2234 2430 2429
f 2235 2236 2431
f 2235 2431 2430
f 2236 2237 2432
f 2236 2432 2431
f 2237 2238 2433
f 2237 2433 2432
f 2238 2239 2434
f 2238 2434 2433
f 2239 2240 2435
f 2239 2435 2434
f 2240 2241 2436
f 2240 2436 2435
f 2241 2242 2437
f 2241 2437 2436
f 2242 2243 2438
f 2242 2438 2437
f 2243 2244 2439
f 2243 2439 2438
f 2244 2245 2440
f 2244 2440 2439
f 2245 2246 2441
f 2245 2441 2440
f 2246 2247 2442
f 2246 2442 2441
f 2247 2248 2443
f 2247 2443 2442
f 2248 2249 2444
f 2248 2444 2443
f 2249 2250 2445
f 2249 2445 2444
f 2250 2251 2446
f 2250 2446 2445
f 2251 2252 2447
f 2251 2447 2446
f 2252 2253 2448
f 2252 2448 2447
f 2253 2254 2449
f 2253 2449 2448
f 2254 2255 2450
f 2254 2450 2449
f 2255 2256 2451
f 2255 2451 2450
f 2256 2257 2452
f 2256 2452 2451
f 2257 2258 2453
f 2257 2453 2452
f 2258 2259 2454
f 2258 2454 2453
f 2259 2260 2455
f 2259 2455 2454
f 2260 2261 2456
f 2260 2456 2455
f 2261 2262 2457
f 2261 2457 2456
f 2262 2263 2458
f 2262 2458 2457
f 2263 2264 2459
f 2263 2459 2458
f 2264 2265 2460
f 2264 2460 2459
f 2265 2266 2461
f 2265 2461 2460
f 2266 2267 2462
f 2266 2462 2461
f 2267 2268 2463
f 2267 2463 2462
f 2268 2269 2464
f 2268 2464 2463
f 2269 2270 2465
f 2269 2465 2464
f 2270 2271 2466
f 2270 2466 2465
f 2271 2272 2467
f 2271 2467 2466
f 2272 2273 2468
f 2272 2468 2467
f 2273 2274 2469
f 2273 2469 2468
f 2274 2275 2470
f 2274 2470 2469
f 2275 2276 2471
f 2275 2471 2470
f 2276 2277 2472
f 2276 2472 2471
f 2277 2278 2473
f 2277 2473 2472
f 2278 2279 2474
f 2278 2474 2473
f 2279 2280 2475
f 2279 2475 2474
f 2280 2281 2476
f 2280 2476 2475
f 2281 2282 2477
f 2281 2477 2476
f 2282 2283 2478
f 2282 2478 2477
f 2283 2284 2479
f 2283 2479 2478
f 2284 2285 2480
f 2284 2480 2479
f 2285 2286 2481
f 2285 2481 2480
f 2286 2287 2482
f 2286 2482 2481
f 2287 2288 2483
f 2287 2483 2482
f 2288 2289 2484
f 2288 2484 2483
f 2289 2290 2485
f 2289 2485 2484
f 2290 2291 2486
f 2290 2486 2485
f 2291 2292 2487
f 2291 2487 2486
f 2292 2293 2488
f 2292 2488 2487
f 2293 2294 2489
f 2293 2489 2488
f 2294 2295 2490
f 2294 2490 2489
f 2295 2296 2491
f 2295 2491 2490
f 2296 2297 2492
f 2296 2492 2491
f 2297 2298 2493
f 2297 2493 2492
f 2298 2299 2494
f 2298 2494 2493
f 2299 2300 2495
f 2299 2495 2494
f 2300 2301 2496
f 2300 2496 2495
f 2301 2302 2497
f 2301 2497 2496
f 2302 2303 2498
f 2302 2498 2497
f 2303 2304 2499
f 2303 2499 2498
f 2304 2305 2500
f 2304 2500 2499
f 2305 2306 2501
f 2305 2501 2500
f 2306 2307 2502
f 2306 2502 2501
f 2307 2308 2503
f 2307 2503 2502
f 2308 2309 2504
f 2308 2504 2503
f 2309 2310 2505
f 2309 2505 2504
f 2310 2311 2506
f 2310 2506 2505
f 2311 2312 2507
f 2311 2507 2506
f 2312 2313 2508
f 2312 2508 2507
f 2313 2314 2509
f 2313 2509 2508
f 2314 2315 2510
f 2314 2510 2509
f 2315 2316 2511
f 2315 2511 2510
f 2316 2317 2512
f 2316 2512 2511
f 2317 2318 2513
f 2317 2513 2512
f 2318 2319 2514
f 2318 2514 2513
f 2319 2320 2515
f 2319 2515 2514
f 2320 2321 2516
f 2320 2516 2515
f 2321 2322 2517
f 2321 2517 2516
f 2322 2323 2518
f 2322 2518 2517
f 2323 2324 2519
f 2323 2519 2518
f 2324 2325 2520
f 2324 2520 2519
f 2325 2326 2521
f 2325 2521 2520
f 2326 2327 2522
f 2326 2522 2521
f 2327 2328 2523
f 2327 2523 2522
f 2328 2329 2524
f 2328 2524 2523
f 2329 2330 2525
f 2329 2525 2524
f 2330 2331 2526
f 2330 2526 2525
f 2331 2332 2527
f 2331 2527 2526
f 2332 2333 2528
f 2332 2528 2527
f 2333 2334 2529
f 2333 2529 2528
f 2334 2335 2530
f 2334 2530 2529
f 2335 2336 2531
f 2335 2531 2530
f 2336 2337 2532
f 2336 2532 2531
f 2337 2338 2533
f 2337 2533 2532
f 2338 2339 2534
f 2338 2534 2533
f 2339 2340 2535
f 2339 2535 2534
f 2340 2341 2536
f 2340 2536 2535
f 2341 2342 2537
f 2341 2537 2536
f 2342 2343 2538
f 2342 2538 2537
f 2343 2344 2539
f 2343 2539 2538
f 2344 2345 2540
f 2344 2540 2539
f 2345 2346 2541
f 2345 2541 2540
f 2346 2347 2542
f 2346 2542 2541
f 2347 2348 2543
f 2347 2543 2542
f 2348 2349 2544
f 2348 2544 2543
f 2349 2350 2545
f 2349 2545 2544
f 2350 2351 2546
f 2350 2546 2545
f 2351 2352 2547
f 2351 2547 2546
f 2352 2353 2548
f 2352 2548 2547
f 2353 2159 2354
f 2353 2354 2548
