# sill_diabasio_solido - solido de visualizacao (contorno digitalizado + espessura de campo)
v 587434.1871999996 7011778.7666 801.7566347302574
v 587468.204867769 7011800.002949471 808.6109678126952
v 587502.2225355385 7011821.239298942 811.1394091031686
v 587536.2402033078 7011842.475648413 815.4365089314149
v 587570.2578710773 7011863.711997884 819.1865110799795
v 587604.2755388467 7011884.948347355 819.4993336429957
v 587638.2932066162 7011906.184696826 818.2415568842403
v 587672.3108743856 7011927.421046297 815.1826532016041
v 587706.328542155 7011948.657395769 813.9206947395115
v 587740.3462099244 7011969.89374524 811.4288661213154
v 587774.3638776939 7011991.130094711 806.8870921607654
v 587808.3815454633 7012012.366444182 801.0568799651155
v 587843.3579701863 7012031.914268384 796.5586215414554
v 587879.0251837093 7012050.245502353 794.0852588654723
v 587914.6923972324 7012068.576736322 791.0447649311325
v 587950.3596107556 7012086.907970291 790.1238936718569
v 587986.0268242786 7012105.23920426 789.4139345392622
v 588021.6940378018 7012123.570438229 789.7437638374892
v 588057.3612513249 7012141.9016721975 790.6506651834586
v 588093.028464848 7012160.232906166 790.3145703353823
v 588128.6956783711 7012178.564140135 789.7758386592253
v 588164.3628918942 7012196.895374105 788.7653553162686
v 588200.0301054172 7012215.226608074 787.9722702552347
v 588235.6973189404 7012233.557842043 788.5603300899527
v 588271.3645324635 7012251.889076012 791.4484398137786
v 588307.0317459867 7012270.220309981 797.6690298636141
v 588342.6989595097 7012288.55154395 805.3590509982029
v 588378.3661730328 7012306.882777919 813.2492644099693
v 588414.033386556 7012325.214011888 820.3963306148534
v 588449.700600079 7012343.545245857 824.9916366634798
v 588485.3678136021 7012361.876479826 827.4363707769471
v 588521.0350271253 7012380.207713795 827.9722655706834
v 588556.7022406483 7012398.538947765 831.9909982632792
v 588590.7234067156 7012419.377829351 836.6128671453896
v 588621.7287173889 7012444.811173005 844.6854841523705
v 588652.7340280624 7012470.244516658 857.1476287964445
v 588683.7393387359 7012495.67786031 868.9037540117392
v 588714.7446494093 7012521.111203964 880.4025023755235
v 588745.7499600828 7012546.5445476165 888.462286605436
v 588776.7552707563 7012571.97789127 892.099087578153
v 588807.7605814297 7012597.411234923 894.9999999999999
v 588838.7658921032 7012622.844578575 895.0
v 588869.7712027767 7012648.277922229 895.0000000000001
v 588900.7765134502 7012673.711265882 895.0
v 588931.7818241236 7012699.144609535 895.9486200986502
v 588962.7871347971 7012724.577953188 897.5170159286762
v 588993.7924454706 7012750.01129684 899.0969858622138
v 589024.797756144 7012775.444640494 901.0177955667443
v 589055.8030668175 7012800.877984147 902.5382570877036
v 589086.808377491 7012826.3113278 903.560012095473
v 589119.203484182 7012849.655812727 903.5032860265464
v 589154.6401673984 7012868.428818399 903.660657939765
v 589190.0768506149 7012887.201824071 904.3454664294593
v 589225.5135338312 7012905.974829743 905.2420018637662
v 589260.9502170476 7012924.7478354145 907.8331552994626
v 589296.3869002641 7012943.520841086 912.7903757336687
v 589331.8235834804 7012962.293846758 917.7146510268564
v 589367.2602666969 7012981.066852429 922.1880461087488
v 589402.6969499133 7012999.839858101 925.0
v 589438.1336331298 7013018.612863773 925.0647972319153
v 589473.5703163461 7013037.385869444 927.1304508859491
v 589509.0069995626 7013056.158875116 928.7764733051413
v 589544.443682779 7013074.931880788 929.6475672139808
v 589579.8803659953 7013093.70488646 930.493202837248
v 589615.3170492118 7013112.477892132 930.4388116080861
v 589650.7537324282 7013131.250897803 930.3844203789199
v 589687.7573362896 7013146.400312094 930.4227523182958
v 589725.7072668958 7013159.361293011 930.7999396949399
v 589763.657197502 7013172.322273928 930.2134270123277
v 589801.607128108 7013185.283254844 928.4304636528901
v 589839.5570587142 7013198.2442357605 927.1642397004998
v 589877.5069893203 7013211.205216677 926.6678967547203
v 589915.4569199265 7013224.166197594 927.3985565049805
v 589953.4068505326 7013237.127178511 931.0916337201444
v 589991.3567811387 7013250.088159427 938.1538281421401
v 590029.3067117449 7013263.049140343 946.251580419382
v 590067.2566423509 7013276.01012126 953.5071219200054
v 590105.2065729571 7013288.971102177 958.9224048831306
v 590143.4489650998 7013300.1306440495 962.2077100667094
v 590183.5500930063 7013299.841161834 964.2606958436653
v 590223.6512209129 7013299.55167962 965.6703941451824
v 590263.7523488194 7013299.262197404 968.0744359036353
v 590303.853476726 7013298.972715189 970.1358401428762
v 590343.9546046326 7013298.683232973 970.8439990814959
v 590384.055732539 7013298.393750758 972.0401639306688
v 590424.1568604456 7013298.1042685425 972.3868903030797
v 590464.2579883522 7013297.814786327 973.2737499270443
v 590504.3591162587 7013297.525304112 973.9366347401942
v 590544.4602441653 7013297.235821896 975.1506077774627
v 590584.5613720719 7013296.946339681 975.4863005666407
v 590624.6624999783 7013296.656857465 976.437429918222
v 590661.2354126613 7013282.424539425 976.5293494731238
v 590696.6476539143 7013263.605468546 975.8592338030421
v 590732.0598951674 7013244.786397667 978.3044585355308
v 590767.4721364204 7013225.967326787 981.2794506821722
v 590802.8843776735 7013207.148255907 983.9676397982623
v 590838.2966189266 7013188.329185028 984.14880623363
v 590873.7088601796 7013169.510114148 983.4857335945565
v 590909.1211014326 7013150.691043269 982.3295115065282
v 590940.3060879629 7013126.707350011 981.7083714580581
v 590965.7529368012 7013095.7131224265 980.2877928613977
v 590991.1997856394 7013064.718894842 981.8961611161774
v 591016.6466344775 7013033.724667259 983.1515109381486
v 591042.0934833158 7013002.730439674 982.2274937270025
v 591067.540332154 7012971.736212091 979.627761658576
v 591092.9871809923 7012940.741984506 976.5712600823754
v 591118.4340298305 7012909.747756922 972.8270146109815
v 591134.2274753001 7012872.914380896 968.5613477290049
v 591149.8651612035 7012835.986789058 965.3430590822363
v 591165.502847107 7012799.059197221 963.3918815809878
v 591181.1405330105 7012762.131605383 960.5061813561945
v 591196.7782189139 7012725.204013546 960.0
v 591212.4159048174 7012688.276421708 960.0
v 591228.0535907209 7012651.348829871 959.7150467681647
v 591243.6912766244 7012614.421238033 958.1195770405011
v 591259.3289625279 7012577.493646196 957.6096111957354
v 591274.9666484314 7012540.566054358 957.5615315012988
v 591290.6043343348 7012503.638462521 957.8577069967685
v 591306.2420202383 7012466.710870683 957.1037710500165
v 591321.8797061418 7012429.783278846 956.4356578898437
v 591337.5173920452 7012392.855687008 956.0032623204942
v 591353.1550779488 7012355.928095171 954.6357831960487
v 591368.7927638523 7012319.000503333 953.7347121066906
v 591384.4304497557 7012282.072911496 952.6970675019426
v 591400.0681356592 7012245.145319658 951.4211954036393
v 591415.7058215627 7012208.217727821 950.1453233053638
v 591431.3435074661 7012171.290135983 949.9999999999999
v 591446.9811933697 7012134.362544146 950.0
v 591462.6188792732 7012097.434952308 950.0
v 591478.2565651766 7012060.507360471 950.0
v 591493.8942510801 7012023.5797686335 950.0
v 591509.5319369836 7011986.652176796 950.0
v 591525.169622887 7011949.7245849585 950.0
v 591540.8073087905 7011912.7969931215 950.0
v 591556.4449946941 7011875.869401284 947.3994052858593
v 591571.7028092341 7011838.794333553 941.6835607458136
v 591585.0785375742 7011800.988591255 934.5817626128262
v 591598.4542659143 7011763.182848957 927.7821453858279
v 591611.8299942543 7011725.377106659 923.0009003525548
v 591625.2057225944 7011687.571364361 918.8403398671346
v 591638.5814509344 7011649.765622063 916.0265152624218
v 591651.9571792744 7011611.959879765 913.6569382087312
v 591665.3329076145 7011574.154137467 911.5452294922562
v 591678.7086359545 7011536.348395169 909.4513312225357
v 591692.0843642947 7011498.5426528705 907.2364248776302
v 591705.4600926347 7011460.736910573 904.6875680290516
v 591718.8358209748 7011422.931168275 901.3312877924195
v 591732.2115493148 7011385.125425977 898.3874592662937
v 591745.5872776549 7011347.319683678 894.1022515000559
v 591758.9630059949 7011309.513941381 892.1469535084772
v 591772.338734335 7011271.708199083 891.0458485912542
v 591785.714462675 7011233.902456785 890.5738456440978
v 591799.0901910152 7011196.096714486 889.7054598579964
v 591812.4659193552 7011158.290972189 889.16667159719
v 591825.8416476953 7011120.485229891 887.801853070152
v 591840.5597559159 7011083.2760733 887.5304733904595
v 591859.6574236241 7011048.013297638 888.4841511548443
v 591878.7550913322 7011012.750521976 890.3804228489644
v 591897.8527590404 7010977.487746312 891.5996084672104
v 591916.9504267486 7010942.22497065 894.0000907192418
v 591936.0480944568 7010906.962194987 896.6616169463118
v 591955.145762165 7010871.699419324 899.7071640124304
v 591974.2434298731 7010836.436643662 900.9756357508147
v 591993.3410975813 7010801.173867999 903.1003100551992
v 592012.4387652895 7010765.911092336 904.861214266663
v 592031.5364329977 7010730.648316674 905.4218502171927
v 592050.6341007059 7010695.385541011 903.9148698019666
v 592069.731768414 7010660.122765348 902.4732698694822
v 592088.8294361222 7010624.859989685 900.7459411009299
v 592107.9271038304 7010589.597214023 900.9515575330324
v 592127.0247715386 7010554.33443836 900.0586984566701
v 592146.1224392467 7010519.071662697 898.5153306795123
v 592165.220106955 7010483.808887035 895.8795104848688
v 592184.3177746632 7010448.546111372 892.8733829566501
v 592203.4154423714 7010413.283335709 889.3848316606194
v 592214.0161627891 7010375.615153963 885.4691715180284
v 592216.2361958822 7010335.57447824 881.8514185087839
v 592218.4562289753 7010295.533802516 878.0339031361747
v 592220.6762620683 7010255.493126793 874.3389411347223
v 592222.8962951615 7010215.452451069 870.5767132811485
v 592225.1163282546 7010175.411775346 867.3511392960827
v 592227.3363613477 7010135.371099622 863.8701329543137
v 592229.5563944407 7010095.330423898 860.8305876703495
v 592231.7764275338 7010055.289748175 862.1657250373155
v 592233.996460627 7010015.249072451 864.6458668621403
v 592236.2164937201 7009975.208396728 867.3700504255705
v 592238.4365268131 7009935.167721004 867.9339241512656
v 592240.6565599062 7009895.127045281 858.6318629306028
v 592242.8765929993 7009855.086369557 843.6065156708748
v 592245.0966260924 7009815.045693834 822.7359196950777
v 592235.5606958279 7009794.336669827 802.5097588485312
v 592201.0303379952 7009814.728792014 795.4533385581694
v 592166.4999801624 7009835.1209142 789.466294339772
v 592131.9696223296 7009855.513036386 783.212345919206
v 592097.4392644968 7009875.905158573 778.069515693555
v 592062.908906664 7009896.29728076 772.4215394233346
v 592028.3785488313 7009916.689402946 766.6969198440186
v 591992.327925751 7009933.758323101 758.9335940837501
v 591954.3205993329 7009946.550015635 749.3900634731091
v 591916.313272915 7009959.341708169 743.4643866273623
v 591878.3059464969 7009972.133400703 740.1338661529172
v 591840.298620079 7009984.925093237 739.4016161699303
v 591802.2912936609 7009997.716785771 739.2330430394912
v 591764.2839672429 7010010.508478305 738.7485469318988
v 591726.2766408249 7010023.300170839 736.5965808875624
v 591688.2693144068 7010036.091863373 733.6647533040118
v 591650.2619879888 7010048.883555907 731.5017329168718
v 591612.2546615708 7010061.675248441 730.7827639231548
v 591574.2473351528 7010074.466940975 729.7603783442778
v 591536.2400087347 7010087.258633509 727.5606739342655
v 591498.2326823168 7010100.050326043 724.7828508994345
v 591460.2253558987 7010112.842018577 725.3897369157921
v 591422.2180294808 7010125.633711111 729.8024258743172
v 591384.2107030627 7010138.425403645 736.1947290242372
v 591346.2033766446 7010151.217096179 741.4860397681189
v 591308.1960502267 7010164.008788713 746.4022830261357
v 591270.1887238086 7010176.800481247 749.8635855305863
v 591232.1813973907 7010189.592173781 752.7262292748917
v 591194.284234314 7010202.68225868 753.8079035100403
v 591157.0828113259 7010217.65685006 755.2153804643648
v 591119.8813883379 7010232.63144144 756.0925282316825
v 591082.67996535 7010247.60603282 756.3450030789949
v 591045.4785423619 7010262.5806242 755.2263289761793
v 591008.2771193739 7010277.55521558 753.5712853098902
v 590971.0756963858 7010292.52980696 750.6677758948776
v 590933.8742733978 7010307.50439834 746.2605458071956
v 590896.6728504099 7010322.47898972 742.1822305332191
v 590859.4714274218 7010337.4535811 740.3498008763095
v 590822.2700044338 7010352.42817248 740.201013388916
v 590785.0685814458 7010367.40276386 738.4491439010014
v 590747.8671584578 7010382.37735524 741.5730134646469
v 590710.7859935614 7010397.617452199 746.8383888306649
v 590674.9942700115 7010415.704375228 750.5896273076812
v 590639.2025464616 7010433.791298257 755.6364128184966
v 590600.4359897387 7010440.188931357 756.1700292134605
v 590560.3524622776 7010441.411668292 754.4157500308164
v 590520.2689348166 7010442.634405226 747.4901185475765
v 590480.1854073555 7010443.857142161 740.2045723999547
v 590440.1018798945 7010445.079879095 735.9217248671464
v 590400.0183524335 7010446.302616029 735.6297374195649
v 590360.5275074472 7010439.436807696 734.4418193719919
v 590321.0503414932 7010432.384316818 732.136998228965
v 590281.5731755394 7010425.331825941 726.0908676990651
v 590242.0960095854 7010418.279335063 717.9365674575313
v 590202.6188436316 7010411.226844185 706.8860903073507
v 590163.1416776776 7010404.174353308 696.213834837585
v 590123.6645117238 7010397.12186243 688.4031002395108
v 590084.1873457698 7010390.069371552 684.1878063565039
v 590045.652576257 7010389.505224219 684.4447514510342
v 590009.8129627137 7010407.497065714 689.269592460801
v 589973.9733491703 7010425.48890721 697.9877866004084
v 589938.1337356269 7010443.480748705 711.459408285172
v 589902.2941220836 7010461.4725902 727.7083182913116
v 589866.4545085403 7010479.464431696 743.4394460371252
v 589830.614894997 7010497.456273191 755.9603310406869
v 589794.7752814536 7010515.448114686 768.0616916186141
v 589758.9356679103 7010533.439956182 779.054805897208
v 589723.0960543669 7010551.431797677 788.6383353535517
v 589687.3385638305 7010569.567646106 797.6930369087894
v 589653.6044963115 7010591.251671284 806.4973800912544
v 589619.8704287927 7010612.935696463 814.4498803073167
v 589586.1363612737 7010634.619721642 821.1875650439822
v 589552.4022937547 7010656.303746821 827.2633446886816
v 589518.6682262359 7010677.987772 831.4402862944014
v 589484.9341587169 7010699.671797179 833.7630615931431
v 589451.200091198 7010721.355822357 831.4109656217682
v 589417.4660236791 7010743.039847537 826.2751087850696
v 589383.7319561602 7010764.723872716 815.9905926356694
v 589349.9978886412 7010786.407897894 801.4663290092496
v 589316.2638211222 7010808.091923073 789.5931923738451
v 589282.5297536034 7010829.7759482525 777.2662507334207
v 589250.3374317618 7010853.45221334 770.9545910936646
v 589220.8838940457 7010880.667528429 767.8037168323672
v 589191.4303563298 7010907.882843517 764.8674020318077
v 589161.9768186137 7010935.098158604 762.0078141930343
v 589132.5232808978 7010962.313473693 759.9468535475067
v 589103.0697431817 7010989.528788781 757.316509072913
v 589073.0034307877 7011016.011349164 754.9746886871739
v 589041.006217452 7011040.184942154 752.060556735841
v 589009.0705348898 7011064.427907828 750.19723337749
v 588981.2498817611 7011093.310350918 757.1266460612326
v 588953.4292286325 7011122.192794008 761.1871733735468
v 588925.6085755038 7011151.075237097 771.4016278423479
v 588897.7879223751 7011179.957680187 782.9964371152828
v 588864.008706629 7011201.403411197 788.3139224769583
v 588829.7551200301 7011222.2570934715 790.3509629921575
v 588795.5015334312 7011243.110775746 791.8628971960857
v 588761.2479468322 7011263.964458022 791.1564367016636
v 588726.9943602333 7011284.818140297 789.5101021770236
v 588692.1609962007 7011304.559823207 786.1060834376971
v 588655.4522987357 7011320.704661073 778.687831141842
v 588618.7436012706 7011336.849498941 775.0992313525751
v 588582.0349038055 7011352.994336807 772.0769799367608
v 588545.3262063403 7011369.139174674 766.6051629561559
v 588508.6175088752 7011385.284012541 762.4333965640826
v 588472.6050982932 7011402.863708699 761.5715482641192
v 588437.2071799425 7011421.70970657 763.7842297038728
v 588401.8092615919 7011440.555704442 769.2447166046459
v 588366.4113432412 7011459.401702313 774.0265203269031
v 588330.8853666235 7011477.998145842 779.8840378399946
v 588294.9337035272 7011495.765030204 783.123404500988
v 588258.9820404309 7011513.531914567 787.8525399788816
v 588222.269485409 7011528.474433985 790.9275945109766
v 588182.2581576873 7011531.172194774 785.1142602327395
v 588142.2468299656 7011533.869955564 780.8009339352632
v 588102.2355022439 7011536.567716354 776.0443295593773
v 588062.2241745222 7011539.265477143 770.7508973269165
v 588022.1432647415 7011540.092511779 765.2294852627607
v 587982.0420838093 7011540.3745528655 762.7150603197039
v 587941.9410826192 7011540.621401606 761.0330971555742
v 587901.8448746996 7011539.929758782 759.1575365545497
v 587861.74866678 7011539.238115957 755.5361410061967
v 587821.6524588603 7011538.546473132 749.9417925934295
v 587781.5562509407 7011537.854830308 744.7835595883761
v 587741.4600430211 7011537.163187483 739.4211647427212
v 587701.3610555733 7011537.014252102 735.1862332976864
v 587661.259866661 7011537.295156278 730.710116236007
v 587621.1586777489 7011537.5760604525 727.1776324504017
v 587581.0574888366 7011537.856964628 725.0276159192758
v 587542.4359913993 7011544.679264717 726.8029394293867
v 587506.1179647662 7011561.684710927 733.6688967889344
v 587474.4238055457 7011582.334367264 739.7863337231768
v 587466.3764844364 7011621.620813811 758.6514097637006
v 587458.3291633272 7011660.907260358 777.0663137537463
v 587450.281842218 7011700.1937069055 793.4143658963686
v 587442.2345211088 7011739.480153453 802.2917887526858
v 587434.1871999996 7011778.7666 774.7566347302574
v 587468.204867769 7011800.002949471 781.6109678126952
v 587502.2225355385 7011821.239298942 784.1394091031686
v 587536.2402033078 7011842.475648413 788.4365089314149
v 587570.2578710773 7011863.711997884 792.1865110799795
v 587604.2755388467 7011884.948347355 792.4993336429957
v 587638.2932066162 7011906.184696826 791.2415568842403
v 587672.3108743856 7011927.421046297 788.1826532016041
v 587706.328542155 7011948.657395769 786.9206947395115
v 587740.3462099244 7011969.89374524 784.4288661213154
v 587774.3638776939 7011991.130094711 779.8870921607654
v 587808.3815454633 7012012.366444182 774.0568799651155
v 587843.3579701863 7012031.914268384 769.5586215414554
v 587879.0251837093 7012050.245502353 767.0852588654723
v 587914.6923972324 7012068.576736322 764.0447649311325
v 587950.3596107556 7012086.907970291 763.1238936718569
v 587986.0268242786 7012105.23920426 762.4139345392622
v 588021.6940378018 7012123.570438229 762.7437638374892
v 588057.3612513249 7012141.9016721975 763.6506651834586
v 588093.028464848 7012160.232906166 763.3145703353823
v 588128.6956783711 7012178.564140135 762.7758386592253
v 588164.3628918942 7012196.895374105 761.7653553162686
v 588200.0301054172 7012215.226608074 760.9722702552347
v 588235.6973189404 7012233.557842043 761.5603300899527
v 588271.3645324635 7012251.889076012 764.4484398137786
v 588307.0317459867 7012270.220309981 770.6690298636141
v 588342.6989595097 7012288.55154395 778.3590509982029
v 588378.3661730328 7012306.882777919 786.2492644099693
v 588414.033386556 7012325.214011888 793.3963306148534
v 588449.700600079 7012343.545245857 797.9916366634798
v 588485.3678136021 7012361.876479826 800.4363707769471
v 588521.0350271253 7012380.207713795 800.9722655706834
v 588556.7022406483 7012398.538947765 804.9909982632792
v 588590.7234067156 7012419.377829351 809.6128671453896
v 588621.7287173889 7012444.811173005 817.6854841523705
v 588652.7340280624 7012470.244516658 830.1476287964445
v 588683.7393387359 7012495.67786031 841.9037540117392
v 588714.7446494093 7012521.111203964 853.4025023755235
v 588745.7499600828 7012546.5445476165 861.462286605436
v 588776.7552707563 7012571.97789127 865.099087578153
v 588807.7605814297 7012597.411234923 867.9999999999999
v 588838.7658921032 7012622.844578575 868.0
v 588869.7712027767 7012648.277922229 868.0000000000001
v 588900.7765134502 7012673.711265882 868.0
v 588931.7818241236 7012699.144609535 868.9486200986502
v 588962.7871347971 7012724.577953188 870.5170159286762
v 588993.7924454706 7012750.01129684 872.0969858622138
v 589024.797756144 7012775.444640494 874.0177955667443
v 589055.8030668175 7012800.877984147 875.5382570877036
v 589086.808377491 7012826.3113278 876.560012095473
v 589119.203484182 7012849.655812727 876.5032860265464
v 589154.6401673984 7012868.428818399 876.660657939765
v 589190.0768506149 7012887.201824071 877.3454664294593
v 589225.5135338312 7012905.974829743 878.2420018637662
v 589260.9502170476 7012924.7478354145 880.8331552994626
v 589296.3869002641 7012943.520841086 885.7903757336687
v 589331.8235834804 7012962.293846758 890.7146510268564
v 589367.2602666969 7012981.066852429 895.1880461087488
v 589402.6969499133 7012999.839858101 898.0
v 589438.1336331298 7013018.612863773 898.0647972319153
v 589473.5703163461 7013037.385869444 900.1304508859491
v 589509.0069995626 7013056.158875116 901.7764733051413
v 589544.443682779 7013074.931880788 902.6475672139808
v 589579.8803659953 7013093.70488646 903.493202837248
v 589615.3170492118 7013112.477892132 903.4388116080861
v 589650.7537324282 7013131.250897803 903.3844203789199
v 589687.7573362896 7013146.400312094 903.4227523182958
v 589725.7072668958 7013159.361293011 903.7999396949399
v 589763.657197502 7013172.322273928 903.2134270123277
v 589801.607128108 7013185.283254844 901.4304636528901
v 589839.5570587142 7013198.2442357605 900.1642397004998
v 589877.5069893203 7013211.205216677 899.6678967547203
v 589915.4569199265 7013224.166197594 900.3985565049805
v 589953.4068505326 7013237.127178511 904.0916337201444
v 589991.3567811387 7013250.088159427 911.1538281421401
v 590029.3067117449 7013263.049140343 919.251580419382
v 590067.2566423509 7013276.01012126 926.5071219200054
v 590105.2065729571 7013288.971102177 931.9224048831306
v 590143.4489650998 7013300.1306440495 935.2077100667094
v 590183.5500930063 7013299.841161834 937.2606958436653
v 590223.6512209129 7013299.55167962 938.6703941451824
v 590263.7523488194 7013299.262197404 941.0744359036353
v 590303.853476726 7013298.972715189 943.1358401428762
v 590343.9546046326 7013298.683232973 943.8439990814959
v 590384.055732539 7013298.393750758 945.0401639306688
v 590424.1568604456 7013298.1042685425 945.3868903030797
v 590464.2579883522 7013297.814786327 946.2737499270443
v 590504.3591162587 7013297.525304112 946.9366347401942
v 590544.4602441653 7013297.235821896 948.1506077774627
v 590584.5613720719 7013296.946339681 948.4863005666407
v 590624.6624999783 7013296.656857465 949.437429918222
v 590661.2354126613 7013282.424539425 949.5293494731238
v 590696.6476539143 7013263.605468546 948.8592338030421
v 590732.0598951674 7013244.786397667 951.3044585355308
v 590767.4721364204 7013225.967326787 954.2794506821722
v 590802.8843776735 7013207.148255907 956.9676397982623
v 590838.2966189266 7013188.329185028 957.14880623363
v 590873.7088601796 7013169.510114148 956.4857335945565
v 590909.1211014326 7013150.691043269 955.3295115065282
v 590940.3060879629 7013126.707350011 954.7083714580581
v 590965.7529368012 7013095.7131224265 953.2877928613977
v 590991.1997856394 7013064.718894842 954.8961611161774
v 591016.6466344775 7013033.724667259 956.1515109381486
v 591042.0934833158 7013002.730439674 955.2274937270025
v 591067.540332154 7012971.736212091 952.627761658576
v 591092.9871809923 7012940.741984506 949.5712600823754
v 591118.4340298305 7012909.747756922 945.8270146109815
v 591134.2274753001 7012872.914380896 941.5613477290049
v 591149.8651612035 7012835.986789058 938.3430590822363
v 591165.502847107 7012799.059197221 936.3918815809878
v 591181.1405330105 7012762.131605383 933.5061813561945
v 591196.7782189139 7012725.204013546 933.0
v 591212.4159048174 7012688.276421708 933.0
v 591228.0535907209 7012651.348829871 932.7150467681647
v 591243.6912766244 7012614.421238033 931.1195770405011
v 591259.3289625279 7012577.493646196 930.6096111957354
v 591274.9666484314 7012540.566054358 930.5615315012988
v 591290.6043343348 7012503.638462521 930.8577069967685
v 591306.2420202383 7012466.710870683 930.1037710500165
v 591321.8797061418 7012429.783278846 929.4356578898437
v 591337.5173920452 7012392.855687008 929.0032623204942
v 591353.1550779488 7012355.928095171 927.6357831960487
v 591368.7927638523 7012319.000503333 926.7347121066906
v 591384.4304497557 7012282.072911496 925.6970675019426
v 591400.0681356592 7012245.145319658 924.4211954036393
v 591415.7058215627 7012208.217727821 923.1453233053638
v 591431.3435074661 7012171.290135983 922.9999999999999
v 591446.9811933697 7012134.362544146 923.0
v 591462.6188792732 7012097.434952308 923.0
v 591478.2565651766 7012060.507360471 923.0
v 591493.8942510801 7012023.5797686335 923.0
v 591509.5319369836 7011986.652176796 923.0
v 591525.169622887 7011949.7245849585 923.0
v 591540.8073087905 7011912.7969931215 923.0
v 591556.4449946941 7011875.869401284 920.3994052858593
v 591571.7028092341 7011838.794333553 914.6835607458136
v 591585.0785375742 7011800.988591255 907.5817626128262
v 591598.4542659143 7011763.182848957 900.7821453858279
v 591611.8299942543 7011725.377106659 896.0009003525548
v 591625.2057225944 7011687.571364361 891.8403398671346
v 591638.5814509344 7011649.765622063 889.0265152624218
v 591651.9571792744 7011611.959879765 886.6569382087312
v 591665.3329076145 7011574.154137467 884.5452294922562
v 591678.7086359545 7011536.348395169 882.4513312225357
v 591692.0843642947 7011498.5426528705 880.2364248776302
v 591705.4600926347 7011460.736910573 877.6875680290516
v 591718.8358209748 7011422.931168275 874.3312877924195
v 591732.2115493148 7011385.125425977 871.3874592662937
v 591745.5872776549 7011347.319683678 867.1022515000559
v 591758.9630059949 7011309.513941381 865.1469535084772
v 591772.338734335 7011271.708199083 864.0458485912542
v 591785.714462675 7011233.902456785 863.5738456440978
v 591799.0901910152 7011196.096714486 862.7054598579964
v 591812.4659193552 7011158.290972189 862.16667159719
v 591825.8416476953 7011120.485229891 860.801853070152
v 591840.5597559159 7011083.2760733 860.5304733904595
v 591859.6574236241 7011048.013297638 861.4841511548443
v 591878.7550913322 7011012.750521976 863.3804228489644
v 591897.8527590404 7010977.487746312 864.5996084672104
v 591916.9504267486 7010942.22497065 867.0000907192418
v 591936.0480944568 7010906.962194987 869.6616169463118
v 591955.145762165 7010871.699419324 872.7071640124304
v 591974.2434298731 7010836.436643662 873.9756357508147
v 591993.3410975813 7010801.173867999 876.1003100551992
v 592012.4387652895 7010765.911092336 877.861214266663
v 592031.5364329977 7010730.648316674 878.4218502171927
v 592050.6341007059 7010695.385541011 876.9148698019666
v 592069.731768414 7010660.122765348 875.4732698694822
v 592088.8294361222 7010624.859989685 873.7459411009299
v 592107.9271038304 7010589.597214023 873.9515575330324
v 592127.0247715386 7010554.33443836 873.0586984566701
v 592146.1224392467 7010519.071662697 871.5153306795123
v 592165.220106955 7010483.808887035 868.8795104848688
v 592184.3177746632 7010448.546111372 865.8733829566501
v 592203.4154423714 7010413.283335709 862.3848316606194
v 592214.0161627891 7010375.615153963 858.4691715180284
v 592216.2361958822 7010335.57447824 854.8514185087839
v 592218.4562289753 7010295.533802516 851.0339031361747
v 592220.6762620683 7010255.493126793 847.3389411347223
v 592222.8962951615 7010215.452451069 843.5767132811485
v 592225.1163282546 7010175.411775346 840.3511392960827
v 592227.3363613477 7010135.371099622 836.8701329543137
v 592229.5563944407 7010095.330423898 833.8305876703495
v 592231.7764275338 7010055.289748175 835.1657250373155
v 592233.996460627 7010015.249072451 837.6458668621403
v 592236.2164937201 7009975.208396728 840.3700504255705
v 592238.4365268131 7009935.167721004 840.9339241512656
v 592240.6565599062 7009895.127045281 831.6318629306028
v 592242.8765929993 7009855.086369557 816.6065156708748
v 592245.0966260924 7009815.045693834 795.7359196950777
v 592235.5606958279 7009794.336669827 775.5097588485312
v 592201.0303379952 7009814.728792014 768.4533385581694
v 592166.4999801624 7009835.1209142 762.466294339772
v 592131.9696223296 7009855.513036386 756.212345919206
v 592097.4392644968 7009875.905158573 751.069515693555
v 592062.908906664 7009896.29728076 745.4215394233346
v 592028.3785488313 7009916.689402946 739.6969198440186
v 591992.327925751 7009933.758323101 731.9335940837501
v 591954.3205993329 7009946.550015635 722.3900634731091
v 591916.313272915 7009959.341708169 716.4643866273623
v 591878.3059464969 7009972.133400703 713.1338661529172
v 591840.298620079 7009984.925093237 712.4016161699303
v 591802.2912936609 7009997.716785771 712.2330430394912
v 591764.2839672429 7010010.508478305 711.7485469318988
v 591726.2766408249 7010023.300170839 709.5965808875624
v 591688.2693144068 7010036.091863373 706.6647533040118
v 591650.2619879888 7010048.883555907 704.5017329168718
v 591612.2546615708 7010061.675248441 703.7827639231548
v 591574.2473351528 7010074.466940975 702.7603783442778
v 591536.2400087347 7010087.258633509 700.5606739342655
v 591498.2326823168 7010100.050326043 697.7828508994345
v 591460.2253558987 7010112.842018577 698.3897369157921
v 591422.2180294808 7010125.633711111 702.8024258743172
v 591384.2107030627 7010138.425403645 709.1947290242372
v 591346.2033766446 7010151.217096179 714.4860397681189
v 591308.1960502267 7010164.008788713 719.4022830261357
v 591270.1887238086 7010176.800481247 722.8635855305863
v 591232.1813973907 7010189.592173781 725.7262292748917
v 591194.284234314 7010202.68225868 726.8079035100403
v 591157.0828113259 7010217.65685006 728.2153804643648
v 591119.8813883379 7010232.63144144 729.0925282316825
v 591082.67996535 7010247.60603282 729.3450030789949
v 591045.4785423619 7010262.5806242 728.2263289761793
v 591008.2771193739 7010277.55521558 726.5712853098902
v 590971.0756963858 7010292.52980696 723.6677758948776
v 590933.8742733978 7010307.50439834 719.2605458071956
v 590896.6728504099 7010322.47898972 715.1822305332191
v 590859.4714274218 7010337.4535811 713.3498008763095
v 590822.2700044338 7010352.42817248 713.201013388916
v 590785.0685814458 7010367.40276386 711.4491439010014
v 590747.8671584578 7010382.37735524 714.5730134646469
v 590710.7859935614 7010397.617452199 719.8383888306649
v 590674.9942700115 7010415.704375228 723.5896273076812
v 590639.2025464616 7010433.791298257 728.6364128184966
v 590600.4359897387 7010440.188931357 729.1700292134605
v 590560.3524622776 7010441.411668292 727.4157500308164
v 590520.2689348166 7010442.634405226 720.4901185475765
v 590480.1854073555 7010443.857142161 713.2045723999547
v 590440.1018798945 7010445.079879095 708.9217248671464
v 590400.0183524335 7010446.302616029 708.6297374195649
v 590360.5275074472 7010439.436807696 707.4418193719919
v 590321.0503414932 7010432.384316818 705.136998228965
v 590281.5731755394 7010425.331825941 699.0908676990651
v 590242.0960095854 7010418.279335063 690.9365674575313
v 590202.6188436316 7010411.226844185 679.8860903073507
v 590163.1416776776 7010404.174353308 669.213834837585
v 590123.6645117238 7010397.12186243 661.4031002395108
v 590084.1873457698 7010390.069371552 657.1878063565039
v 590045.652576257 7010389.505224219 657.4447514510342
v 590009.8129627137 7010407.497065714 662.269592460801
v 589973.9733491703 7010425.48890721 670.9877866004084
v 589938.1337356269 7010443.480748705 684.459408285172
v 589902.2941220836 7010461.4725902 700.7083182913116
v 589866.4545085403 7010479.464431696 716.4394460371252
v 589830.614894997 7010497.456273191 728.9603310406869
v 589794.7752814536 7010515.448114686 741.0616916186141
v 589758.9356679103 7010533.439956182 752.054805897208
v 589723.0960543669 7010551.431797677 761.6383353535517
v 589687.3385638305 7010569.567646106 770.6930369087894
v 589653.6044963115 7010591.251671284 779.4973800912544
v 589619.8704287927 7010612.935696463 787.4498803073167
v 589586.1363612737 7010634.619721642 794.1875650439822
v 589552.4022937547 7010656.303746821 800.2633446886816
v 589518.6682262359 7010677.987772 804.4402862944014
v 589484.9341587169 7010699.671797179 806.7630615931431
v 589451.200091198 7010721.355822357 804.4109656217682
v 589417.4660236791 7010743.039847537 799.2751087850696
v 589383.7319561602 7010764.723872716 788.9905926356694
v 589349.9978886412 7010786.407897894 774.4663290092496
v 589316.2638211222 7010808.091923073 762.5931923738451
v 589282.5297536034 7010829.7759482525 750.2662507334207
v 589250.3374317618 7010853.45221334 743.9545910936646
v 589220.8838940457 7010880.667528429 740.8037168323672
v 589191.4303563298 7010907.882843517 737.8674020318077
v 589161.9768186137 7010935.098158604 735.0078141930343
v 589132.5232808978 7010962.313473693 732.9468535475067
v 589103.0697431817 7010989.528788781 730.316509072913
v 589073.0034307877 7011016.011349164 727.9746886871739
v 589041.006217452 7011040.184942154 725.060556735841
v 589009.0705348898 7011064.427907828 723.19723337749
v 588981.2498817611 7011093.310350918 730.1266460612326
v 588953.4292286325 7011122.192794008 734.1871733735468
v 588925.6085755038 7011151.075237097 744.4016278423479
v 588897.7879223751 7011179.957680187 755.9964371152828
v 588864.008706629 7011201.403411197 761.3139224769583
v 588829.7551200301 7011222.2570934715 763.3509629921575
v 588795.5015334312 7011243.110775746 764.8628971960857
v 588761.2479468322 7011263.964458022 764.1564367016636
v 588726.9943602333 7011284.818140297 762.5101021770236
v 588692.1609962007 7011304.559823207 759.1060834376971
v 588655.4522987357 7011320.704661073 751.687831141842
v 588618.7436012706 7011336.849498941 748.0992313525751
v 588582.0349038055 7011352.994336807 745.0769799367608
v 588545.3262063403 7011369.139174674 739.6051629561559
v 588508.6175088752 7011385.284012541 735.4333965640826
v 588472.6050982932 7011402.863708699 734.5715482641192
v 588437.2071799425 7011421.70970657 736.7842297038728
v 588401.8092615919 7011440.555704442 742.2447166046459
v 588366.4113432412 7011459.401702313 747.0265203269031
v 588330.8853666235 7011477.998145842 752.8840378399946
v 588294.9337035272 7011495.765030204 756.123404500988
v 588258.9820404309 7011513.531914567 760.8525399788816
v 588222.269485409 7011528.474433985 763.9275945109766
v 588182.2581576873 7011531.172194774 758.1142602327395
v 588142.2468299656 7011533.869955564 753.8009339352632
v 588102.2355022439 7011536.567716354 749.0443295593773
v 588062.2241745222 7011539.265477143 743.7508973269165
v 588022.1432647415 7011540.092511779 738.2294852627607
v 587982.0420838093 7011540.3745528655 735.7150603197039
v 587941.9410826192 7011540.621401606 734.0330971555742
v 587901.8448746996 7011539.929758782 732.1575365545497
v 587861.74866678 7011539.238115957 728.5361410061967
v 587821.6524588603 7011538.546473132 722.9417925934295
v 587781.5562509407 7011537.854830308 717.7835595883761
v 587741.4600430211 7011537.163187483 712.4211647427212
v 587701.3610555733 7011537.014252102 708.1862332976864
v 587661.259866661 7011537.295156278 703.710116236007
v 587621.1586777489 7011537.5760604525 700.1776324504017
v 587581.0574888366 7011537.856964628 698.0276159192758
v 587542.4359913993 7011544.679264717 699.8029394293867
v 587506.1179647662 7011561.684710927 706.6688967889344
v 587474.4238055457 7011582.334367264 712.7863337231768
v 587466.3764844364 7011621.620813811 731.6514097637006
v 587458.3291633272 7011660.907260358 750.0663137537463
v 587450.281842218 7011700.1937069055 766.4143658963686
v 587442.2345211088 7011739.480153453 775.2917887526858
v 584495.1848999998 7005734.9552 767.9002827888994
v 584520.4844655868 7005703.741332976 769.8832457366426
v 584545.7840311739 7005672.527465953 773.0153410671735
v 584571.083596761 7005641.313598928 776.5741927364669
v 584596.3831623481 7005610.099731904 780.9006245332014
v 584621.6827279351 7005578.885864881 785.3677429353828
v 584646.9822935222 7005547.671997857 790.7119495960155
v 584672.2818591092 7005516.458130834 797.177020630983
v 584697.5814246963 7005485.244263809 803.9545214445678
v 584722.8809902833 7005454.030396786 810.3860469562712
v 584748.1805558704 7005422.816529762 816.4176345166522
v 584773.4801214575 7005391.602662738 823.1007082296685
v 584798.7796870446 7005360.388795714 829.3420888096308
v 584824.0792526316 7005329.17492869 833.9820744739235
v 584849.3788182187 7005297.961061667 837.947719433153
v 584874.6783838058 7005266.747194643 840.3444751006728
v 584899.9779493929 7005235.53332762 842.5608545657535
v 584930.9398494496 7005210.777181613 840.8228720160558
v 584965.1923716501 7005189.773890529 842.7818132384524
v 584999.4448938506 7005168.770599444 844.2165816022915
v 585033.697416051 7005147.76730836 846.5599819723802
v 585067.9499382516 7005126.764017276 849.3202617646189
v 585102.2024604521 7005105.760726191 854.9163144343729
v 585136.4549826526 7005084.757435107 857.7274953421387
v 585170.707504853 7005063.754144022 860.0
v 585204.9600270536 7005042.750852938 860.0
v 585239.2125492541 7005021.747561853 860.0
v 585273.4650714545 7005000.744270769 860.0
v 585307.7175936551 7004979.7409796845 860.0
v 585341.9701158556 7004958.7376886 859.978092235242
v 585376.222638056 7004937.734397516 858.3051243340518
v 585410.4751602565 7004916.731106431 859.532361902682
v 585444.7276824571 7004895.727815347 859.1334286587917
v 585478.2966445789 7004873.673101496 856.5556839028683
v 585511.3927771855 7004850.891101585 858.5117931994257
v 585544.4889097923 7004828.109101674 855.2275978710029
v 585577.585042399 7004805.327101762 855.42339042969
v 585610.6811750056 7004782.545101851 856.4403024504771
v 585643.7773076124 7004759.76310194 854.0010628110381
v 585676.8734402191 7004736.981102029 851.0172789785097
v 585709.9695728257 7004714.199102118 845.1284712415849
v 585743.0657054324 7004691.4171022065 839.2424036443722
v 585776.1618380392 7004668.635102295 834.980848711828
v 585809.2579706458 7004645.853102384 833.3918693993078
v 585842.3541032525 7004623.071102473 833.8242580139555
v 585875.4502358593 7004600.289102562 832.5096005386994
v 585908.5463684659 7004577.507102651 826.9143093851047
v 585941.6425010726 7004554.725102739 819.6185615907063
v 585974.7386336793 7004531.943102828 811.4356426367927
v 586007.834766286 7004509.161102917 805.1123233603123
v 586040.9308988927 7004486.379103006 799.9337970840259
v 586074.0270314994 7004463.597103095 796.512520791521
v 586107.123164106 7004440.815103184 791.8939137266526
v 586140.2192967128 7004418.033103273 784.7025257951086
v 586173.3154293195 7004395.251103362 776.994139696084
v 586206.4115619261 7004372.469103451 768.9058940258294
v 586239.5076945329 7004349.68710354 761.5251676758985
v 586272.6038271396 7004326.9051036285 756.9226886744776
v 586296.2151480158 7004296.876482146 754.4122333646451
v 586309.497145218 7004258.956011899 751.8573382477434
v 586322.7791424203 7004221.035541651 747.956966970848
v 586336.0611396225 7004183.115071404 743.7382968975071
v 586349.3431368248 7004145.194601156 736.4684675628514
v 586362.625134027 7004107.274130909 728.188869209491
v 586331.4215091106 7004083.130211565 718.7954259739652
v 586299.0327340297 7004059.35331601 709.6350269361284
v 586266.6439589488 7004035.576420455 701.9354008783979
v 586234.2551838679 7004011.7995249005 696.428568987629
v 586201.866408787 7003988.022629345 694.6983452011452
v 586169.4776337061 7003964.24573379 693.8989246506662
v 586137.0888586252 7003940.468838235 694.5068675249403
v 586104.7000835442 7003916.691942681 696.0967393951432
v 586072.3113084633 7003892.915047125 699.7921892356287
v 586040.3288802258 7003868.620122518 704.0074470673503
v 586009.5223900444 7003842.82605971 707.3358894539385
v 585978.7158998629 7003817.031996901 708.7672908881542
v 585947.9094096816 7003791.237934093 708.112636634889
v 585917.1029195001 7003765.443871284 706.6827352427042
v 585886.2964293187 7003739.649808476 705.3419278957388
v 585854.5805886488 7003715.257309794 704.3701677591619
v 585818.4716105015 7003697.635868008 703.9761924321418
v 585782.3626323543 7003680.014426221 702.6487474294356
v 585746.2536542069 7003662.392984435 700.9498916491242
v 585710.1446760596 7003644.771542649 700.238262406019
v 585674.0356979123 7003627.150100863 699.7419825468833
v 585637.9267197651 7003609.5286590755 701.0537859122179
v 585601.8177416177 7003591.907217289 703.2210175110139
v 585563.5683779593 7003580.284766467 705.0
v 585524.4601866425 7003571.069405085 705.6766428983333
v 585485.3519953256 7003561.8540437035 708.4440213249004
v 585446.2438040088 7003552.638682322 710.0
v 585407.135612692 7003543.42332094 710.0
v 585368.0274213752 7003534.207959558 710.7070831743439
v 585328.9192300583 7003524.992598176 713.0768946190233
v 585289.8110387415 7003515.777236794 715.9918956027653
v 585250.7028474247 7003506.561875412 717.7257416510074
v 585210.6011671561 7003505.442819897 718.5561842170076
v 585170.4251815868 7003504.929305532 718.8185083298669
v 585130.2491960174 7003504.415791168 719.0808324427747
v 585090.073210448 7003503.902276803 720.0
v 585049.8972248787 7003503.388762439 720.6584851411826
v 585009.7212393092 7003502.875248074 721.7740667605049
v 584969.5452537398 7003502.361733709 724.0323963738579
v 584929.3692681704 7003501.848219344 727.3127160384361
v 584889.1932826011 7003501.334704979 727.9783825163499
v 584849.0172970317 7003500.821190615 728.8352753913084
v 584808.9386658457 7003502.155740032 729.3590047664991
v 584769.0390004083 7003506.887569642 728.6853935527681
v 584729.1393349707 7003511.6193992505 728.344590521789
v 584689.2396695333 7003516.35122886 726.7198613943746
v 584649.3400040958 7003521.083058469 724.7947157117852
v 584609.4403386584 7003525.814888079 721.9565251130489
v 584569.5406732209 7003530.5467176875 719.101724684171
v 584529.6410077835 7003535.278547297 716.3917869810268
v 584489.7413423461 7003540.010376907 713.8819121674032
v 584449.8416769085 7003544.742206516 711.3421305546535
v 584409.9420114711 7003549.4740361255 709.3691269585008
v 584370.0423460336 7003554.205865734 708.5468480428303
v 584330.1426805962 7003558.937695344 707.1837214733586
v 584291.3612358815 7003567.411296846 705.4590008714588
v 584255.4078200386 7003585.348002304 703.7407059293115
v 584219.4544041957 7003603.284707763 702.362010526275
v 584183.5009883528 7003621.221413221 702.5530198724258
v 584147.54757251 7003639.15811868 703.2388367459108
v 584111.594156667 7003657.094824138 705.3551297621808
v 584075.6407408242 7003675.031529596 706.9809499748549
v 584039.6873249813 7003692.968235055 708.4884801546801
v 584003.7339091384 7003710.904940513 707.2520804151193
v 583985.9899526766 7003744.97558642 705.9286852497822
v 583972.5136153864 7003782.827427151 704.0955254076171
v 583959.0372780963 7003820.679267881 701.0680373011865
v 583945.5609408063 7003858.531108612 697.8703268579372
v 583932.0846035162 7003896.382949343 695.0
v 583918.608266226 7003934.234790074 695.0
v 583905.1319289359 7003972.086630804 695.0000000000001
v 583900.488046938 7004011.660032716 695.9826539036537
v 583898.7623264986 7004051.802222522 700.2615985507945
v 583897.0366060593 7004091.944412328 704.7071369181472
v 583895.31088562 7004132.086602135 709.8200658828314
v 583893.5851651806 7004172.228791941 715.5007380440609
v 583891.8594447414 7004212.370981747 721.5253446503775
v 583890.133724302 7004252.513171553 726.4410120071899
v 583888.4080038627 7004292.655361359 730.5376296129505
v 583886.6822834234 7004332.797551165 732.7973121434387
v 583884.956562984 7004372.939740972 735.1522253930704
v 583883.2308425447 7004413.081930778 736.8976063014661
v 583887.944019153 7004452.540529871 740.1171295536765
v 583898.0597288086 7004491.425564675 742.4835074277701
v 583908.1754384642 7004530.310599478 743.9563668105905
v 583918.2911481197 7004569.19563428 745.4677779747276
v 583928.4068577753 7004608.080669084 746.6881485713852
v 583938.5225674309 7004646.965703887 749.6657474027455
v 583948.6382770864 7004685.85073869 753.7543072118411
v 583958.753986742 7004724.735773493 758.7203299264099
v 583968.8696963976 7004763.620808296 762.9165644623477
v 583978.9854060531 7004802.505843099 765.2435279963545
v 583989.6774262117 7004841.234474914 765.0748216908016
v 584000.6074983807 7004879.898502586 765.1055551940689
v 584011.5375705499 7004918.562530259 764.9628787383123
v 584022.467642719 7004957.226557931 765.0016371505408
v 584033.3977148881 7004995.890585603 765.8705182587908
v 584044.3277870573 7005034.554613275 767.0434838133928
v 584055.2578592264 7005073.218640949 768.5037642315973
v 584066.1879313956 7005111.882668621 770.5745460902685
v 584079.9040677218 7005149.394018156 772.9523751691381
v 584099.4859714282 7005184.478524148 775.038129779892
v 584119.0678751345 7005219.5630301405 777.436665027717
v 584138.649778841 7005254.6475361325 778.8806159515353
v 584158.2316825473 7005289.7320421245 780.486448626618
v 584177.8135862537 7005324.8165481165 781.4188659646618
v 584197.39548996 7005359.901054109 781.6945121652504
v 584216.9773936664 7005394.985560101 784.5644774773803
v 584236.5592973727 7005430.0700660935 788.3317257302176
v 584256.1412010791 7005465.1545720855 794.5289553024204
v 584275.7231047854 7005500.2390780775 800.8638249576436
v 584302.5681862122 7005530.008612495 803.6959388663798
v 584330.0848596104 7005559.286696424 803.4800605306845
v 584357.6015330086 7005588.564780354 800.8204991048025
v 584385.1182064068 7005617.842864282 795.464442463855
v 584412.634879805 7005647.120948212 787.6617896334559
v 584440.1515532034 7005676.399032141 780.5143512718073
v 584467.6682266016 7005705.677116071 774.2014539592319
v 584495.1848999998 7005734.9552 740.9002827888994
v 584520.4844655868 7005703.741332976 742.8832457366426
v 584545.7840311739 7005672.527465953 746.0153410671735
v 584571.083596761 7005641.313598928 749.5741927364669
v 584596.3831623481 7005610.099731904 753.9006245332014
v 584621.6827279351 7005578.885864881 758.3677429353828
v 584646.9822935222 7005547.671997857 763.7119495960155
v 584672.2818591092 7005516.458130834 770.177020630983
v 584697.5814246963 7005485.244263809 776.9545214445678
v 584722.8809902833 7005454.030396786 783.3860469562712
v 584748.1805558704 7005422.816529762 789.4176345166522
v 584773.4801214575 7005391.602662738 796.1007082296685
v 584798.7796870446 7005360.388795714 802.3420888096308
v 584824.0792526316 7005329.17492869 806.9820744739235
v 584849.3788182187 7005297.961061667 810.947719433153
v 584874.6783838058 7005266.747194643 813.3444751006728
v 584899.9779493929 7005235.53332762 815.5608545657535
v 584930.9398494496 7005210.777181613 813.8228720160558
v 584965.1923716501 7005189.773890529 815.7818132384524
v 584999.4448938506 7005168.770599444 817.2165816022915
v 585033.697416051 7005147.76730836 819.5599819723802
v 585067.9499382516 7005126.764017276 822.3202617646189
v 585102.2024604521 7005105.760726191 827.9163144343729
v 585136.4549826526 7005084.757435107 830.7274953421387
v 585170.707504853 7005063.754144022 833.0
v 585204.9600270536 7005042.750852938 833.0
v 585239.2125492541 7005021.747561853 833.0
v 585273.4650714545 7005000.744270769 833.0
v 585307.7175936551 7004979.7409796845 833.0
v 585341.9701158556 7004958.7376886 832.978092235242
v 585376.222638056 7004937.734397516 831.3051243340518
v 585410.4751602565 7004916.731106431 832.532361902682
v 585444.7276824571 7004895.727815347 832.1334286587917
v 585478.2966445789 7004873.673101496 829.5556839028683
v 585511.3927771855 7004850.891101585 831.5117931994257
v 585544.4889097923 7004828.109101674 828.2275978710029
v 585577.585042399 7004805.327101762 828.42339042969
v 585610.6811750056 7004782.545101851 829.4403024504771
v 585643.7773076124 7004759.76310194 827.0010628110381
v 585676.8734402191 7004736.981102029 824.0172789785097
v 585709.9695728257 7004714.199102118 818.1284712415849
v 585743.0657054324 7004691.4171022065 812.2424036443722
v 585776.1618380392 7004668.635102295 807.980848711828
v 585809.2579706458 7004645.853102384 806.3918693993078
v 585842.3541032525 7004623.071102473 806.8242580139555
v 585875.4502358593 7004600.289102562 805.5096005386994
v 585908.5463684659 7004577.507102651 799.9143093851047
v 585941.6425010726 7004554.725102739 792.6185615907063
v 585974.7386336793 7004531.943102828 784.4356426367927
v 586007.834766286 7004509.161102917 778.1123233603123
v 586040.9308988927 7004486.379103006 772.9337970840259
v 586074.0270314994 7004463.597103095 769.512520791521
v 586107.123164106 7004440.815103184 764.8939137266526
v 586140.2192967128 7004418.033103273 757.7025257951086
v 586173.3154293195 7004395.251103362 749.994139696084
v 586206.4115619261 7004372.469103451 741.9058940258294
v 586239.5076945329 7004349.68710354 734.5251676758985
v 586272.6038271396 7004326.9051036285 729.9226886744776
v 586296.2151480158 7004296.876482146 727.4122333646451
v 586309.497145218 7004258.956011899 724.8573382477434
v 586322.7791424203 7004221.035541651 720.956966970848
v 586336.0611396225 7004183.115071404 716.7382968975071
v 586349.3431368248 7004145.194601156 709.4684675628514
v 586362.625134027 7004107.274130909 701.188869209491
v 586331.4215091106 7004083.130211565 691.7954259739652
v 586299.0327340297 7004059.35331601 682.6350269361284
v 586266.6439589488 7004035.576420455 674.9354008783979
v 586234.2551838679 7004011.7995249005 669.428568987629
v 586201.866408787 7003988.022629345 667.6983452011452
v 586169.4776337061 7003964.24573379 666.8989246506662
v 586137.0888586252 7003940.468838235 667.5068675249403
v 586104.7000835442 7003916.691942681 669.0967393951432
v 586072.3113084633 7003892.915047125 672.7921892356287
v 586040.3288802258 7003868.620122518 677.0074470673503
v 586009.5223900444 7003842.82605971 680.3358894539385
v 585978.7158998629 7003817.031996901 681.7672908881542
v 585947.9094096816 7003791.237934093 681.112636634889
v 585917.1029195001 7003765.443871284 679.6827352427042
v 585886.2964293187 7003739.649808476 678.3419278957388
v 585854.5805886488 7003715.257309794 677.3701677591619
v 585818.4716105015 7003697.635868008 676.9761924321418
v 585782.3626323543 7003680.014426221 675.6487474294356
v 585746.2536542069 7003662.392984435 673.9498916491242
v 585710.1446760596 7003644.771542649 673.238262406019
v 585674.0356979123 7003627.150100863 672.7419825468833
v 585637.9267197651 7003609.5286590755 674.0537859122179
v 585601.8177416177 7003591.907217289 676.2210175110139
v 585563.5683779593 7003580.284766467 678.0
v 585524.4601866425 7003571.069405085 678.6766428983333
v 585485.3519953256 7003561.8540437035 681.4440213249004
v 585446.2438040088 7003552.638682322 683.0
v 585407.135612692 7003543.42332094 683.0
v 585368.0274213752 7003534.207959558 683.7070831743439
v 585328.9192300583 7003524.992598176 686.0768946190233
v 585289.8110387415 7003515.777236794 688.9918956027653
v 585250.7028474247 7003506.561875412 690.7257416510074
v 585210.6011671561 7003505.442819897 691.5561842170076
v 585170.4251815868 7003504.929305532 691.8185083298669
v 585130.2491960174 7003504.415791168 692.0808324427747
v 585090.073210448 7003503.902276803 693.0
v 585049.8972248787 7003503.388762439 693.6584851411826
v 585009.7212393092 7003502.875248074 694.7740667605049
v 584969.5452537398 7003502.361733709 697.0323963738579
v 584929.3692681704 7003501.848219344 700.3127160384361
v 584889.1932826011 7003501.334704979 700.9783825163499
v 584849.0172970317 7003500.821190615 701.8352753913084
v 584808.9386658457 7003502.155740032 702.3590047664991
v 584769.0390004083 7003506.887569642 701.6853935527681
v 584729.1393349707 7003511.6193992505 701.344590521789
v 584689.2396695333 7003516.35122886 699.7198613943746
v 584649.3400040958 7003521.083058469 697.7947157117852
v 584609.4403386584 7003525.814888079 694.9565251130489
v 584569.5406732209 7003530.5467176875 692.101724684171
v 584529.6410077835 7003535.278547297 689.3917869810268
v 584489.7413423461 7003540.010376907 686.8819121674032
v 584449.8416769085 7003544.742206516 684.3421305546535
v 584409.9420114711 7003549.4740361255 682.3691269585008
v 584370.0423460336 7003554.205865734 681.5468480428303
v 584330.1426805962 7003558.937695344 680.1837214733586
v 584291.3612358815 7003567.411296846 678.4590008714588
v 584255.4078200386 7003585.348002304 676.7407059293115
v 584219.4544041957 7003603.284707763 675.362010526275
v 584183.5009883528 7003621.221413221 675.5530198724258
v 584147.54757251 7003639.15811868 676.2388367459108
v 584111.594156667 7003657.094824138 678.3551297621808
v 584075.6407408242 7003675.031529596 679.9809499748549
v 584039.6873249813 7003692.968235055 681.4884801546801
v 584003.7339091384 7003710.904940513 680.2520804151193
v 583985.9899526766 7003744.97558642 678.9286852497822
v 583972.5136153864 7003782.827427151 677.0955254076171
v 583959.0372780963 7003820.679267881 674.0680373011865
v 583945.5609408063 7003858.531108612 670.8703268579372
v 583932.0846035162 7003896.382949343 668.0
v 583918.608266226 7003934.234790074 668.0
v 583905.1319289359 7003972.086630804 668.0000000000001
v 583900.488046938 7004011.660032716 668.9826539036537
v 583898.7623264986 7004051.802222522 673.2615985507945
v 583897.0366060593 7004091.944412328 677.7071369181472
v 583895.31088562 7004132.086602135 682.8200658828314
v 583893.5851651806 7004172.228791941 688.5007380440609
v 583891.8594447414 7004212.370981747 694.5253446503775
v 583890.133724302 7004252.513171553 699.4410120071899
v 583888.4080038627 7004292.655361359 703.5376296129505
v 583886.6822834234 7004332.797551165 705.7973121434387
v 583884.956562984 7004372.939740972 708.1522253930704
v 583883.2308425447 7004413.081930778 709.8976063014661
v 583887.944019153 7004452.540529871 713.1171295536765
v 583898.0597288086 7004491.425564675 715.4835074277701
v 583908.1754384642 7004530.310599478 716.9563668105905
v 583918.2911481197 7004569.19563428 718.4677779747276
v 583928.4068577753 7004608.080669084 719.6881485713852
v 583938.5225674309 7004646.965703887 722.6657474027455
v 583948.6382770864 7004685.85073869 726.7543072118411
v 583958.753986742 7004724.735773493 731.7203299264099
v 583968.8696963976 7004763.620808296 735.9165644623477
v 583978.9854060531 7004802.505843099 738.2435279963545
v 583989.6774262117 7004841.234474914 738.0748216908016
v 584000.6074983807 7004879.898502586 738.1055551940689
v 584011.5375705499 7004918.562530259 737.9628787383123
v 584022.467642719 7004957.226557931 738.0016371505408
v 584033.3977148881 7004995.890585603 738.8705182587908
v 584044.3277870573 7005034.554613275 740.0434838133928
v 584055.2578592264 7005073.218640949 741.5037642315973
v 584066.1879313956 7005111.882668621 743.5745460902685
v 584079.9040677218 7005149.394018156 745.9523751691381
v 584099.4859714282 7005184.478524148 748.038129779892
v 584119.0678751345 7005219.5630301405 750.436665027717
v 584138.649778841 7005254.6475361325 751.8806159515353
v 584158.2316825473 7005289.7320421245 753.486448626618
v 584177.8135862537 7005324.8165481165 754.4188659646618
v 584197.39548996 7005359.901054109 754.6945121652504
v 584216.9773936664 7005394.985560101 757.5644774773803
v 584236.5592973727 7005430.0700660935 761.3317257302176
v 584256.1412010791 7005465.1545720855 767.5289553024204
v 584275.7231047854 7005500.2390780775 773.8638249576436
v 584302.5681862122 7005530.008612495 776.6959388663798
v 584330.0848596104 7005559.286696424 776.4800605306845
v 584357.6015330086 7005588.564780354 773.8204991048025
v 584385.1182064068 7005617.842864282 768.464442463855
v 584412.634879805 7005647.120948212 760.6617896334559
v 584440.1515532034 7005676.399032141 753.5143512718073
v 584467.6682266016 7005705.677116071 747.2014539592319
v 590723.5329999998 7018047.2752 963.3377498576735
v 590763.2340816365 7018052.299106294 964.8841496949793
v 590802.9351632732 7018057.3230125895 965.9289325884471
v 590842.63624491 7018062.346918884 962.5459896247619
v 590882.3373265467 7018067.370825179 958.5855061391283
v 590922.0384081834 7018072.394731473 955.576237242072
v 590961.7394898202 7018077.418637768 953.1379258342786
v 591001.4405714569 7018082.442544063 950.9154861071872
v 591039.9168795245 7018075.702807288 944.6723428580519
v 591077.7315632678 7018062.608334752 928.9929618480768
v 591115.546247011 7018049.513862217 903.8216236786175
v 591153.3609307543 7018036.419389682 871.9437192343069
v 591191.1756144977 7018023.324917146 840.3431600606159
v 591228.990298241 7018010.230444611 812.3236778744401
v 591266.8049819843 7017997.135972076 792.5102569660663
v 591304.6196657276 7017984.04149954 774.4874722265158
v 591342.4343494709 7017970.947027005 761.4666353267669
v 591380.2490332143 7017957.85255447 748.8999310140603
v 591415.713785494 7017940.0780769475 739.6143741283756
v 591448.8020272946 7017917.570661011 735.1725942048026
v 591481.8902690953 7017895.063245075 733.6293411588558
v 591514.978510896 7017872.555829139 737.092295369579
v 591548.0667526966 7017850.048413203 741.7689889682665
v 591581.1549944973 7017827.540997267 747.938989664802
v 591614.243236298 7017805.03358133 758.8023687790835
v 591647.3314780986 7017782.526165394 766.878252520952
v 591680.4197198993 7017760.018749458 781.3163714314628
v 591713.5079617 7017737.511333521 804.4082106404048
v 591746.5962035006 7017715.003917586 839.5576568002392
v 591779.6844453013 7017692.49650165 880.3146173820533
v 591812.772687102 7017669.989085713 919.1755418333314
v 591845.8609289026 7017647.481669777 948.7265146954801
v 591878.9491707033 7017624.974253841 962.76103383657
v 591912.0374125039 7017602.466837904 969.5620339561308
v 591945.1256543045 7017579.959421969 970.1598952044042
v 591978.2138961052 7017557.452006033 972.8586499520577
v 592011.3021379058 7017534.944590096 976.258991227618
v 592044.3903797065 7017512.43717416 979.1722897769152
v 592077.4786215072 7017489.929758224 981.2714085373525
v 592110.5668633078 7017467.422342287 983.5882451962053
v 592143.6551051085 7017444.914926351 985.0
v 592176.7433469092 7017422.407510416 985.0
v 592209.8315887098 7017399.900094479 985.0
v 592229.604673624 7017365.367182555 985.0000000000001
v 592248.636581518 7017330.1648815 985.0
v 592267.6684894119 7017294.962580447 985.116516619335
v 592286.7003973058 7017259.760279393 987.3815889099214
v 592305.7323051997 7017224.557978339 989.6405120870529
v 592324.7642130937 7017189.355677284 993.2378221901117
v 592343.7961209876 7017154.153376231 995.849104538913
v 592362.8280288816 7017118.951075177 997.2049857359896
v 592381.8599367755 7017083.748774122 998.4349677654903
v 592400.8918446694 7017048.546473068 999.6649497949887
v 592419.9237525633 7017013.344172014 999.9273401343436
v 592438.9556604573 7016978.141870961 997.1887673279213
v 592457.9875683512 7016942.939569906 995.5166968622339
v 592477.0194762452 7016907.737268852 991.2751764104798
v 592496.0513841391 7016872.534967798 983.0530339749605
v 592515.083292033 7016837.3326667445 973.4733114128346
v 592534.1151999269 7016802.13036569 962.408807171184
v 592553.1471078208 7016766.928064636 950.9136859108453
v 592572.1790157148 7016731.725763582 940.597784385482
v 592591.2109236087 7016696.523462527 932.5673976558958
v 592610.2428315027 7016661.321161474 928.456780423066
v 592613.1548878072 7016622.335153524 931.4317395684598
v 592611.7732745617 7016582.341320719 939.1287526766357
v 592610.3916613164 7016542.347487913 946.7941158216126
v 592609.0100480709 7016502.353655109 953.8350251786778
v 592607.6284348255 7016462.359822304 958.0050843798834
v 592606.2468215801 7016422.3659895 961.4816974932165
v 592604.8652083346 7016382.3721566945 966.2664699194218
v 592603.4835950892 7016342.378323889 975.0366301823954
v 592602.1019818438 7016302.384491085 984.3690006114061
v 592600.7203685984 7016262.39065828 988.2056585027767
v 592597.2992047576 7016224.150610216 988.3305492932014
v 592557.9637424634 7016216.7928304095 992.6043557201358
v 592518.6282801692 7016209.435050602 997.1811726003941
v 592479.292817875 7016202.077270796 1002.9726961866219
v 592439.9573555808 7016194.719490989 1008.1460500048302
v 592400.6218932866 7016187.361711182 1011.136700736745
v 592361.2864309924 7016180.003931375 1011.8477920334392
v 592321.9509686982 7016172.646151568 1010.4862327482615
v 592282.615506404 7016165.288371761 1009.9485054051743
v 592243.2800441098 7016157.930591955 1008.34123431511
v 592203.9445818156 7016150.572812147 1006.5979157345729
v 592164.6091195215 7016143.215032341 1004.1721862585289
v 592125.2736572273 7016135.8572525345 1002.7211883798153
v 592085.938194933 7016128.499472727 999.8713120565099
v 592046.6027326388 7016121.141692921 995.954300586357
v 592007.2672703447 7016113.783913114 992.3178471393389
v 591967.9318080505 7016106.426133307 990.7088223178362
v 591928.5963457562 7016099.0683535 988.2331722404322
v 591889.260883462 7016091.710573694 985.0290637506284
v 591849.9254211679 7016084.352793886 984.9093516112213
v 591810.5899588737 7016076.99501408 987.1780072791809
v 591771.2544965795 7016069.637234273 990.3906296526415
v 591731.9190342852 7016062.279454466 996.4668558389229
v 591692.5835719911 7016054.9216746595 995.8472239371123
v 591653.2481096969 7016047.563894852 995.2275920352258
v 591613.9126474027 7016040.206115046 989.1919375943829
v 591575.1519972412 7016030.520487021 985.651122756494
v 591536.9128540241 7016018.722883721 982.3836932044233
v 591498.6737108069 7016006.925280422 982.697436198438
v 591460.4345675898 7015995.127677123 981.2027783810503
v 591422.1954243727 7015983.330073824 980.0
v 591383.9562811556 7015971.532470524 979.0870848762892
v 591345.7171379385 7015959.734867225 974.8247599107234
v 591307.4779947214 7015947.9372639265 971.1107839174214
v 591269.2388515042 7015936.139660628 970.0003314010953
v 591230.9997082871 7015924.342057328 967.7970122653476
v 591192.76056507 7015912.544454029 967.4550397649956
v 591154.5214218529 7015900.74685073 968.4463903317805
v 591116.2822786358 7015888.949247431 970.1872511444085
v 591078.0431354186 7015877.151644131 968.3172106870866
v 591039.8039922015 7015865.354040832 967.942725342539
v 591001.5648489844 7015853.556437533 965.8907033318698
v 590963.3257057673 7015841.758834234 965.1157704571883
v 590925.0865625502 7015829.961230935 963.8760602406709
v 590886.847419333 7015818.163627636 965.1257280986999
v 590848.6082761158 7015806.366024337 963.578288397564
v 590810.2892404139 7015794.997727168 960.0746318828051
v 590770.3660248878 7015792.249567849 959.721351644091
v 590730.4428093617 7015789.5014085295 960.4272276921729
v 590690.5195938357 7015786.75324921 960.7811187362314
v 590650.5963783097 7015784.005089891 965.9564274391923
v 590610.6731627836 7015781.256930571 973.4621799923746
v 590570.7499472576 7015778.508771252 978.6765967389724
v 590530.8267317315 7015775.760611933 980.0
v 590490.9035162055 7015773.012452614 979.6642658347089
v 590450.9803006795 7015770.264293294 976.9267145669779
v 590411.0570851534 7015767.516133975 971.957624558896
v 590371.1338696274 7015764.767974656 968.0050263594
v 590331.2106541013 7015762.019815336 963.869714593241
v 590297.2608918595 7015767.220424992 961.3607011261398
v 590288.795356902 7015806.332446615 961.7344709714486
v 590280.3298219444 7015845.444468239 961.8617887000325
v 590271.8642869868 7015884.5564898625 961.9476931370148
v 590263.3987520292 7015923.668511486 962.6994267483476
v 590254.9332170716 7015962.780533109 960.9296022513065
v 590246.467682114 7016001.892554732 960.0
v 590238.0021471565 7016041.004576355 960.0
v 590229.5366121989 7016080.116597979 958.200709189752
v 590221.0710772413 7016119.2286196025 955.0785351304158
v 590212.6055422837 7016158.340641226 950.7947649477773
v 590212.6322473141 7016197.535523053 945.9179466342482
v 590220.3329981487 7016236.805281827 943.4111727108465
v 590228.0337489834 7016276.075040601 942.8855737726014
v 590235.7344998181 7016315.344799375 942.2989707987975
v 590243.4352506527 7016354.614558149 947.1147938129338
v 590251.1360014874 7016393.884316923 951.9938193276917
v 590258.8367523219 7016433.154075697 955.2261096805953
v 590266.5375031566 7016472.423834471 955.0171751848042
v 590274.2382539912 7016511.693593245 955.0
v 590281.9390048259 7016550.963352019 955.0
v 590289.6397556606 7016590.233110793 953.7831823885945
v 590297.3405064952 7016629.502869567 951.7244637345846
v 590305.0412573299 7016668.772628341 950.0
v 590316.4727238875 7016707.11254545 943.6210704169443
v 590328.1030174907 7016745.402907008 928.5155824180911
v 590339.7333110939 7016783.693268567 898.3367197506254
v 590351.3636046972 7016821.983630125 860.2862649296885
v 590362.9938983003 7016860.273991684 831.5710484666602
v 590374.6241919035 7016898.5643532425 815.763391590848
v 590386.2544855068 7016936.854714802 824.5374424378967
v 590397.88477911 7016975.14507636 844.7478580560717
v 590409.5150727131 7017013.435437919 875.3374854987162
v 590421.1453663164 7017051.725799477 901.6068175118901
v 590432.7756599196 7017090.016161036 917.2639971831962
v 590444.4059535228 7017128.306522594 917.3284242002051
v 590456.0362471261 7017166.596884153 908.2403159076011
v 590467.6665407292 7017204.887245711 889.0656538616888
v 590479.2968343324 7017243.17760727 867.660058021811
v 590490.9271279356 7017281.467968828 848.341652113029
v 590502.5574215389 7017319.758330387 839.047016799519
v 590514.187715142 7017358.048691945 840.3853836471594
v 590525.8180087452 7017396.339053504 842.6845795963587
v 590537.4483023485 7017434.629415063 833.8295121235598
v 590549.0785959517 7017472.919776621 812.4677499677925
v 590560.7088895548 7017511.21013818 793.4978150003833
v 590572.3391831581 7017549.500499738 777.9444484849857
v 590583.9694767613 7017587.790861297 776.3845284859352
v 590595.5997703645 7017626.0812228555 787.7296788458187
v 590607.2300639678 7017664.3715844145 814.5855511787829
v 590618.8603575709 7017702.661945973 847.0546256842581
v 590630.4906511741 7017740.952307532 876.9975695762748
v 590642.1209447774 7017779.24266909 904.2881173864653
v 590653.7512383806 7017817.533030649 922.7458625040433
v 590665.3815319837 7017855.823392207 935.0306737627502
v 590677.011825587 7017894.113753766 940.0312284549975
v 590688.6421191902 7017932.404115324 945.6492206803752
v 590700.2724127934 7017970.694476883 951.3067424034656
v 590711.9027063966 7018008.984838441 957.3657000772714
v 590723.5329999998 7018047.2752 936.3377498576735
v 590763.2340816365 7018052.299106294 937.8841496949793
v 590802.9351632732 7018057.3230125895 938.9289325884471
v 590842.63624491 7018062.346918884 935.5459896247619
v 590882.3373265467 7018067.370825179 931.5855061391283
v 590922.0384081834 7018072.394731473 928.576237242072
v 590961.7394898202 7018077.418637768 926.1379258342786
v 591001.4405714569 7018082.442544063 923.9154861071872
v 591039.9168795245 7018075.702807288 917.6723428580519
v 591077.7315632678 7018062.608334752 901.9929618480768
v 591115.546247011 7018049.513862217 876.8216236786175
v 591153.3609307543 7018036.419389682 844.9437192343069
v 591191.1756144977 7018023.324917146 813.3431600606159
v 591228.990298241 7018010.230444611 785.3236778744401
v 591266.8049819843 7017997.135972076 765.5102569660663
v 591304.6196657276 7017984.04149954 747.4874722265158
v 591342.4343494709 7017970.947027005 734.4666353267669
v 591380.2490332143 7017957.85255447 721.8999310140603
v 591415.713785494 7017940.0780769475 712.6143741283756
v 591448.8020272946 7017917.570661011 708.1725942048026
v 591481.8902690953 7017895.063245075 706.6293411588558
v 591514.978510896 7017872.555829139 710.092295369579
v 591548.0667526966 7017850.048413203 714.7689889682665
v 591581.1549944973 7017827.540997267 720.938989664802
v 591614.243236298 7017805.03358133 731.8023687790835
v 591647.3314780986 7017782.526165394 739.878252520952
v 591680.4197198993 7017760.018749458 754.3163714314628
v 591713.5079617 7017737.511333521 777.4082106404048
v 591746.5962035006 7017715.003917586 812.5576568002392
v 591779.6844453013 7017692.49650165 853.3146173820533
v 591812.772687102 7017669.989085713 892.1755418333314
v 591845.8609289026 7017647.481669777 921.7265146954801
v 591878.9491707033 7017624.974253841 935.76103383657
v 591912.0374125039 7017602.466837904 942.5620339561308
v 591945.1256543045 7017579.959421969 943.1598952044042
v 591978.2138961052 7017557.452006033 945.8586499520577
v 592011.3021379058 7017534.944590096 949.258991227618
v 592044.3903797065 7017512.43717416 952.1722897769152
v 592077.4786215072 7017489.929758224 954.2714085373525
v 592110.5668633078 7017467.422342287 956.5882451962053
v 592143.6551051085 7017444.914926351 958.0
v 592176.7433469092 7017422.407510416 958.0
v 592209.8315887098 7017399.900094479 958.0
v 592229.604673624 7017365.367182555 958.0000000000001
v 592248.636581518 7017330.1648815 958.0
v 592267.6684894119 7017294.962580447 958.116516619335
v 592286.7003973058 7017259.760279393 960.3815889099214
v 592305.7323051997 7017224.557978339 962.6405120870529
v 592324.7642130937 7017189.355677284 966.2378221901117
v 592343.7961209876 7017154.153376231 968.849104538913
v 592362.8280288816 7017118.951075177 970.2049857359896
v 592381.8599367755 7017083.748774122 971.4349677654903
v 592400.8918446694 7017048.546473068 972.6649497949887
v 592419.9237525633 7017013.344172014 972.9273401343436
v 592438.9556604573 7016978.141870961 970.1887673279213
v 592457.9875683512 7016942.939569906 968.5166968622339
v 592477.0194762452 7016907.737268852 964.2751764104798
v 592496.0513841391 7016872.534967798 956.0530339749605
v 592515.083292033 7016837.3326667445 946.4733114128346
v 592534.1151999269 7016802.13036569 935.408807171184
v 592553.1471078208 7016766.928064636 923.9136859108453
v 592572.1790157148 7016731.725763582 913.597784385482
v 592591.2109236087 7016696.523462527 905.5673976558958
v 592610.2428315027 7016661.321161474 901.456780423066
v 592613.1548878072 7016622.335153524 904.4317395684598
v 592611.7732745617 7016582.341320719 912.1287526766357
v 592610.3916613164 7016542.347487913 919.7941158216126
v 592609.0100480709 7016502.353655109 926.8350251786778
v 592607.6284348255 7016462.359822304 931.0050843798834
v 592606.2468215801 7016422.3659895 934.4816974932165
v 592604.8652083346 7016382.3721566945 939.2664699194218
v 592603.4835950892 7016342.378323889 948.0366301823954
v 592602.1019818438 7016302.384491085 957.3690006114061
v 592600.7203685984 7016262.39065828 961.2056585027767
v 592597.2992047576 7016224.150610216 961.3305492932014
v 592557.9637424634 7016216.7928304095 965.6043557201358
v 592518.6282801692 7016209.435050602 970.1811726003941
v 592479.292817875 7016202.077270796 975.9726961866219
v 592439.9573555808 7016194.719490989 981.1460500048302
v 592400.6218932866 7016187.361711182 984.136700736745
v 592361.2864309924 7016180.003931375 984.8477920334392
v 592321.9509686982 7016172.646151568 983.4862327482615
v 592282.615506404 7016165.288371761 982.9485054051743
v 592243.2800441098 7016157.930591955 981.34123431511
v 592203.9445818156 7016150.572812147 979.5979157345729
v 592164.6091195215 7016143.215032341 977.1721862585289
v 592125.2736572273 7016135.8572525345 975.7211883798153
v 592085.938194933 7016128.499472727 972.8713120565099
v 592046.6027326388 7016121.141692921 968.954300586357
v 592007.2672703447 7016113.783913114 965.3178471393389
v 591967.9318080505 7016106.426133307 963.7088223178362
v 591928.5963457562 7016099.0683535 961.2331722404322
v 591889.260883462 7016091.710573694 958.0290637506284
v 591849.9254211679 7016084.352793886 957.9093516112213
v 591810.5899588737 7016076.99501408 960.1780072791809
v 591771.2544965795 7016069.637234273 963.3906296526415
v 591731.9190342852 7016062.279454466 969.4668558389229
v 591692.5835719911 7016054.9216746595 968.8472239371123
v 591653.2481096969 7016047.563894852 968.2275920352258
v 591613.9126474027 7016040.206115046 962.1919375943829
v 591575.1519972412 7016030.520487021 958.651122756494
v 591536.9128540241 7016018.722883721 955.3836932044233
v 591498.6737108069 7016006.925280422 955.697436198438
v 591460.4345675898 7015995.127677123 954.2027783810503
v 591422.1954243727 7015983.330073824 953.0
v 591383.9562811556 7015971.532470524 952.0870848762892
v 591345.7171379385 7015959.734867225 947.8247599107234
v 591307.4779947214 7015947.9372639265 944.1107839174214
v 591269.2388515042 7015936.139660628 943.0003314010953
v 591230.9997082871 7015924.342057328 940.7970122653476
v 591192.76056507 7015912.544454029 940.4550397649956
v 591154.5214218529 7015900.74685073 941.4463903317805
v 591116.2822786358 7015888.949247431 943.1872511444085
v 591078.0431354186 7015877.151644131 941.3172106870866
v 591039.8039922015 7015865.354040832 940.942725342539
v 591001.5648489844 7015853.556437533 938.8907033318698
v 590963.3257057673 7015841.758834234 938.1157704571883
v 590925.0865625502 7015829.961230935 936.8760602406709
v 590886.847419333 7015818.163627636 938.1257280986999
v 590848.6082761158 7015806.366024337 936.578288397564
v 590810.2892404139 7015794.997727168 933.0746318828051
v 590770.3660248878 7015792.249567849 932.721351644091
v 590730.4428093617 7015789.5014085295 933.4272276921729
v 590690.5195938357 7015786.75324921 933.7811187362314
v 590650.5963783097 7015784.005089891 938.9564274391923
v 590610.6731627836 7015781.256930571 946.4621799923746
v 590570.7499472576 7015778.508771252 951.6765967389724
v 590530.8267317315 7015775.760611933 953.0
v 590490.9035162055 7015773.012452614 952.6642658347089
v 590450.9803006795 7015770.264293294 949.9267145669779
v 590411.0570851534 7015767.516133975 944.957624558896
v 590371.1338696274 7015764.767974656 941.0050263594
v 590331.2106541013 7015762.019815336 936.869714593241
v 590297.2608918595 7015767.220424992 934.3607011261398
v 590288.795356902 7015806.332446615 934.7344709714486
v 590280.3298219444 7015845.444468239 934.8617887000325
v 590271.8642869868 7015884.5564898625 934.9476931370148
v 590263.3987520292 7015923.668511486 935.6994267483476
v 590254.9332170716 7015962.780533109 933.9296022513065
v 590246.467682114 7016001.892554732 933.0
v 590238.0021471565 7016041.004576355 933.0
v 590229.5366121989 7016080.116597979 931.200709189752
v 590221.0710772413 7016119.2286196025 928.0785351304158
v 590212.6055422837 7016158.340641226 923.7947649477773
v 590212.6322473141 7016197.535523053 918.9179466342482
v 590220.3329981487 7016236.805281827 916.4111727108465
v 590228.0337489834 7016276.075040601 915.8855737726014
v 590235.7344998181 7016315.344799375 915.2989707987975
v 590243.4352506527 7016354.614558149 920.1147938129338
v 590251.1360014874 7016393.884316923 924.9938193276917
v 590258.8367523219 7016433.154075697 928.2261096805953
v 590266.5375031566 7016472.423834471 928.0171751848042
v 590274.2382539912 7016511.693593245 928.0
v 590281.9390048259 7016550.963352019 928.0
v 590289.6397556606 7016590.233110793 926.7831823885945
v 590297.3405064952 7016629.502869567 924.7244637345846
v 590305.0412573299 7016668.772628341 923.0
v 590316.4727238875 7016707.11254545 916.6210704169443
v 590328.1030174907 7016745.402907008 901.5155824180911
v 590339.7333110939 7016783.693268567 871.3367197506254
v 590351.3636046972 7016821.983630125 833.2862649296885
v 590362.9938983003 7016860.273991684 804.5710484666602
v 590374.6241919035 7016898.5643532425 788.763391590848
v 590386.2544855068 7016936.854714802 797.5374424378967
v 590397.88477911 7016975.14507636 817.7478580560717
v 590409.5150727131 7017013.435437919 848.3374854987162
v 590421.1453663164 7017051.725799477 874.6068175118901
v 590432.7756599196 7017090.016161036 890.2639971831962
v 590444.4059535228 7017128.306522594 890.3284242002051
v 590456.0362471261 7017166.596884153 881.2403159076011
v 590467.6665407292 7017204.887245711 862.0656538616888
v 590479.2968343324 7017243.17760727 840.660058021811
v 590490.9271279356 7017281.467968828 821.341652113029
v 590502.5574215389 7017319.758330387 812.047016799519
v 590514.187715142 7017358.048691945 813.3853836471594
v 590525.8180087452 7017396.339053504 815.6845795963587
v 590537.4483023485 7017434.629415063 806.8295121235598
v 590549.0785959517 7017472.919776621 785.4677499677925
v 590560.7088895548 7017511.21013818 766.4978150003833
v 590572.3391831581 7017549.500499738 750.9444484849857
v 590583.9694767613 7017587.790861297 749.3845284859352
v 590595.5997703645 7017626.0812228555 760.7296788458187
v 590607.2300639678 7017664.3715844145 787.5855511787829
v 590618.8603575709 7017702.661945973 820.0546256842581
v 590630.4906511741 7017740.952307532 849.9975695762748
v 590642.1209447774 7017779.24266909 877.2881173864653
v 590653.7512383806 7017817.533030649 895.7458625040433
v 590665.3815319837 7017855.823392207 908.0306737627502
v 590677.011825587 7017894.113753766 913.0312284549975
v 590688.6421191902 7017932.404115324 918.6492206803752
v 590700.2724127934 7017970.694476883 924.3067424034656
v 590711.9027063966 7018008.984838441 930.3657000772714
v 592607.1436999999 7007817.0362 660.1623167630192
v 592646.9605688016 7007822.293824395 677.5055536960604
v 592686.7774376032 7007827.55144879 694.2093313364053
v 592726.5943064049 7007832.809073186 698.9770930948255
v 592766.4111752067 7007838.066697581 702.3317735779951
v 592806.2280440083 7007843.324321976 701.3730849666
v 592846.04491281 7007848.58194637 698.5872930190975
v 592885.8617816117 7007853.839570765 698.4899375751504
v 592913.6592789585 7007825.558666458 695.5283139327129
v 592941.0731250722 7007796.207232137 695.0
v 592968.486971186 7007766.855797817 696.5122228998088
v 592995.9008172998 7007737.504363496 698.5077113627756
v 593023.3146634136 7007708.152929175 699.8427144751358
v 593050.7285095274 7007678.801494854 701.0947693602754
v 593078.1423556411 7007649.450060532 702.0762588709523
v 593105.556201755 7007620.098626211 702.5298557678707
v 593132.9700478688 7007590.74719189 703.0028829708714
v 593160.3838939825 7007561.39575757 703.0705180721363
v 593187.7977400963 7007532.044323249 702.746908098053
v 593215.2115862101 7007502.692888928 700.9976736146673
v 593242.6254323239 7007473.3414546065 698.5221985650687
v 593270.0392784377 7007443.990020285 694.750124647553
v 593297.4531245515 7007414.638585964 689.221340358831
v 593312.457199272 7007378.134744152 684.4217933232103
v 593324.1118513386 7007339.700452944 681.7024759472729
v 593335.7665034054 7007301.266161736 679.0680560687538
v 593347.421155472 7007262.831870528 681.6151498580175
v 593359.0758075387 7007224.397579321 686.5579432214463
v 593370.7304596053 7007185.963288113 692.8638313674752
v 593382.385111672 7007147.528996904 696.6525598101367
v 593394.0397637386 7007109.094705696 697.235630782958
v 593405.6944158054 7007070.660414489 692.9378136126529
v 593417.349067872 7007032.226123281 687.7828612471071
v 593429.0037199387 7006993.791832073 682.0608454855974
v 593440.6583720053 7006955.3575408645 677.5565356005355
v 593452.313024072 7006916.923249657 674.3453739058837
v 593463.9676761386 7006878.488958449 672.5449646405507
v 593475.6223282053 7006840.054667241 670.6282701685807
v 593487.910023926 7006801.845831004 668.7944679089759
v 593503.17389952 7006764.696944651 667.5038510505593
v 593518.437775114 7006727.5480582975 666.0916973518694
v 593533.701650708 7006690.399171944 664.1113489864392
v 593548.965526302 7006653.25028559 662.940612940237
v 593564.229401896 7006616.101399237 663.9337471390749
v 593579.49327749 7006578.952512884 664.6872377128026
v 593594.757153084 7006541.80362653 663.7158407579814
v 593610.021028678 7006504.654740177 663.0018845542086
v 593625.2849042721 7006467.505853823 660.1702929905877
v 593640.5487798661 7006430.35696747 657.1739291303929
v 593655.8126554601 7006393.208081116 654.3054711625375
v 593646.5515908829 7006354.714387312 656.4839143602221
v 593635.4410826603 7006316.119280594 658.9091085894896
v 593624.3305744376 7006277.524173878 662.0349993438954
v 593613.220066215 7006238.929067161 667.0482698187488
v 593602.1095579924 7006200.333960444 674.797870764913
v 593580.1490069 7006168.85710753 686.7791076468905
v 593549.1699422316 7006143.296919587 702.6364882511602
v 593518.1908775633 7006117.736731643 719.8452554332706
v 593487.211812895 7006092.1765437 736.094337745569
v 593456.1899850345 7006066.746740089 747.7254724742052
v 593416.0904554566 7006068.994713196 754.0128306611143
v 593375.9909258789 7006071.242686302 752.0180154820864
v 593335.8913963011 7006073.49065941 750.0232003029669
v 593295.7918667233 7006075.738632517 743.8382644076694
v 593255.6923371456 7006077.986605624 736.5609556223075
v 593215.5928075677 7006080.2345787315 729.9257395854358
v 593175.7698546118 7006084.5195503505 724.2013509377041
v 593136.5226593153 7006093.0450014705 719.5236517561427
v 593097.2754640187 7006101.5704525905 715.0706582169997
v 593058.0282687221 7006110.095903711 709.3438765195692
v 593018.7810734257 7006118.621354831 704.3234014449112
v 592979.5338781291 7006127.146805951 701.1113092300351
v 592940.2866828325 7006135.672257072 698.7934143004616
v 592901.039487536 7006144.197708192 697.01703999937
v 592861.7922922394 7006152.723159313 695.3904331958461
v 592822.5450969429 7006161.248610433 690.0609970228622
v 592784.1425267982 7006172.920939555 685.5296505013964
v 592745.9010647782 7006185.193520295 682.0112160360804
v 592707.6596027581 7006197.4661010355 677.8059250749146
v 592669.4181407382 7006209.7386817755 670.9320148755971
v 592631.1766787182 7006222.0112625165 661.9147715068895
v 592592.9352166981 7006234.2838432565 652.1124499315993
v 592554.6937546781 7006246.556423997 643.7404409160207
v 592519.2632382746 7006263.1262480635 638.614507412855
v 592492.6964528037 7006293.246533009 637.1880614213753
v 592466.1296673329 7006323.366817955 635.7965493027035
v 592439.5628818619 7006353.4871029 635.1491747287986
v 592412.996096391 7006383.607387845 635.4544455889607
v 592386.4293109201 7006413.727672791 634.0178600836294
v 592374.1700355952 7006449.7045929935 636.164207452502
v 592371.991478575 7006489.80795376 637.7187571034724
v 592369.8129215549 7006529.911314526 641.7282281925011
v 592367.6343645346 7006570.014675292 645.4262061755255
v 592365.4558075145 7006610.118036059 652.2458603692852
v 592363.2772504942 7006650.221396825 658.31507460479
v 592361.0986934741 7006690.324757592 661.7408313822112
v 592358.9201364539 7006730.428118358 663.4171387407044
v 592356.7415794337 7006770.531479124 662.0893974741743
v 592355.2810210797 7006810.636371828 660.4170658666403
v 592357.2884283497 7006850.748663853 659.460457489199
v 592359.2958356196 7006890.860955877 657.6258454857523
v 592361.3032428895 7006930.9732479025 656.4664281495099
v 592363.3106501594 7006971.085539928 655.2607552443311
v 592365.3180574293 7007011.197831953 653.9407650787954
v 592367.3254646992 7007051.310123978 652.1369560128928
v 592373.0503104058 7007090.742494557 650.7017655148882
v 592385.3710151212 7007128.968479054 650.8227408951284
v 592397.6917198367 7007167.194463551 651.2728914768476
v 592410.0124245522 7007205.420448048 652.3051288147913
v 592422.3331292677 7007243.646432545 653.7014938514905
v 592434.6538339831 7007281.872417042 654.7482862079789
v 592446.9745386987 7007320.098401539 654.9336640716033
v 592459.2952434141 7007358.324386036 654.2862028106886
v 592471.6159481296 7007396.550370533 653.1086967312978
v 592483.9366528451 7007434.77635503 651.220709257402
v 592496.2573575606 7007473.002339527 649.0302971727283
v 592508.578062276 7007511.228324024 646.7101839699936
v 592520.8987669916 7007549.454308521 645.366705500976
v 592533.219471707 7007587.680293018 645.3655489384071
v 592545.5401764225 7007625.906277515 645.72033667442
v 592557.860881138 7007664.132262012 646.6271273916248
v 592570.1815858535 7007702.358246509 648.4770193094259
v 592582.5022905689 7007740.584231006 651.5513431630693
v 592594.8229952845 7007778.810215503 655.4501910930998
v 592607.1436999999 7007817.0362 633.1623167630192
v 592646.9605688016 7007822.293824395 650.5055536960604
v 592686.7774376032 7007827.55144879 667.2093313364053
v 592726.5943064049 7007832.809073186 671.9770930948255
v 592766.4111752067 7007838.066697581 675.3317735779951
v 592806.2280440083 7007843.324321976 674.3730849666
v 592846.04491281 7007848.58194637 671.5872930190975
v 592885.8617816117 7007853.839570765 671.4899375751504
v 592913.6592789585 7007825.558666458 668.5283139327129
v 592941.0731250722 7007796.207232137 668.0
v 592968.486971186 7007766.855797817 669.5122228998088
v 592995.9008172998 7007737.504363496 671.5077113627756
v 593023.3146634136 7007708.152929175 672.8427144751358
v 593050.7285095274 7007678.801494854 674.0947693602754
v 593078.1423556411 7007649.450060532 675.0762588709523
v 593105.556201755 7007620.098626211 675.5298557678707
v 593132.9700478688 7007590.74719189 676.0028829708714
v 593160.3838939825 7007561.39575757 676.0705180721363
v 593187.7977400963 7007532.044323249 675.746908098053
v 593215.2115862101 7007502.692888928 673.9976736146673
v 593242.6254323239 7007473.3414546065 671.5221985650687
v 593270.0392784377 7007443.990020285 667.750124647553
v 593297.4531245515 7007414.638585964 662.221340358831
v 593312.457199272 7007378.134744152 657.4217933232103
v 593324.1118513386 7007339.700452944 654.7024759472729
v 593335.7665034054 7007301.266161736 652.0680560687538
v 593347.421155472 7007262.831870528 654.6151498580175
v 593359.0758075387 7007224.397579321 659.5579432214463
v 593370.7304596053 7007185.963288113 665.8638313674752
v 593382.385111672 7007147.528996904 669.6525598101367
v 593394.0397637386 7007109.094705696 670.235630782958
v 593405.6944158054 7007070.660414489 665.9378136126529
v 593417.349067872 7007032.226123281 660.7828612471071
v 593429.0037199387 7006993.791832073 655.0608454855974
v 593440.6583720053 7006955.3575408645 650.5565356005355
v 593452.313024072 7006916.923249657 647.3453739058837
v 593463.9676761386 7006878.488958449 645.5449646405507
v 593475.6223282053 7006840.054667241 643.6282701685807
v 593487.910023926 7006801.845831004 641.7944679089759
v 593503.17389952 7006764.696944651 640.5038510505593
v 593518.437775114 7006727.5480582975 639.0916973518694
v 593533.701650708 7006690.399171944 637.1113489864392
v 593548.965526302 7006653.25028559 635.940612940237
v 593564.229401896 7006616.101399237 636.9337471390749
v 593579.49327749 7006578.952512884 637.6872377128026
v 593594.757153084 7006541.80362653 636.7158407579814
v 593610.021028678 7006504.654740177 636.0018845542086
v 593625.2849042721 7006467.505853823 633.1702929905877
v 593640.5487798661 7006430.35696747 630.1739291303929
v 593655.8126554601 7006393.208081116 627.3054711625375
v 593646.5515908829 7006354.714387312 629.4839143602221
v 593635.4410826603 7006316.119280594 631.9091085894896
v 593624.3305744376 7006277.524173878 635.0349993438954
v 593613.220066215 7006238.929067161 640.0482698187488
v 593602.1095579924 7006200.333960444 647.797870764913
v 593580.1490069 7006168.85710753 659.7791076468905
v 593549.1699422316 7006143.296919587 675.6364882511602
v 593518.1908775633 7006117.736731643 692.8452554332706
v 593487.211812895 7006092.1765437 709.094337745569
v 593456.1899850345 7006066.746740089 720.7254724742052
v 593416.0904554566 7006068.994713196 727.0128306611143
v 593375.9909258789 7006071.242686302 725.0180154820864
v 593335.8913963011 7006073.49065941 723.0232003029669
v 593295.7918667233 7006075.738632517 716.8382644076694
v 593255.6923371456 7006077.986605624 709.5609556223075
v 593215.5928075677 7006080.2345787315 702.9257395854358
v 593175.7698546118 7006084.5195503505 697.2013509377041
v 593136.5226593153 7006093.0450014705 692.5236517561427
v 593097.2754640187 7006101.5704525905 688.0706582169997
v 593058.0282687221 7006110.095903711 682.3438765195692
v 593018.7810734257 7006118.621354831 677.3234014449112
v 592979.5338781291 7006127.146805951 674.1113092300351
v 592940.2866828325 7006135.672257072 671.7934143004616
v 592901.039487536 7006144.197708192 670.01703999937
v 592861.7922922394 7006152.723159313 668.3904331958461
v 592822.5450969429 7006161.248610433 663.0609970228622
v 592784.1425267982 7006172.920939555 658.5296505013964
v 592745.9010647782 7006185.193520295 655.0112160360804
v 592707.6596027581 7006197.4661010355 650.8059250749146
v 592669.4181407382 7006209.7386817755 643.9320148755971
v 592631.1766787182 7006222.0112625165 634.9147715068895
v 592592.9352166981 7006234.2838432565 625.1124499315993
v 592554.6937546781 7006246.556423997 616.7404409160207
v 592519.2632382746 7006263.1262480635 611.614507412855
v 592492.6964528037 7006293.246533009 610.1880614213753
v 592466.1296673329 7006323.366817955 608.7965493027035
v 592439.5628818619 7006353.4871029 608.1491747287986
v 592412.996096391 7006383.607387845 608.4544455889607
v 592386.4293109201 7006413.727672791 607.0178600836294
v 592374.1700355952 7006449.7045929935 609.164207452502
v 592371.991478575 7006489.80795376 610.7187571034724
v 592369.8129215549 7006529.911314526 614.7282281925011
v 592367.6343645346 7006570.014675292 618.4262061755255
v 592365.4558075145 7006610.118036059 625.2458603692852
v 592363.2772504942 7006650.221396825 631.31507460479
v 592361.0986934741 7006690.324757592 634.7408313822112
v 592358.9201364539 7006730.428118358 636.4171387407044
v 592356.7415794337 7006770.531479124 635.0893974741743
v 592355.2810210797 7006810.636371828 633.4170658666403
v 592357.2884283497 7006850.748663853 632.460457489199
v 592359.2958356196 7006890.860955877 630.6258454857523
v 592361.3032428895 7006930.9732479025 629.4664281495099
v 592363.3106501594 7006971.085539928 628.2607552443311
v 592365.3180574293 7007011.197831953 626.9407650787954
v 592367.3254646992 7007051.310123978 625.1369560128928
v 592373.0503104058 7007090.742494557 623.7017655148882
v 592385.3710151212 7007128.968479054 623.8227408951284
v 592397.6917198367 7007167.194463551 624.2728914768476
v 592410.0124245522 7007205.420448048 625.3051288147913
v 592422.3331292677 7007243.646432545 626.7014938514905
v 592434.6538339831 7007281.872417042 627.7482862079789
v 592446.9745386987 7007320.098401539 627.9336640716033
v 592459.2952434141 7007358.324386036 627.2862028106886
v 592471.6159481296 7007396.550370533 626.1086967312978
v 592483.9366528451 7007434.77635503 624.220709257402
v 592496.2573575606 7007473.002339527 622.0302971727283
v 592508.578062276 7007511.228324024 619.7101839699936
v 592520.8987669916 7007549.454308521 618.366705500976
v 592533.219471707 7007587.680293018 618.3655489384071
v 592545.5401764225 7007625.906277515 618.72033667442
v 592557.860881138 7007664.132262012 619.6271273916248
v 592570.1815858535 7007702.358246509 621.4770193094259
v 592582.5022905689 7007740.584231006 624.5513431630693
v 592594.8229952845 7007778.810215503 628.4501910930998
v 589317.9857999999 7015954.7509 946.1258994242266
v 589295.3319724255 7015921.551814105 938.3899187098566
v 589272.678144851 7015888.352728211 930.0544197186484
v 589250.0243172765 7015855.153642316 922.2405955590494
v 589227.2903246871 7015822.059954036 912.9067698288743
v 589189.2476331188 7015809.093504011 905.3861369089329
v 589151.2049415504 7015796.127053986 899.2942831965302
v 589113.162249982 7015783.160603961 896.0381314478941
v 589075.1195584136 7015770.194153937 895.0
v 589037.0768668453 7015757.227703911 895.0
v 588999.0341752769 7015744.261253886 895.0
v 588960.9914837085 7015731.2948038615 895.0
v 588922.94879214 7015718.328353836 895.0000000000001
v 588884.9061005716 7015705.361903812 895.0
v 588847.0908435954 7015691.759251284 895.0
v 588809.4496661416 7015677.669646325 895.0
v 588771.808488688 7015663.580041365 894.9999999999999
v 588734.1673112342 7015649.490436406 897.4081185940098
v 588696.5261337805 7015635.400831446 899.7712210162251
v 588658.8849563267 7015621.311226487 901.0738674751008
v 588621.243778873 7015607.221621527 902.4557748050302
v 588583.6026014192 7015593.1320165675 902.0155744307939
v 588545.9614239655 7015579.042411609 902.9455896236672
v 588508.3202465118 7015564.952806649 902.7440032849393
v 588470.679069058 7015550.86320169 900.641735533947
v 588433.0378916044 7015536.77359673 896.8032287151605
v 588395.3967141506 7015522.68399177 892.9588758247127
v 588357.7555366969 7015508.594386811 889.6007315247926
v 588320.1143592431 7015494.504781852 884.6150921255783
v 588282.4731817894 7015480.415176892 879.6312193950625
v 588244.8320043356 7015466.325571933 871.9466460279227
v 588207.1908268819 7015452.235966973 861.8395590844952
v 588169.5496494281 7015438.146362014 847.0079157744993
v 588131.9084719744 7015424.056757054 830.8036241478742
v 588094.2672945206 7015409.9671520945 811.9452953965116
v 588056.3782885278 7015397.41679442 794.7060102713602
v 588016.2169573489 7015398.979703872 778.2860774620542
v 587976.05562617 7015400.542613325 766.214968491346
v 587935.8942949912 7015402.105522777 754.2799531918691
v 587895.7329638122 7015403.668432229 745.4662732869131
v 587855.5716326333 7015405.231341681 740.2292124659148
v 587815.4103014544 7015406.794251134 732.3151853660784
v 587775.301240402 7015409.260950073 724.9681689556027
v 587735.2275010825 7015412.3383881245 720.3388562104328
v 587695.1537617629 7015415.415826177 717.4666455869099
v 587655.0800224433 7015418.493264229 715.6555952747653
v 587615.0062831237 7015421.570702281 713.8644475967718
v 587574.9325438042 7015424.648140334 706.7054733998536
v 587537.6926699536 7015437.646267054 694.5272114137991
v 587502.039846629 7015456.200280016 681.5062893725261
v 587466.3870233044 7015474.754292979 670.9801255827888
v 587430.7341999798 7015493.308305941 664.1724948938115
v 587395.0813766553 7015511.862318903 657.713361024147
v 587364.7172570823 7015537.353607839 652.5866629486933
v 587337.3826282289 7015566.818727446 650.0
v 587310.0479993754 7015596.283847053 650.0
v 587282.7133705219 7015625.74896666 650.5432696274111
v 587255.3787416685 7015655.214086267 653.1871157238634
v 587228.044112815 7015684.679205874 650.7531795066681
v 587209.8571830898 7015720.421410603 647.3453476411185
v 587192.1983545726 7015756.52599457 642.9681460066588
v 587174.5395260555 7015792.6305785375 637.7401378686247
v 587156.8806975384 7015828.735162504 633.887817789146
v 587142.4457411356 7015866.198860903 631.2909843064651
v 587128.9269516392 7015904.048795362 630.8003557465657
v 587115.408162143 7015941.898729822 635.6160794491678
v 587101.8893726466 7015979.74866428 644.7253755454176
v 587088.3705831503 7016017.59859874 655.827452739906
v 587074.8517936539 7016055.4485332 665.8455267911556
v 587067.4551435116 7016094.844613798 674.6174398295041
v 587061.3810962725 7016134.574717727 682.4804556537491
v 587055.3070490333 7016174.304821654 690.9647792680523
v 587049.2330017942 7016214.034925583 700.7268761324713
v 587043.158954555 7016253.765029511 712.2106368671097
v 587037.0849073158 7016293.495133439 725.2981515736726
v 587047.3636184626 7016332.152764047 732.3015204601369
v 587058.574608265 7016370.749252432 733.5697836278837
v 587069.7855980673 7016409.3457408175 724.1469921244882
v 587080.9965878697 7016447.942229202 712.047178230039
v 587092.2075776722 7016486.5387175875 695.7159307870644
v 587103.4185674746 7016525.135205973 678.2634146554998
v 587114.629557277 7016563.731694358 664.3784666923009
v 587125.8405470793 7016602.328182743 654.0598376354908
v 587145.060731761 7016637.282377054 656.1065318816575
v 587166.7809227013 7016671.099658339 660.7638618355804
v 587188.5011136418 7016704.916939625 676.3952074839297
v 587210.2213045821 7016738.73422091 695.5574108897582
v 587231.9414955225 7016772.551502195 716.5741977519773
v 587253.6616864628 7016806.3687834805 735.313823250352
v 587275.3818774032 7016840.186064766 749.3979895076432
v 587297.1020683435 7016874.003346051 758.6411504348544
v 587318.822259284 7016907.820627336 752.1648549932606
v 587340.5424502243 7016941.637908622 745.1272420915687
v 587362.2626411647 7016975.455189907 728.7772074907692
v 587383.982832105 7017009.272471192 712.5839230626691
v 587410.1507618768 7017031.960926772 704.0330857636325
v 587449.1958460947 7017022.429053587 702.8728848379177
v 587488.2409303127 7017012.897180401 702.7893120593103
v 587527.2860145306 7017003.365307215 702.7432067770985
v 587566.3310987486 7016993.833434029 702.7018957043908
v 587605.3761829665 7016984.301560842 703.1403385928622
v 587644.4212671844 7016974.769687657 699.5661486429963
v 587683.4663514023 7016965.237814471 691.929055511914
v 587722.5114356203 7016955.705941285 682.3641803730662
v 587761.5565198382 7016946.174068099 672.6595351585506
v 587800.6016040561 7016936.642194913 665.8246292829517
v 587839.646688274 7016927.110321727 660.4785599187102
v 587878.6917724919 7016917.578448541 656.0656440487949
v 587917.8930524432 7016908.724737247 654.7030938111018
v 587957.1738829499 7016900.216414104 655.8788949209145
v 587996.4547134566 7016891.70809096 663.5949074674755
v 588035.7355439633 7016883.199767816 674.7580537563521
v 588075.01637447 7016874.691444673 687.3413001514384
v 588114.2972049767 7016866.1831215285 699.7973799529545
v 588153.5780354835 7016857.674798384 704.3132021430464
v 588192.8588659902 7016849.166475241 709.2453132713642
v 588232.1396964969 7016840.658152097 708.5060238676215
v 588271.4205270036 7016832.149828953 704.3995751201543
v 588310.7013575103 7016823.6415058095 701.9415365741199
v 588349.982188017 7016815.133182665 700.1285912388297
v 588389.0857416807 7016805.873597242 701.2346623283524
v 588428.0264326199 7016795.923833567 712.1689677065626
v 588466.9671235591 7016785.9740698915 721.9879818861355
v 588505.9078144983 7016776.024306216 734.7706137448461
v 588544.8485054375 7016766.074542541 746.5594006407958
v 588580.1323166419 7016749.640466185 757.9614853565299
v 588608.7945048204 7016721.465048232 770.1476768247649
v 588637.4566929989 7016693.289630279 782.4766671752271
v 588666.1188811774 7016665.114212326 794.6483960042067
v 588694.7810693559 7016636.938794373 807.7355331521037
v 588723.4432575344 7016608.763376419 824.4147803513946
v 588752.1054457129 7016580.587958466 843.1447564032412
v 588780.7676338914 7016552.412540513 863.4568514504629
v 588809.4298220701 7016524.23712256 881.0117230845262
v 588838.0920102486 7016496.061704607 894.6183798635154
v 588865.6658363823 7016466.85448877 901.863155102483
v 588892.2728930657 7016436.730748254 907.963748827116
v 588918.8799497491 7016406.607007737 913.1249574668125
v 588945.4870064325 7016376.483267222 913.6288483148321
v 588972.0940631159 7016346.359526706 911.2280270095791
v 588998.7011197993 7016316.23578619 908.7399785045318
v 589025.3081764827 7016286.112045675 906.5102421053398
v 589051.9152331661 7016255.988305159 907.2871866038936
v 589078.5222898495 7016225.864564642 910.030652758266
v 589105.1293465329 7016195.740824127 915.4291841140682
v 589131.7364032161 7016165.617083611 921.6543100730673
v 589158.3434598995 7016135.493343095 926.2846025799493
v 589184.9505165829 7016105.36960258 928.8149077146693
v 589211.5575732663 7016075.245862064 930.470068172004
v 589238.1646299497 7016045.122121547 933.3715033787687
v 589264.7716866331 7016014.998381032 937.2643783153378
v 589291.3787433165 7015984.874640516 941.8014851691603
v 589317.9857999999 7015954.7509 919.1258994242266
v 589295.3319724255 7015921.551814105 911.3899187098566
v 589272.678144851 7015888.352728211 903.0544197186484
v 589250.0243172765 7015855.153642316 895.2405955590494
v 589227.2903246871 7015822.059954036 885.9067698288743
v 589189.2476331188 7015809.093504011 878.3861369089329
v 589151.2049415504 7015796.127053986 872.2942831965302
v 589113.162249982 7015783.160603961 869.0381314478941
v 589075.1195584136 7015770.194153937 868.0
v 589037.0768668453 7015757.227703911 868.0
v 588999.0341752769 7015744.261253886 868.0
v 588960.9914837085 7015731.2948038615 868.0
v 588922.94879214 7015718.328353836 868.0000000000001
v 588884.9061005716 7015705.361903812 868.0
v 588847.0908435954 7015691.759251284 868.0
v 588809.4496661416 7015677.669646325 868.0
v 588771.808488688 7015663.580041365 867.9999999999999
v 588734.1673112342 7015649.490436406 870.4081185940098
v 588696.5261337805 7015635.400831446 872.7712210162251
v 588658.8849563267 7015621.311226487 874.0738674751008
v 588621.243778873 7015607.221621527 875.4557748050302
v 588583.6026014192 7015593.1320165675 875.0155744307939
v 588545.9614239655 7015579.042411609 875.9455896236672
v 588508.3202465118 7015564.952806649 875.7440032849393
v 588470.679069058 7015550.86320169 873.641735533947
v 588433.0378916044 7015536.77359673 869.8032287151605
v 588395.3967141506 7015522.68399177 865.9588758247127
v 588357.7555366969 7015508.594386811 862.6007315247926
v 588320.1143592431 7015494.504781852 857.6150921255783
v 588282.4731817894 7015480.415176892 852.6312193950625
v 588244.8320043356 7015466.325571933 844.9466460279227
v 588207.1908268819 7015452.235966973 834.8395590844952
v 588169.5496494281 7015438.146362014 820.0079157744993
v 588131.9084719744 7015424.056757054 803.8036241478742
v 588094.2672945206 7015409.9671520945 784.9452953965116
v 588056.3782885278 7015397.41679442 767.7060102713602
v 588016.2169573489 7015398.979703872 751.2860774620542
v 587976.05562617 7015400.542613325 739.214968491346
v 587935.8942949912 7015402.105522777 727.2799531918691
v 587895.7329638122 7015403.668432229 718.4662732869131
v 587855.5716326333 7015405.231341681 713.2292124659148
v 587815.4103014544 7015406.794251134 705.3151853660784
v 587775.301240402 7015409.260950073 697.9681689556027
v 587735.2275010825 7015412.3383881245 693.3388562104328
v 587695.1537617629 7015415.415826177 690.4666455869099
v 587655.0800224433 7015418.493264229 688.6555952747653
v 587615.0062831237 7015421.570702281 686.8644475967718
v 587574.9325438042 7015424.648140334 679.7054733998536
v 587537.6926699536 7015437.646267054 667.5272114137991
v 587502.039846629 7015456.200280016 654.5062893725261
v 587466.3870233044 7015474.754292979 643.9801255827888
v 587430.7341999798 7015493.308305941 637.1724948938115
v 587395.0813766553 7015511.862318903 630.713361024147
v 587364.7172570823 7015537.353607839 625.5866629486933
v 587337.3826282289 7015566.818727446 623.0
v 587310.0479993754 7015596.283847053 623.0
v 587282.7133705219 7015625.74896666 623.5432696274111
v 587255.3787416685 7015655.214086267 626.1871157238634
v 587228.044112815 7015684.679205874 623.7531795066681
v 587209.8571830898 7015720.421410603 620.3453476411185
v 587192.1983545726 7015756.52599457 615.9681460066588
v 587174.5395260555 7015792.6305785375 610.7401378686247
v 587156.8806975384 7015828.735162504 606.887817789146
v 587142.4457411356 7015866.198860903 604.2909843064651
v 587128.9269516392 7015904.048795362 603.8003557465657
v 587115.408162143 7015941.898729822 608.6160794491678
v 587101.8893726466 7015979.74866428 617.7253755454176
v 587088.3705831503 7016017.59859874 628.827452739906
v 587074.8517936539 7016055.4485332 638.8455267911556
v 587067.4551435116 7016094.844613798 647.6174398295041
v 587061.3810962725 7016134.574717727 655.4804556537491
v 587055.3070490333 7016174.304821654 663.9647792680523
v 587049.2330017942 7016214.034925583 673.7268761324713
v 587043.158954555 7016253.765029511 685.2106368671097
v 587037.0849073158 7016293.495133439 698.2981515736726
v 587047.3636184626 7016332.152764047 705.3015204601369
v 587058.574608265 7016370.749252432 706.5697836278837
v 587069.7855980673 7016409.3457408175 697.1469921244882
v 587080.9965878697 7016447.942229202 685.047178230039
v 587092.2075776722 7016486.5387175875 668.7159307870644
v 587103.4185674746 7016525.135205973 651.2634146554998
v 587114.629557277 7016563.731694358 637.3784666923009
v 587125.8405470793 7016602.328182743 627.0598376354908
v 587145.060731761 7016637.282377054 629.1065318816575
v 587166.7809227013 7016671.099658339 633.7638618355804
v 587188.5011136418 7016704.916939625 649.3952074839297
v 587210.2213045821 7016738.73422091 668.5574108897582
v 587231.9414955225 7016772.551502195 689.5741977519773
v 587253.6616864628 7016806.3687834805 708.313823250352
v 587275.3818774032 7016840.186064766 722.3979895076432
v 587297.1020683435 7016874.003346051 731.6411504348544
v 587318.822259284 7016907.820627336 725.1648549932606
v 587340.5424502243 7016941.637908622 718.1272420915687
v 587362.2626411647 7016975.455189907 701.7772074907692
v 587383.982832105 7017009.272471192 685.5839230626691
v 587410.1507618768 7017031.960926772 677.0330857636325
v 587449.1958460947 7017022.429053587 675.8728848379177
v 587488.2409303127 7017012.897180401 675.7893120593103
v 587527.2860145306 7017003.365307215 675.7432067770985
v 587566.3310987486 7016993.833434029 675.7018957043908
v 587605.3761829665 7016984.301560842 676.1403385928622
v 587644.4212671844 7016974.769687657 672.5661486429963
v 587683.4663514023 7016965.237814471 664.929055511914
v 587722.5114356203 7016955.705941285 655.3641803730662
v 587761.5565198382 7016946.174068099 645.6595351585506
v 587800.6016040561 7016936.642194913 638.8246292829517
v 587839.646688274 7016927.110321727 633.4785599187102
v 587878.6917724919 7016917.578448541 629.0656440487949
v 587917.8930524432 7016908.724737247 627.7030938111018
v 587957.1738829499 7016900.216414104 628.8788949209145
v 587996.4547134566 7016891.70809096 636.5949074674755
v 588035.7355439633 7016883.199767816 647.7580537563521
v 588075.01637447 7016874.691444673 660.3413001514384
v 588114.2972049767 7016866.1831215285 672.7973799529545
v 588153.5780354835 7016857.674798384 677.3132021430464
v 588192.8588659902 7016849.166475241 682.2453132713642
v 588232.1396964969 7016840.658152097 681.5060238676215
v 588271.4205270036 7016832.149828953 677.3995751201543
v 588310.7013575103 7016823.6415058095 674.9415365741199
v 588349.982188017 7016815.133182665 673.1285912388297
v 588389.0857416807 7016805.873597242 674.2346623283524
v 588428.0264326199 7016795.923833567 685.1689677065626
v 588466.9671235591 7016785.9740698915 694.9879818861355
v 588505.9078144983 7016776.024306216 707.7706137448461
v 588544.8485054375 7016766.074542541 719.5594006407958
v 588580.1323166419 7016749.640466185 730.9614853565299
v 588608.7945048204 7016721.465048232 743.1476768247649
v 588637.4566929989 7016693.289630279 755.4766671752271
v 588666.1188811774 7016665.114212326 767.6483960042067
v 588694.7810693559 7016636.938794373 780.7355331521037
v 588723.4432575344 7016608.763376419 797.4147803513946
v 588752.1054457129 7016580.587958466 816.1447564032412
v 588780.7676338914 7016552.412540513 836.4568514504629
v 588809.4298220701 7016524.23712256 854.0117230845262
v 588838.0920102486 7016496.061704607 867.6183798635154
v 588865.6658363823 7016466.85448877 874.863155102483
v 588892.2728930657 7016436.730748254 880.963748827116
v 588918.8799497491 7016406.607007737 886.1249574668125
v 588945.4870064325 7016376.483267222 886.6288483148321
v 588972.0940631159 7016346.359526706 884.2280270095791
v 588998.7011197993 7016316.23578619 881.7399785045318
v 589025.3081764827 7016286.112045675 879.5102421053398
v 589051.9152331661 7016255.988305159 880.2871866038936
v 589078.5222898495 7016225.864564642 883.030652758266
v 589105.1293465329 7016195.740824127 888.4291841140682
v 589131.7364032161 7016165.617083611 894.6543100730673
v 589158.3434598995 7016135.493343095 899.2846025799493
v 589184.9505165829 7016105.36960258 901.8149077146693
v 589211.5575732663 7016075.245862064 903.470068172004
v 589238.1646299497 7016045.122121547 906.3715033787687
v 589264.7716866331 7016014.998381032 910.2643783153378
v 589291.3787433165 7015984.874640516 914.8014851691603
v 587003.8523000004 7014780.9937 949.445947343226
v 587042.7908353744 7014771.556837227 947.7093941791949
v 587081.7293707483 7014762.119974454 944.3869352050696
v 587120.6679061223 7014752.683111681 944.6582798666162
v 587159.6064414962 7014743.246248908 940.1620754540644
v 587198.5449768702 7014733.809386135 935.3127443878714
v 587237.4835122442 7014724.372523362 930.3262356618309
v 587276.4220476181 7014714.935660589 923.4967027353578
v 587315.3605829921 7014705.498797815 921.8374781487198
v 587354.2991183661 7014696.061935042 921.5026914975379
v 587393.23765374 7014686.625072269 920.7091761329743
v 587432.176189114 7014677.188209496 922.6257683300173
v 587459.5412059046 7014651.884685149 925.3296030455385
v 587480.4202227057 7014617.689209228 928.5431696226532
v 587501.2992395068 7014583.493733307 931.648820038572
v 587522.1782563078 7014549.298257385 934.7926696654538
v 587543.057273109 7014515.102781464 933.0781488265343
v 587563.9362899101 7014480.907305543 929.5789417580131
v 587584.8153067112 7014446.711829621 925.6980834781493
v 587605.6943235124 7014412.5163537 917.7738108469237
v 587626.5733403134 7014378.320877779 909.5864799844101
v 587647.4523571145 7014344.125401857 900.8212881611298
v 587650.4433248509 7014305.985416703 894.6059758563804
v 587645.8822803113 7014266.180130763 888.7470585720057
v 587641.3212357718 7014226.374844822 882.9121547841623
v 587636.7601912321 7014186.569558882 876.4914511142578
v 587632.1991466925 7014146.764272942 868.9770211834393
v 587627.638102153 7014106.958987002 860.8551065572856
v 587623.0770576134 7014067.153701062 850.355646246905
v 587618.5160130739 7014027.348415121 841.2076452188552
v 587612.6946133898 7013987.725559447 834.1898373864169
v 587605.7816901389 7013948.26069649 829.0394707337337
v 587598.8687668878 7013908.795833534 822.9242047382073
v 587591.9558436369 7013869.330970577 814.258965664014
v 587585.042920386 7013829.86610762 804.4251537541347
v 587576.7523562869 7013790.738372527 792.9553161950506
v 587564.6602343126 7013752.540931485 782.0760805395275
v 587552.5681123384 7013714.343490441 771.1934428708116
v 587540.4759903642 7013676.146049398 761.0792570614924
v 587528.38386839 7013637.948608356 751.7495976346092
v 587516.2917464158 7013599.751167312 743.4551055948971
v 587504.1996244414 7013561.55372627 736.5303632937391
v 587492.1075024672 7013523.3562852265 730.2921085717734
v 587480.015380493 7013485.158844184 723.8615118101554
v 587467.9232585188 7013446.961403141 719.0773463240755
v 587451.1607661381 7013411.122733405 717.9547327059586
v 587427.5960264662 7013378.719539731 718.0586788082619
v 587404.0312867942 7013346.316346057 715.9112104331607
v 587380.4665471223 7013313.913152384 711.1504904870071
v 587356.9018074505 7013281.50995871 706.9924538896325
v 587333.3370677786 7013249.106765036 708.6710963906032
v 587309.7723281066 7013216.7035713615 712.9065913006614
v 587286.2075884347 7013184.300377688 716.5089715028723
v 587261.2427255391 7013153.036611985 720.2667603249118
v 587234.3029125885 7013123.380071489 723.2256843150809
v 587207.3630996378 7013093.723530992 724.6407943330731
v 587180.423286687 7013064.066990495 725.1616926607569
v 587153.4834737363 7013034.4104499975 725.676608135713
v 587125.7543580979 7013005.594082615 726.7023843880196
v 587094.4751446041 7012980.556616304 731.149703192386
v 587063.1959311102 7012955.519149994 735.3588808386849
v 587031.9167176163 7012930.481683683 738.9488916755863
v 587000.6375041225 7012905.444217372 741.5309945062211
v 586969.3582906285 7012880.406751061 742.5518611970334
v 586938.0790771347 7012855.36928475 743.4213299544095
v 586906.7998636408 7012830.331818439 743.7959981608652
v 586875.5206501469 7012805.294352128 744.156867729702
v 586840.1967824423 7012786.485794095 749.3920651818464
v 586804.5996636782 7012768.098052206 754.3962725759525
v 586769.0025449143 7012749.710310318 758.2045467823392
v 586733.4054261503 7012731.322568429 759.5350946572696
v 586697.8083073862 7012712.934826541 759.8773743359639
v 586662.1605956474 7012694.645988645 759.7849845255073
v 586626.4187119615 7012676.541247094 759.0893743960615
v 586590.6768282754 7012658.436505542 759.868902443803
v 586554.9349445895 7012640.331763991 760.2204606669247
v 586519.0419310981 7012622.56551235 760.6316646015006
v 586481.7017986208 7012608.040416045 762.2386443452301
v 586444.3616661434 7012593.515319741 763.1983101594442
v 586407.0215336661 7012578.990223438 764.293973562479
v 586369.6814011887 7012564.465127133 762.2556728615542
v 586332.3412687114 7012549.940030829 758.6524007755353
v 586295.0011362341 7012535.414934525 752.282138090169
v 586257.6610037568 7012520.889838221 748.0004802640547
v 586220.3208712795 7012506.364741917 743.4373435999225
v 586182.9807388021 7012491.839645613 739.3295493879602
v 586145.6406063248 7012477.314549308 734.8107573979519
v 586108.3004738474 7012462.7894530045 730.7218633736296
v 586070.9603413701 7012448.264356701 725.7423817972549
v 586033.6202088927 7012433.739260396 719.1302230862144
v 585996.281370967 7012419.210888175 712.9344252407386
v 585959.0989383709 7012404.286725811 707.6326070796345
v 585921.9165057747 7012389.362563445 703.7795951399726
v 585884.7340731785 7012374.438401081 700.3050029061565
v 585847.5516405823 7012359.514238715 695.4259989460896
v 585810.369207986 7012344.590076351 687.7021433533512
v 585773.18677539 7012329.665913985 678.0526359211408
v 585736.0043427937 7012314.741751621 666.2394218295445
v 585698.8219101975 7012299.817589255 653.8004940224853
v 585661.6394776013 7012284.8934268905 643.3818041907698
v 585622.827229834 7012277.331949916 638.4607747801699
v 585582.819896417 7012275.169268956 637.1094120706784
v 585542.812563 7012273.006587998 638.7448572294422
v 585502.805229583 7012270.84390704 637.8740850271658
v 585462.797896166 7012268.68122608 639.6152493907059
v 585422.790562749 7012266.518545122 641.6666758030958
v 585382.783229332 7012264.3558641635 645.1970011682479
v 585342.775895915 7012262.193183204 651.5737987713676
v 585302.768562498 7012260.030502246 660.2174930188979
v 585262.761229081 7012257.867821287 670.6639149498374
v 585222.753895664 7012255.705140328 681.881605394306
v 585182.746562247 7012253.54245937 692.642968984237
v 585142.73922883 7012251.379778411 704.5485592783549
v 585102.731895413 7012249.217097452 717.8469690631827
v 585062.7245619961 7012247.0544164935 727.9824627832093
v 585022.717228579 7012244.891735535 734.743189782343
v 584983.3302403676 7012249.209237774 738.8127095323545
v 584944.4598197648 7012258.922852871 737.8682952149811
v 584905.5893991622 7012268.636467967 734.577475135818
v 584866.7189785595 7012278.350083063 721.5665903413587
v 584827.8485579569 7012288.0636981595 701.8102424661759
v 584788.9781373541 7012297.777313256 677.5772495404336
v 584750.1077167515 7012307.490928352 654.4457143402086
v 584710.4922898163 7012312.313967517 633.2906660309147
v 584670.4926767568 7012314.615026222 614.1295731863086
v 584630.4930636975 7012316.9160849275 600.5694217103302
v 584590.493450638 7012319.2171436325 590.7085682565123
v 584550.4938375786 7012321.518202337 583.7414023548126
v 584510.4942245192 7012323.819261043 580.2228943896541
v 584470.6292177747 7012327.279853667 577.1508441743372
v 584431.1662063021 7012334.203338454 579.3479757299062
v 584391.7031948296 7012341.12682324 586.0437120163294
v 584352.240183357 7012348.050308026 596.8869935464656
v 584312.7771718845 7012354.973792813 611.7219007969549
v 584273.314160412 7012361.897277598 627.9352807117018
v 584233.8511489395 7012368.820762385 644.573034424953
v 584194.3881374669 7012375.744247171 661.4825079357577
v 584154.9251259944 7012382.6677319575 678.6814615284326
v 584115.4621145218 7012389.591216744 695.2955554046112
v 584075.9991030493 7012396.51470153 710.0422894890685
v 584036.5360915767 7012403.438186317 717.7190325157964
v 583997.0730801042 7012410.361671103 715.7991077545821
v 583957.6100686316 7012417.285155889 711.7450555493192
v 583918.1470571591 7012424.208640675 711.8871530465487
v 583878.6840456865 7012431.1321254615 710.7001087463341
v 583839.4784245862 7012439.325186231 715.1851355101745
v 583800.4349225248 7012448.317897883 720.3366189976864
v 583761.3914204634 7012457.310609534 722.4812516320529
v 583724.9981576921 7012473.11431652 717.2127534420612
v 583690.1448817274 7012492.875720079 710.7298308985996
v 583655.2916057626 7012512.637123637 703.3692642410492
v 583620.4383297977 7012532.398527195 696.6472044386883
v 583585.5850538329 7012552.1599307535 691.9886111081416
v 583550.731777868 7012571.921334311 688.5929467092226
v 583515.8785019031 7012591.682737869 684.9982861808488
v 583481.0252259383 7012611.444141427 682.6463292795063
v 583446.1719499734 7012631.205544986 680.5450072786011
v 583411.3186740086 7012650.966948544 680.023050094396
v 583376.4653980437 7012670.7283521015 677.7605582087639
v 583341.6121220789 7012690.48975566 675.102729576012
v 583306.758846114 7012710.251159218 668.106915256038
v 583271.9055701492 7012730.012562776 656.7319366572713
v 583237.0522941843 7012749.773966334 644.1859040927687
v 583211.9181015587 7012780.87028952 639.9854412805066
v 583187.0696716271 7012812.299884587 641.3035284482958
v 583162.2212416956 7012843.729479653 648.3374573376095
v 583137.3728117641 7012875.159074718 657.0775022183058
v 583112.5243818326 7012906.588669784 662.1397418688791
v 583087.675951901 7012938.018264851 664.2772224297833
v 583062.8275219694 7012969.447859916 665.0
v 583040.5275432074 7013001.209548763 665.0
v 583056.491619956 7013037.957503395 665.0
v 583072.4556967047 7013074.705458026 664.4804661345241
v 583088.4197734533 7013111.453412659 664.2241372471501
v 583104.383850202 7013148.201367291 664.4218392283124
v 583120.3479269505 7013184.949321923 664.6111295129917
v 583136.3120036992 7013221.697276555 664.6551591800572
v 583152.2760804478 7013258.445231186 664.9427329057283
v 583177.296945618 7013288.625300567 665.4065408146441
v 583207.2660656095 7013315.216948937 665.8956006215066
v 583237.2351856009 7013341.808597306 666.3846604283812
v 583267.2043055923 7013368.400245675 667.6960555065681
v 583297.1734255839 7013394.991894045 670.462331313941
v 583327.1425455753 7013421.583542414 672.7182227754979
v 583357.1116655668 7013448.175190784 674.9068999453305
v 583387.0807855582 7013474.766839153 677.8009345928435
v 583417.0499055496 7013501.358487522 678.889945671272
v 583447.0190255411 7013527.950135892 676.4314593873646
v 583476.9881455326 7013554.541784261 675.0
v 583506.9572655241 7013581.133432631 675.4067494444791
v 583536.9263855155 7013607.7250810005 677.8902385154248
v 583566.8955055069 7013634.3167293705 680.861415401012
v 583602.5124445512 7013645.882232755 681.9947326265215
v 583642.5772914499 7013645.613980902 681.3158395716365
v 583682.6421383485 7013645.34572905 679.8977610427073
v 583722.7069852472 7013645.077477198 678.6437771897096
v 583762.7718321459 7013644.809225346 679.5709661598022
v 583802.8366790445 7013644.540973494 680.0
v 583842.9015259431 7013644.272721641 680.0
v 583882.9663728417 7013644.004469789 680.0
v 583923.0312197404 7013643.7362179365 680.1902093357478
v 583963.0960666391 7013643.467966084 681.382576155746
v 584003.1609135377 7013643.199714231 682.6145183708458
v 584043.2257604364 7013642.931462379 683.9635357125051
v 584083.290607335 7013642.663210527 685.6069816580455
v 584122.3380115228 7013648.598774396 688.2038583424621
v 584160.2183858984 7013661.650255279 691.1561891402848
v 584198.0987602739 7013674.7017361615 696.9945180665068
v 584235.9791346494 7013687.753217045 705.0750388184942
v 584273.8595090249 7013700.804697928 714.0866410329975
v 584311.7398834004 7013713.856178811 723.9727521886589
v 584349.620257776 7013726.907659694 730.2890921727941
v 584387.5006321515 7013739.959140576 734.2539058760267
v 584425.381006527 7013753.010621459 738.2211428775377
v 584463.2613809025 7013766.062102343 741.3926698341518
v 584501.1417552781 7013779.113583226 746.619163016859
v 584539.0221296536 7013792.165064109 752.3142003159234
v 584576.9025040291 7013805.216544991 758.6427660869798
v 584614.7828784046 7013818.268025874 766.2806650226277
v 584652.6632527802 7013831.319506757 773.8759287282195
v 584690.5436271557 7013844.370987641 781.728866879299
v 584728.4240015312 7013857.4224685235 787.6647435191389
v 584766.3043759067 7013870.473949406 790.6072247016622
v 584804.1847502822 7013883.525430289 791.6048179366337
v 584842.0651246578 7013896.576911172 786.4862837302546
v 584879.9454990333 7013909.628392056 781.4211913523368
v 584917.8258734088 7013922.679872938 775.0137325362381
v 584955.7062477843 7013935.731353821 770.9460232153665
v 584993.5866221599 7013948.782834704 767.6360425674262
v 585031.4669965354 7013961.834315587 766.4834883977938
v 585069.3473709109 7013974.88579647 765.01859784123
v 585107.2277452864 7013987.937277353 763.5245701941496
v 585145.1081196619 7014000.988758236 762.871436744774
v 585182.9884940375 7014014.040239119 763.235592521456
v 585220.868868413 7014027.091720002 764.67604191525
v 585258.7492427885 7014040.143200885 769.4012917885724
v 585296.629617164 7014053.194681767 774.2585801951399
v 585334.5099915396 7014066.246162651 779.0606226360196
v 585372.3903659151 7014079.297643534 782.534720604933
v 585410.2707402906 7014092.349124417 784.4720272768202
v 585448.1511146661 7014105.4006052995 784.5167694900454
v 585486.0314890416 7014118.452086182 782.8202156410081
v 585523.9118634172 7014131.503567065 780.3349732489412
v 585561.7922377927 7014144.555047949 776.293926382596
v 585599.6726121682 7014157.606528832 772.1222556743453
v 585637.5529865437 7014170.658009714 768.062947360377
v 585675.4333609194 7014183.709490597 767.335536118586
v 585713.3137352949 7014196.76097148 770.2488232197284
v 585751.1941096704 7014209.812452364 773.0077792817674
v 585789.0744840459 7014222.863933247 775.2679370250387
v 585826.9548584213 7014235.915414129 773.7515590602949
v 585864.835232797 7014248.966895012 769.6804199045916
v 585902.7156071725 7014262.018375895 766.445643278113
v 585940.595981548 7014275.069856778 765.1357013473677
v 585978.4763559235 7014288.1213376615 764.4328237204991
v 586016.3567302991 7014301.172818544 763.966000164049
v 586054.2371046746 7014314.224299427 766.4578062244666
v 586087.0478516228 7014335.942022169 770.1202301234196
v 586116.989000194 7014362.565161321 774.4265295356488
v 586146.9301487652 7014389.188300473 778.5990941891505
v 586176.8712973363 7014415.811439625 782.7349347008935
v 586206.8124459075 7014442.434578777 789.3952212831408
v 586236.7535944787 7014469.057717929 798.5147113120943
v 586266.6947430499 7014495.680857081 807.8787449515149
v 586296.635891621 7014522.303996233 817.4639391209311
v 586326.5770401922 7014548.927135386 827.6303802911459
v 586356.5181887634 7014575.550274537 838.8983072335268
v 586390.2586496124 7014595.385524757 843.819833635491
v 586428.6082527617 7014606.98603571 847.5103541958513
v 586466.9578559109 7014618.586546663 851.4417703501707
v 586505.3074590601 7014630.187057615 858.2067727407871
v 586543.6570622094 7014641.787568568 867.8792743654983
v 586582.0066653587 7014653.388079521 880.3538705616706
v 586620.3562685079 7014664.988590473 891.4422982341415
v 586658.7058716571 7014676.589101426 901.8910977119698
v 586697.0554748063 7014688.189612379 910.0677684149815
v 586735.4050779557 7014699.790123331 919.0215792161496
v 586773.7546811049 7014711.390634284 926.5294058425279
v 586812.1042842541 7014722.991145237 934.4089710928056
v 586850.4538874034 7014734.591656189 941.0861462400821
v 586888.8034905526 7014746.192167142 944.1817639453488
v 586927.1530937019 7014757.792678095 948.0749878565468
v 586965.5026968512 7014769.393189047 945.0337744014117
v 587003.8523000004 7014780.9937 922.445947343226
v 587042.7908353744 7014771.556837227 920.7093941791949
v 587081.7293707483 7014762.119974454 917.3869352050696
v 587120.6679061223 7014752.683111681 917.6582798666162
v 587159.6064414962 7014743.246248908 913.1620754540644
v 587198.5449768702 7014733.809386135 908.3127443878714
v 587237.4835122442 7014724.372523362 903.3262356618309
v 587276.4220476181 7014714.935660589 896.4967027353578
v 587315.3605829921 7014705.498797815 894.8374781487198
v 587354.2991183661 7014696.061935042 894.5026914975379
v 587393.23765374 7014686.625072269 893.7091761329743
v 587432.176189114 7014677.188209496 895.6257683300173
v 587459.5412059046 7014651.884685149 898.3296030455385
v 587480.4202227057 7014617.689209228 901.5431696226532
v 587501.2992395068 7014583.493733307 904.648820038572
v 587522.1782563078 7014549.298257385 907.7926696654538
v 587543.057273109 7014515.102781464 906.0781488265343
v 587563.9362899101 7014480.907305543 902.5789417580131
v 587584.8153067112 7014446.711829621 898.6980834781493
v 587605.6943235124 7014412.5163537 890.7738108469237
v 587626.5733403134 7014378.320877779 882.5864799844101
v 587647.4523571145 7014344.125401857 873.8212881611298
v 587650.4433248509 7014305.985416703 867.6059758563804
v 587645.8822803113 7014266.180130763 861.7470585720057
v 587641.3212357718 7014226.374844822 855.9121547841623
v 587636.7601912321 7014186.569558882 849.4914511142578
v 587632.1991466925 7014146.764272942 841.9770211834393
v 587627.638102153 7014106.958987002 833.8551065572856
v 587623.0770576134 7014067.153701062 823.355646246905
v 587618.5160130739 7014027.348415121 814.2076452188552
v 587612.6946133898 7013987.725559447 807.1898373864169
v 587605.7816901389 7013948.26069649 802.0394707337337
v 587598.8687668878 7013908.795833534 795.9242047382073
v 587591.9558436369 7013869.330970577 787.258965664014
v 587585.042920386 7013829.86610762 777.4251537541347
v 587576.7523562869 7013790.738372527 765.9553161950506
v 587564.6602343126 7013752.540931485 755.0760805395275
v 587552.5681123384 7013714.343490441 744.1934428708116
v 587540.4759903642 7013676.146049398 734.0792570614924
v 587528.38386839 7013637.948608356 724.7495976346092
v 587516.2917464158 7013599.751167312 716.4551055948971
v 587504.1996244414 7013561.55372627 709.5303632937391
v 587492.1075024672 7013523.3562852265 703.2921085717734
v 587480.015380493 7013485.158844184 696.8615118101554
v 587467.9232585188 7013446.961403141 692.0773463240755
v 587451.1607661381 7013411.122733405 690.9547327059586
v 587427.5960264662 7013378.719539731 691.0586788082619
v 587404.0312867942 7013346.316346057 688.9112104331607
v 587380.4665471223 7013313.913152384 684.1504904870071
v 587356.9018074505 7013281.50995871 679.9924538896325
v 587333.3370677786 7013249.106765036 681.6710963906032
v 587309.7723281066 7013216.7035713615 685.9065913006614
v 587286.2075884347 7013184.300377688 689.5089715028723
v 587261.2427255391 7013153.036611985 693.2667603249118
v 587234.3029125885 7013123.380071489 696.2256843150809
v 587207.3630996378 7013093.723530992 697.6407943330731
v 587180.423286687 7013064.066990495 698.1616926607569
v 587153.4834737363 7013034.4104499975 698.676608135713
v 587125.7543580979 7013005.594082615 699.7023843880196
v 587094.4751446041 7012980.556616304 704.149703192386
v 587063.1959311102 7012955.519149994 708.3588808386849
v 587031.9167176163 7012930.481683683 711.9488916755863
v 587000.6375041225 7012905.444217372 714.5309945062211
v 586969.3582906285 7012880.406751061 715.5518611970334
v 586938.0790771347 7012855.36928475 716.4213299544095
v 586906.7998636408 7012830.331818439 716.7959981608652
v 586875.5206501469 7012805.294352128 717.156867729702
v 586840.1967824423 7012786.485794095 722.3920651818464
v 586804.5996636782 7012768.098052206 727.3962725759525
v 586769.0025449143 7012749.710310318 731.2045467823392
v 586733.4054261503 7012731.322568429 732.5350946572696
v 586697.8083073862 7012712.934826541 732.8773743359639
v 586662.1605956474 7012694.645988645 732.7849845255073
v 586626.4187119615 7012676.541247094 732.0893743960615
v 586590.6768282754 7012658.436505542 732.868902443803
v 586554.9349445895 7012640.331763991 733.2204606669247
v 586519.0419310981 7012622.56551235 733.6316646015006
v 586481.7017986208 7012608.040416045 735.2386443452301
v 586444.3616661434 7012593.515319741 736.1983101594442
v 586407.0215336661 7012578.990223438 737.293973562479
v 586369.6814011887 7012564.465127133 735.2556728615542
v 586332.3412687114 7012549.940030829 731.6524007755353
v 586295.0011362341 7012535.414934525 725.282138090169
v 586257.6610037568 7012520.889838221 721.0004802640547
v 586220.3208712795 7012506.364741917 716.4373435999225
v 586182.9807388021 7012491.839645613 712.3295493879602
v 586145.6406063248 7012477.314549308 707.8107573979519
v 586108.3004738474 7012462.7894530045 703.7218633736296
v 586070.9603413701 7012448.264356701 698.7423817972549
v 586033.6202088927 7012433.739260396 692.1302230862144
v 585996.281370967 7012419.210888175 685.9344252407386
v 585959.0989383709 7012404.286725811 680.6326070796345
v 585921.9165057747 7012389.362563445 676.7795951399726
v 585884.7340731785 7012374.438401081 673.3050029061565
v 585847.5516405823 7012359.514238715 668.4259989460896
v 585810.369207986 7012344.590076351 660.7021433533512
v 585773.18677539 7012329.665913985 651.0526359211408
v 585736.0043427937 7012314.741751621 639.2394218295445
v 585698.8219101975 7012299.817589255 626.8004940224853
v 585661.6394776013 7012284.8934268905 616.3818041907698
v 585622.827229834 7012277.331949916 611.4607747801699
v 585582.819896417 7012275.169268956 610.1094120706784
v 585542.812563 7012273.006587998 611.7448572294422
v 585502.805229583 7012270.84390704 610.8740850271658
v 585462.797896166 7012268.68122608 612.6152493907059
v 585422.790562749 7012266.518545122 614.6666758030958
v 585382.783229332 7012264.3558641635 618.1970011682479
v 585342.775895915 7012262.193183204 624.5737987713676
v 585302.768562498 7012260.030502246 633.2174930188979
v 585262.761229081 7012257.867821287 643.6639149498374
v 585222.753895664 7012255.705140328 654.881605394306
v 585182.746562247 7012253.54245937 665.642968984237
v 585142.73922883 7012251.379778411 677.5485592783549
v 585102.731895413 7012249.217097452 690.8469690631827
v 585062.7245619961 7012247.0544164935 700.9824627832093
v 585022.717228579 7012244.891735535 707.743189782343
v 584983.3302403676 7012249.209237774 711.8127095323545
v 584944.4598197648 7012258.922852871 710.8682952149811
v 584905.5893991622 7012268.636467967 707.577475135818
v 584866.7189785595 7012278.350083063 694.5665903413587
v 584827.8485579569 7012288.0636981595 674.8102424661759
v 584788.9781373541 7012297.777313256 650.5772495404336
v 584750.1077167515 7012307.490928352 627.4457143402086
v 584710.4922898163 7012312.313967517 606.2906660309147
v 584670.4926767568 7012314.615026222 587.1295731863086
v 584630.4930636975 7012316.9160849275 573.5694217103302
v 584590.493450638 7012319.2171436325 563.7085682565123
v 584550.4938375786 7012321.518202337 556.7414023548126
v 584510.4942245192 7012323.819261043 553.2228943896541
v 584470.6292177747 7012327.279853667 550.1508441743372
v 584431.1662063021 7012334.203338454 552.3479757299062
v 584391.7031948296 7012341.12682324 559.0437120163294
v 584352.240183357 7012348.050308026 569.8869935464656
v 584312.7771718845 7012354.973792813 584.7219007969549
v 584273.314160412 7012361.897277598 600.9352807117018
v 584233.8511489395 7012368.820762385 617.573034424953
v 584194.3881374669 7012375.744247171 634.4825079357577
v 584154.9251259944 7012382.6677319575 651.6814615284326
v 584115.4621145218 7012389.591216744 668.2955554046112
v 584075.9991030493 7012396.51470153 683.0422894890685
v 584036.5360915767 7012403.438186317 690.7190325157964
v 583997.0730801042 7012410.361671103 688.7991077545821
v 583957.6100686316 7012417.285155889 684.7450555493192
v 583918.1470571591 7012424.208640675 684.8871530465487
v 583878.6840456865 7012431.1321254615 683.7001087463341
v 583839.4784245862 7012439.325186231 688.1851355101745
v 583800.4349225248 7012448.317897883 693.3366189976864
v 583761.3914204634 7012457.310609534 695.4812516320529
v 583724.9981576921 7012473.11431652 690.2127534420612
v 583690.1448817274 7012492.875720079 683.7298308985996
v 583655.2916057626 7012512.637123637 676.3692642410492
v 583620.4383297977 7012532.398527195 669.6472044386883
v 583585.5850538329 7012552.1599307535 664.9886111081416
v 583550.731777868 7012571.921334311 661.5929467092226
v 583515.8785019031 7012591.682737869 657.9982861808488
v 583481.0252259383 7012611.444141427 655.6463292795063
v 583446.1719499734 7012631.205544986 653.5450072786011
v 583411.3186740086 7012650.966948544 653.023050094396
v 583376.4653980437 7012670.7283521015 650.7605582087639
v 583341.6121220789 7012690.48975566 648.102729576012
v 583306.758846114 7012710.251159218 641.106915256038
v 583271.9055701492 7012730.012562776 629.7319366572713
v 583237.0522941843 7012749.773966334 617.1859040927687
v 583211.9181015587 7012780.87028952 612.9854412805066
v 583187.0696716271 7012812.299884587 614.3035284482958
v 583162.2212416956 7012843.729479653 621.3374573376095
v 583137.3728117641 7012875.159074718 630.0775022183058
v 583112.5243818326 7012906.588669784 635.1397418688791
v 583087.675951901 7012938.018264851 637.2772224297833
v 583062.8275219694 7012969.447859916 638.0
v 583040.5275432074 7013001.209548763 638.0
v 583056.491619956 7013037.957503395 638.0
v 583072.4556967047 7013074.705458026 637.4804661345241
v 583088.4197734533 7013111.453412659 637.2241372471501
v 583104.383850202 7013148.201367291 637.4218392283124
v 583120.3479269505 7013184.949321923 637.6111295129917
v 583136.3120036992 7013221.697276555 637.6551591800572
v 583152.2760804478 7013258.445231186 637.9427329057283
v 583177.296945618 7013288.625300567 638.4065408146441
v 583207.2660656095 7013315.216948937 638.8956006215066
v 583237.2351856009 7013341.808597306 639.3846604283812
v 583267.2043055923 7013368.400245675 640.6960555065681
v 583297.1734255839 7013394.991894045 643.462331313941
v 583327.1425455753 7013421.583542414 645.7182227754979
v 583357.1116655668 7013448.175190784 647.9068999453305
v 583387.0807855582 7013474.766839153 650.8009345928435
v 583417.0499055496 7013501.358487522 651.889945671272
v 583447.0190255411 7013527.950135892 649.4314593873646
v 583476.9881455326 7013554.541784261 648.0
v 583506.9572655241 7013581.133432631 648.4067494444791
v 583536.9263855155 7013607.7250810005 650.8902385154248
v 583566.8955055069 7013634.3167293705 653.861415401012
v 583602.5124445512 7013645.882232755 654.9947326265215
v 583642.5772914499 7013645.613980902 654.3158395716365
v 583682.6421383485 7013645.34572905 652.8977610427073
v 583722.7069852472 7013645.077477198 651.6437771897096
v 583762.7718321459 7013644.809225346 652.5709661598022
v 583802.8366790445 7013644.540973494 653.0
v 583842.9015259431 7013644.272721641 653.0
v 583882.9663728417 7013644.004469789 653.0
v 583923.0312197404 7013643.7362179365 653.1902093357478
v 583963.0960666391 7013643.467966084 654.382576155746
v 584003.1609135377 7013643.199714231 655.6145183708458
v 584043.2257604364 7013642.931462379 656.9635357125051
v 584083.290607335 7013642.663210527 658.6069816580455
v 584122.3380115228 7013648.598774396 661.2038583424621
v 584160.2183858984 7013661.650255279 664.1561891402848
v 584198.0987602739 7013674.7017361615 669.9945180665068
v 584235.9791346494 7013687.753217045 678.0750388184942
v 584273.8595090249 7013700.804697928 687.0866410329975
v 584311.7398834004 7013713.856178811 696.9727521886589
v 584349.620257776 7013726.907659694 703.2890921727941
v 584387.5006321515 7013739.959140576 707.2539058760267
v 584425.381006527 7013753.010621459 711.2211428775377
v 584463.2613809025 7013766.062102343 714.3926698341518
v 584501.1417552781 7013779.113583226 719.619163016859
v 584539.0221296536 7013792.165064109 725.3142003159234
v 584576.9025040291 7013805.216544991 731.6427660869798
v 584614.7828784046 7013818.268025874 739.2806650226277
v 584652.6632527802 7013831.319506757 746.8759287282195
v 584690.5436271557 7013844.370987641 754.728866879299
v 584728.4240015312 7013857.4224685235 760.6647435191389
v 584766.3043759067 7013870.473949406 763.6072247016622
v 584804.1847502822 7013883.525430289 764.6048179366337
v 584842.0651246578 7013896.576911172 759.4862837302546
v 584879.9454990333 7013909.628392056 754.4211913523368
v 584917.8258734088 7013922.679872938 748.0137325362381
v 584955.7062477843 7013935.731353821 743.9460232153665
v 584993.5866221599 7013948.782834704 740.6360425674262
v 585031.4669965354 7013961.834315587 739.4834883977938
v 585069.3473709109 7013974.88579647 738.01859784123
v 585107.2277452864 7013987.937277353 736.5245701941496
v 585145.1081196619 7014000.988758236 735.871436744774
v 585182.9884940375 7014014.040239119 736.235592521456
v 585220.868868413 7014027.091720002 737.67604191525
v 585258.7492427885 7014040.143200885 742.4012917885724
v 585296.629617164 7014053.194681767 747.2585801951399
v 585334.5099915396 7014066.246162651 752.0606226360196
v 585372.3903659151 7014079.297643534 755.534720604933
v 585410.2707402906 7014092.349124417 757.4720272768202
v 585448.1511146661 7014105.4006052995 757.5167694900454
v 585486.0314890416 7014118.452086182 755.8202156410081
v 585523.9118634172 7014131.503567065 753.3349732489412
v 585561.7922377927 7014144.555047949 749.293926382596
v 585599.6726121682 7014157.606528832 745.1222556743453
v 585637.5529865437 7014170.658009714 741.062947360377
v 585675.4333609194 7014183.709490597 740.335536118586
v 585713.3137352949 7014196.76097148 743.2488232197284
v 585751.1941096704 7014209.812452364 746.0077792817674
v 585789.0744840459 7014222.863933247 748.2679370250387
v 585826.9548584213 7014235.915414129 746.7515590602949
v 585864.835232797 7014248.966895012 742.6804199045916
v 585902.7156071725 7014262.018375895 739.445643278113
v 585940.595981548 7014275.069856778 738.1357013473677
v 585978.4763559235 7014288.1213376615 737.4328237204991
v 586016.3567302991 7014301.172818544 736.966000164049
v 586054.2371046746 7014314.224299427 739.4578062244666
v 586087.0478516228 7014335.942022169 743.1202301234196
v 586116.989000194 7014362.565161321 747.4265295356488
v 586146.9301487652 7014389.188300473 751.5990941891505
v 586176.8712973363 7014415.811439625 755.7349347008935
v 586206.8124459075 7014442.434578777 762.3952212831408
v 586236.7535944787 7014469.057717929 771.5147113120943
v 586266.6947430499 7014495.680857081 780.8787449515149
v 586296.635891621 7014522.303996233 790.4639391209311
v 586326.5770401922 7014548.927135386 800.6303802911459
v 586356.5181887634 7014575.550274537 811.8983072335268
v 586390.2586496124 7014595.385524757 816.819833635491
v 586428.6082527617 7014606.98603571 820.5103541958513
v 586466.9578559109 7014618.586546663 824.4417703501707
v 586505.3074590601 7014630.187057615 831.2067727407871
v 586543.6570622094 7014641.787568568 840.8792743654983
v 586582.0066653587 7014653.388079521 853.3538705616706
v 586620.3562685079 7014664.988590473 864.4422982341415
v 586658.7058716571 7014676.589101426 874.8910977119698
v 586697.0554748063 7014688.189612379 883.0677684149815
v 586735.4050779557 7014699.790123331 892.0215792161496
v 586773.7546811049 7014711.390634284 899.5294058425279
v 586812.1042842541 7014722.991145237 907.4089710928056
v 586850.4538874034 7014734.591656189 914.0861462400821
v 586888.8034905526 7014746.192167142 917.1817639453488
v 586927.1530937019 7014757.792678095 921.0749878565468
v 586965.5026968512 7014769.393189047 918.0337744014117
v 585080.4972000001 7017250.261 582.6619779594807
v 585110.4775054491 7017277.076362761 584.6274336604173
v 585140.4578108981 7017303.8917255225 589.4495082364816
v 585170.4381163471 7017330.707088283 593.7121551895583
v 585200.418421796 7017357.522451045 597.5652657223343
v 585230.3987272452 7017384.337813806 603.4062822085523
v 585260.3790326942 7017411.1531765675 609.4987412656634
v 585290.3593381431 7017437.968539328 615.9832371019625
v 585320.3396435921 7017464.783902089 622.1403655224493
v 585360.4080446259 7017464.91609347 628.5289072863
v 585400.6300200918 7017464.642078063 634.8437652471478
v 585440.8519955578 7017464.368062656 639.9348278911131
v 585481.0739710238 7017464.09404725 640.0
v 585521.2959464898 7017463.820031843 640.0
v 585561.3539270088 7017462.785459716 640.0
v 585598.1148232745 7017446.460053119 640.0
v 585634.8757195402 7017430.134646521 640.5664779616966
v 585671.6366158058 7017413.809239923 637.7572233554712
v 585708.3975120715 7017397.483833326 634.0446872600954
v 585745.1584083372 7017381.158426728 628.9205876607741
v 585781.9193046029 7017364.833020131 624.0849127932572
v 585818.6802008685 7017348.507613533 619.5688572556159
v 585855.4410971341 7017332.182206936 616.8124840421474
v 585892.2019933999 7017315.856800338 614.6290028291633
v 585928.9628896655 7017299.531393741 613.8027291011513
v 585965.7237859311 7017283.205987143 613.8893500414067
v 586002.4846821969 7017266.880580545 613.340600325545
v 586039.1839313608 7017250.423340389 612.6012038405363
v 586075.2814151566 7017232.679212953 612.1707384385572
v 586111.3788989523 7017214.935085517 612.3621592908949
v 586147.476382748 7017197.190958082 612.4852006401388
v 586183.5738665438 7017179.446830646 611.8692628480765
v 586219.6713503395 7017161.7027032105 610.0394886837211
v 586255.7688341353 7017143.958575775 608.3620070811351
v 586291.866317931 7017126.21444834 606.9241678908888
v 586327.9638017267 7017108.470320905 606.0899872285595
v 586364.0612855224 7017090.726193469 605.3360634796618
v 586400.1587693181 7017072.982066033 606.6849094549033
v 586436.2562531139 7017055.237938598 608.8879000717856
v 586472.3537369097 7017037.493811162 612.2981154327726
v 586508.4512207054 7017019.749683727 617.6687798581619
v 586542.9083979878 7016999.533129485 621.5333666948293
v 586573.2894944098 7016973.172716456 622.2639265762807
v 586603.6705908319 7016946.812303429 619.590928839616
v 586634.051687254 7016920.451890401 616.7749537171494
v 586664.432783676 7016894.091477372 615.0
v 586694.813880098 7016867.731064344 615.0
v 586725.1949765201 7016841.370651315 615.0
v 586755.5760729421 7016815.010238287 617.8206835490425
v 586752.6576066306 7016775.542421339 616.4812481363927
v 586748.3959828194 7016735.545909525 621.5812783677261
v 586744.134359008 7016695.54939771 628.7650958491713
v 586739.8727351967 7016655.552885896 636.5605126600381
v 586735.6111113855 7016615.556374081 645.3375668738065
v 586731.3494875742 7016575.559862267 655.2974633759618
v 586727.0878637629 7016535.563350452 668.8139335370633
v 586713.417503421 7016499.294453909 682.2749754117606
v 586689.1302612249 7016467.231823615 696.2607755773683
v 586664.843019029 7016435.169193322 706.7867223369356
v 586640.555776833 7016403.106563028 711.9789886570804
v 586616.2685346369 7016371.043932734 708.4368210793319
v 586580.1716479659 7016356.306022598 701.6983615361921
v 586541.4504158893 7016345.418020885 693.5306377104607
v 586502.7291838126 7016334.5300191725 683.5175757857018
v 586464.007951736 7016323.6420174595 670.1733117411663
v 586425.2867196593 7016312.7540157465 653.8619760934417
v 586386.5654875827 7016301.8660140345 639.7301338156681
v 586347.8442555061 7016290.9780123215 626.7518184449738
v 586309.1230234295 7016280.090010609 616.4598723693788
v 586270.4017913529 7016269.202008896 609.1719895875142
v 586231.6805592763 7016258.314007183 604.2804223076936
v 586192.9593271996 7016247.42600547 599.3768823983025
v 586153.8508377563 7016238.110019184 596.7683837987915
v 586114.5028835376 7016229.7661056155 596.3432289822957
v 586075.1549293189 7016221.422192047 595.3829545908145
v 586035.8069751003 7016213.078278479 594.4630145691483
v 585996.4590208817 7016204.73436491 596.4157292275603
v 585957.111066663 7016196.390451342 598.0843772305719
v 585917.7631124444 7016188.046537774 599.7469381790191
v 585878.4151582258 7016179.702624205 599.1524140140233
v 585839.0672040072 7016171.358710636 597.8386378353412
v 585799.7192497886 7016163.014797068 594.9775900055077
v 585760.3712955698 7016154.6708835 593.6039808301663
v 585720.2447447288 7016157.02780351 592.7778388806248
v 585680.1034000547 7016159.588046191 592.5358117726156
v 585639.9620553806 7016162.148288873 594.0006246656744
v 585599.8207107065 7016164.708531554 594.3985601677954
v 585559.6793660325 7016167.268774236 591.712138552849
v 585519.5380213584 7016169.829016916 589.1260263860565
v 585479.3966766843 7016172.389259597 586.4069793254798
v 585439.2553320102 7016174.949502279 584.5018068162276
v 585399.1139873362 7016177.50974496 584.0332801240044
v 585358.9726426621 7016180.069987642 583.6028698065595
v 585318.8312979881 7016182.6302303225 583.3497695534675
v 585278.6899533139 7016185.190473003 583.1090818516898
v 585238.5486086399 7016187.750715685 582.0420888986134
v 585198.4072639658 7016190.310958366 579.3000960054956
v 585158.2659192918 7016192.871201048 575.0168044731447
v 585118.1245746176 7016195.4314437285 570.901904566949
v 585077.9832299436 7016197.99168641 566.4015316741913
v 585037.8418852695 7016200.551929091 562.1964180347894
v 585015.4832231877 7016229.188712146 550.8690445682546
v 584998.4423072706 7016265.623442549 542.7531774064728
v 584981.4013913535 7016302.058172951 540.3832551974542
v 584964.3604754363 7016338.492903355 536.2628157353547
v 584947.3195595192 7016374.927633758 537.8051325080469
v 584930.278643602 7016411.362364161 537.8794923883173
v 584913.2377276849 7016447.797094564 539.5541483416594
v 584896.9145440139 7016484.547940766 541.8685808050784
v 584881.5381627864 7016521.7157937465 544.5389210825149
v 584866.1617815589 7016558.883646727 546.4188521074082
v 584850.7854003314 7016596.051499708 547.159772339621
v 584832.682170065 7016631.888500137 544.9042338222715
v 584812.8419162038 7016666.877737362 541.2647053658397
v 584793.0016623427 7016701.866974587 537.3758901002859
v 584780.5813102854 7016738.025178912 534.0693526564593
v 584788.7027971514 7016777.4196435725 535.7061370137995
v 584796.8242840176 7016816.814108234 537.5009143349588
v 584804.9457708837 7016856.208572894 539.3935656600305
v 584820.2894374526 7016892.412302805 539.941648762909
v 584843.9446885932 7016924.94400255 546.3925238278972
v 584867.5999397339 7016957.475702295 553.8970694108206
v 584891.2551908746 7016990.00740204 560.5573325239197
v 584914.9104420153 7017022.539101785 567.0602671076758
v 584938.565693156 7017055.07080153 572.0377115110423
v 584962.2209442967 7017087.602501275 575.117256637319
v 584985.8761954374 7017120.13420102 576.9654772799379
v 585009.531446578 7017152.665900765 578.8435397715368
v 585033.1866977187 7017185.19760051 580.0
v 585056.8419488594 7017217.729300255 580.3209265804792
v 585080.4972000001 7017250.261 555.6619779594807
v 585110.4775054491 7017277.076362761 557.6274336604173
v 585140.4578108981 7017303.8917255225 562.4495082364816
v 585170.4381163471 7017330.707088283 566.7121551895583
v 585200.418421796 7017357.522451045 570.5652657223343
v 585230.3987272452 7017384.337813806 576.4062822085523
v 585260.3790326942 7017411.1531765675 582.4987412656634
v 585290.3593381431 7017437.968539328 588.9832371019625
v 585320.3396435921 7017464.783902089 595.1403655224493
v 585360.4080446259 7017464.91609347 601.5289072863
v 585400.6300200918 7017464.642078063 607.8437652471478
v 585440.8519955578 7017464.368062656 612.9348278911131
v 585481.0739710238 7017464.09404725 613.0
v 585521.2959464898 7017463.820031843 613.0
v 585561.3539270088 7017462.785459716 613.0
v 585598.1148232745 7017446.460053119 613.0
v 585634.8757195402 7017430.134646521 613.5664779616966
v 585671.6366158058 7017413.809239923 610.7572233554712
v 585708.3975120715 7017397.483833326 607.0446872600954
v 585745.1584083372 7017381.158426728 601.9205876607741
v 585781.9193046029 7017364.833020131 597.0849127932572
v 585818.6802008685 7017348.507613533 592.5688572556159
v 585855.4410971341 7017332.182206936 589.8124840421474
v 585892.2019933999 7017315.856800338 587.6290028291633
v 585928.9628896655 7017299.531393741 586.8027291011513
v 585965.7237859311 7017283.205987143 586.8893500414067
v 586002.4846821969 7017266.880580545 586.340600325545
v 586039.1839313608 7017250.423340389 585.6012038405363
v 586075.2814151566 7017232.679212953 585.1707384385572
v 586111.3788989523 7017214.935085517 585.3621592908949
v 586147.476382748 7017197.190958082 585.4852006401388
v 586183.5738665438 7017179.446830646 584.8692628480765
v 586219.6713503395 7017161.7027032105 583.0394886837211
v 586255.7688341353 7017143.958575775 581.3620070811351
v 586291.866317931 7017126.21444834 579.9241678908888
v 586327.9638017267 7017108.470320905 579.0899872285595
v 586364.0612855224 7017090.726193469 578.3360634796618
v 586400.1587693181 7017072.982066033 579.6849094549033
v 586436.2562531139 7017055.237938598 581.8879000717856
v 586472.3537369097 7017037.493811162 585.2981154327726
v 586508.4512207054 7017019.749683727 590.6687798581619
v 586542.9083979878 7016999.533129485 594.5333666948293
v 586573.2894944098 7016973.172716456 595.2639265762807
v 586603.6705908319 7016946.812303429 592.590928839616
v 586634.051687254 7016920.451890401 589.7749537171494
v 586664.432783676 7016894.091477372 588.0
v 586694.813880098 7016867.731064344 588.0
v 586725.1949765201 7016841.370651315 588.0
v 586755.5760729421 7016815.010238287 590.8206835490425
v 586752.6576066306 7016775.542421339 589.4812481363927
v 586748.3959828194 7016735.545909525 594.5812783677261
v 586744.134359008 7016695.54939771 601.7650958491713
v 586739.8727351967 7016655.552885896 609.5605126600381
v 586735.6111113855 7016615.556374081 618.3375668738065
v 586731.3494875742 7016575.559862267 628.2974633759618
v 586727.0878637629 7016535.563350452 641.8139335370633
v 586713.417503421 7016499.294453909 655.2749754117606
v 586689.1302612249 7016467.231823615 669.2607755773683
v 586664.843019029 7016435.169193322 679.7867223369356
v 586640.555776833 7016403.106563028 684.9789886570804
v 586616.2685346369 7016371.043932734 681.4368210793319
v 586580.1716479659 7016356.306022598 674.6983615361921
v 586541.4504158893 7016345.418020885 666.5306377104607
v 586502.7291838126 7016334.5300191725 656.5175757857018
v 586464.007951736 7016323.6420174595 643.1733117411663
v 586425.2867196593 7016312.7540157465 626.8619760934417
v 586386.5654875827 7016301.8660140345 612.7301338156681
v 586347.8442555061 7016290.9780123215 599.7518184449738
v 586309.1230234295 7016280.090010609 589.4598723693788
v 586270.4017913529 7016269.202008896 582.1719895875142
v 586231.6805592763 7016258.314007183 577.2804223076936
v 586192.9593271996 7016247.42600547 572.3768823983025
v 586153.8508377563 7016238.110019184 569.7683837987915
v 586114.5028835376 7016229.7661056155 569.3432289822957
v 586075.1549293189 7016221.422192047 568.3829545908145
v 586035.8069751003 7016213.078278479 567.4630145691483
v 585996.4590208817 7016204.73436491 569.4157292275603
v 585957.111066663 7016196.390451342 571.0843772305719
v 585917.7631124444 7016188.046537774 572.7469381790191
v 585878.4151582258 7016179.702624205 572.1524140140233
v 585839.0672040072 7016171.358710636 570.8386378353412
v 585799.7192497886 7016163.014797068 567.9775900055077
v 585760.3712955698 7016154.6708835 566.6039808301663
v 585720.2447447288 7016157.02780351 565.7778388806248
v 585680.1034000547 7016159.588046191 565.5358117726156
v 585639.9620553806 7016162.148288873 567.0006246656744
v 585599.8207107065 7016164.708531554 567.3985601677954
v 585559.6793660325 7016167.268774236 564.712138552849
v 585519.5380213584 7016169.829016916 562.1260263860565
v 585479.3966766843 7016172.389259597 559.4069793254798
v 585439.2553320102 7016174.949502279 557.5018068162276
v 585399.1139873362 7016177.50974496 557.0332801240044
v 585358.9726426621 7016180.069987642 556.6028698065595
v 585318.8312979881 7016182.6302303225 556.3497695534675
v 585278.6899533139 7016185.190473003 556.1090818516898
v 585238.5486086399 7016187.750715685 555.0420888986134
v 585198.4072639658 7016190.310958366 552.3000960054956
v 585158.2659192918 7016192.871201048 548.0168044731447
v 585118.1245746176 7016195.4314437285 543.901904566949
v 585077.9832299436 7016197.99168641 539.4015316741913
v 585037.8418852695 7016200.551929091 535.1964180347894
v 585015.4832231877 7016229.188712146 523.8690445682546
v 584998.4423072706 7016265.623442549 515.7531774064728
v 584981.4013913535 7016302.058172951 513.3832551974542
v 584964.3604754363 7016338.492903355 509.2628157353547
v 584947.3195595192 7016374.927633758 510.8051325080469
v 584930.278643602 7016411.362364161 510.8794923883173
v 584913.2377276849 7016447.797094564 512.5541483416594
v 584896.9145440139 7016484.547940766 514.8685808050784
v 584881.5381627864 7016521.7157937465 517.5389210825149
v 584866.1617815589 7016558.883646727 519.4188521074082
v 584850.7854003314 7016596.051499708 520.159772339621
v 584832.682170065 7016631.888500137 517.9042338222715
v 584812.8419162038 7016666.877737362 514.2647053658397
v 584793.0016623427 7016701.866974587 510.3758901002859
v 584780.5813102854 7016738.025178912 507.0693526564593
v 584788.7027971514 7016777.4196435725 508.70613701379955
v 584796.8242840176 7016816.814108234 510.5009143349588
v 584804.9457708837 7016856.208572894 512.3935656600305
v 584820.2894374526 7016892.412302805 512.941648762909
v 584843.9446885932 7016924.94400255 519.3925238278972
v 584867.5999397339 7016957.475702295 526.8970694108206
v 584891.2551908746 7016990.00740204 533.5573325239197
v 584914.9104420153 7017022.539101785 540.0602671076758
v 584938.565693156 7017055.07080153 545.0377115110423
v 584962.2209442967 7017087.602501275 548.117256637319
v 584985.8761954374 7017120.13420102 549.9654772799379
v 585009.531446578 7017152.665900765 551.8435397715368
v 585033.1866977187 7017185.19760051 553.0
v 585056.8419488594 7017217.729300255 553.3209265804792
v 587091.4426999995 7011815.913 785.2944590580807
v 587106.8381992067 7011778.794723315 779.5805697228549
v 587122.2336984139 7011741.67644663 767.9152430819722
v 587137.6291976211 7011704.558169945 754.3978169925033
v 587137.862692278 7011665.751154913 744.1590818471686
v 587131.0116105684 7011626.155062437 736.395754390631
v 587124.1605288588 7011586.558969962 728.866271454166
v 587117.3094471492 7011546.962877487 723.3715709532506
v 587110.0539287748 7011507.50363502 718.1387644105907
v 587091.4538114984 7011471.883086215 716.3912768861469
v 587072.8536942219 7011436.26253741 714.0467205736045
v 587054.2535769455 7011400.641988603 710.9230682173641
v 587035.6534596691 7011365.021439798 706.0616639897746
v 587017.0533423928 7011329.400890993 701.7010813554623
v 586998.4532251164 7011293.780342187 699.3761304568554
v 586979.8531078399 7011258.159793382 695.9217266789453
v 586961.0240662758 7011222.663335239 692.2523137264044
v 586941.3289794041 7011187.636325474 688.6677580357589
v 586921.6338925323 7011152.60931571 684.3999732143056
v 586901.9388056605 7011117.582305945 680.4994514038668
v 586882.2437187887 7011082.555296182 675.690306930351
v 586862.548631917 7011047.528286418 671.5450776684868
v 586842.8535450451 7011012.501276653 667.4028065612238
v 586820.5405588152 7010979.173631726 664.8832543921685
v 586796.5649638373 7010946.925240985 663.7846884245146
v 586772.5893688593 7010914.676850244 663.8555586115474
v 586748.6137738813 7010882.428459505 663.7843782062617
v 586724.6381789034 7010850.180068764 662.8395063351785
v 586700.6625839255 7010817.931678023 662.7662671996305
v 586676.6869889476 7010785.6832872825 664.739450035005
v 586652.7113939696 7010753.434896542 666.6172356660361
v 586628.7357989916 7010721.186505801 666.5374643206839
v 586604.7602040137 7010688.93811506 663.2811726494721
v 586580.7846090358 7010656.689724321 658.7674640756977
v 586556.6824775456 7010624.547888109 654.2108762672971
v 586528.9852921822 7010595.433393733 651.1148596768801
v 586501.2881068188 7010566.318899355 641.1270372001203
v 586470.7044263987 7010568.210976972 642.8930990421
v 586438.1090432933 7010591.712654787 652.9864994779972
v 586405.5136601877 7010615.214332601 662.6594213969939
v 586379.5924408342 7010644.652683011 669.4102040741483
v 586360.0503773764 7010679.765296353 674.1972153944321
v 586345.9790180862 7010717.162133799 681.3425111118079
v 586334.7501195645 7010755.745805189 686.9366178226462
v 586323.5216550756 7010794.329566201 692.3893261863877
v 586318.5494685409 7010834.20518809 698.9138432508432
v 586313.5772820063 7010874.080809978 701.8043183597166
v 586308.7075674458 7010913.96770552 703.4821775691141
v 586304.8917688692 7010953.970549683 705.5786725842682
v 586301.0759702927 7010993.973393846 708.8466236577104
v 586296.4177947136 7011033.805039696 711.4729110581711
v 586284.316080671 7011072.123917253 707.7429685438444
v 586272.2143666284 7011110.442794808 703.3985215593641
v 586260.1126525857 7011148.761672365 698.5836468565514
v 586254.1404289645 7011188.438149811 699.1011045819362
v 586248.9298546175 7011228.283322352 699.611974828452
v 586243.7192802704 7011268.128494894 695.9202500580103
v 586242.2142362056 7011308.142689028 693.3927590586538
v 586243.7757782858 7011348.29676038 688.6615140934877
v 586248.8154697211 7011387.330729073 682.9290014388384
v 586270.9796558655 7011420.849928236 689.8439144464154
v 586293.1438420097 7011454.369127397 695.4000987611262
v 586325.0410308985 7011478.570855061 712.1415157851072
v 586357.5619144505 7011502.175515466 725.72447719477
v 586390.0827980026 7011525.780175873 733.9470799707298
v 586422.6036815547 7011549.384836279 739.8313562000094
v 586456.9492483278 7011569.942853054 747.1151788717123
v 586493.1088413257 7011587.472020009 756.0112529776821
v 586529.2684343237 7011605.001186963 760.9768782669701
v 586565.4280273217 7011622.530353918 763.7557345401949
v 586601.9790030132 7011639.223772971 765.1523783227177
v 586638.5960610396 7011655.776081614 765.4104334654642
v 586675.2131190659 7011672.3283902565 765.6845054164748
v 586711.8301770921 7011688.880698899 766.1937133578813
v 586748.4472351184 7011705.433007542 768.1345747455806
v 586785.0642931447 7011721.985316184 771.1696931264723
v 586821.681351171 7011738.537624828 776.0686587562566
v 586858.2984091972 7011755.08993347 780.8465821164752
v 586896.6392038718 7011766.706350104 783.8016620156285
v 586935.5999030974 7011776.547680083 786.8365598645647
v 586974.5606023229 7011786.389010062 789.9695216049547
v 587013.5213015485 7011796.230340041 792.8897856194695
v 587052.482000774 7011806.071670021 790.8917137436035
v 587091.4426999995 7011815.913 758.2944590580807
v 587106.8381992067 7011778.794723315 752.5805697228549
v 587122.2336984139 7011741.67644663 740.9152430819722
v 587137.6291976211 7011704.558169945 727.3978169925033
v 587137.862692278 7011665.751154913 717.1590818471686
v 587131.0116105684 7011626.155062437 709.395754390631
v 587124.1605288588 7011586.558969962 701.866271454166
v 587117.3094471492 7011546.962877487 696.3715709532506
v 587110.0539287748 7011507.50363502 691.1387644105907
v 587091.4538114984 7011471.883086215 689.3912768861469
v 587072.8536942219 7011436.26253741 687.0467205736045
v 587054.2535769455 7011400.641988603 683.9230682173641
v 587035.6534596691 7011365.021439798 679.0616639897746
v 587017.0533423928 7011329.400890993 674.7010813554623
v 586998.4532251164 7011293.780342187 672.3761304568554
v 586979.8531078399 7011258.159793382 668.9217266789453
v 586961.0240662758 7011222.663335239 665.2523137264044
v 586941.3289794041 7011187.636325474 661.6677580357589
v 586921.6338925323 7011152.60931571 657.3999732143056
v 586901.9388056605 7011117.582305945 653.4994514038668
v 586882.2437187887 7011082.555296182 648.690306930351
v 586862.548631917 7011047.528286418 644.5450776684868
v 586842.8535450451 7011012.501276653 640.4028065612238
v 586820.5405588152 7010979.173631726 637.8832543921685
v 586796.5649638373 7010946.925240985 636.7846884245146
v 586772.5893688593 7010914.676850244 636.8555586115474
v 586748.6137738813 7010882.428459505 636.7843782062617
v 586724.6381789034 7010850.180068764 635.8395063351785
v 586700.6625839255 7010817.931678023 635.7662671996305
v 586676.6869889476 7010785.6832872825 637.739450035005
v 586652.7113939696 7010753.434896542 639.6172356660361
v 586628.7357989916 7010721.186505801 639.5374643206839
v 586604.7602040137 7010688.93811506 636.2811726494721
v 586580.7846090358 7010656.689724321 631.7674640756977
v 586556.6824775456 7010624.547888109 627.2108762672971
v 586528.9852921822 7010595.433393733 624.1148596768801
v 586501.2881068188 7010566.318899355 614.1270372001203
v 586470.7044263987 7010568.210976972 615.8930990421
v 586438.1090432933 7010591.712654787 625.9864994779972
v 586405.5136601877 7010615.214332601 635.6594213969939
v 586379.5924408342 7010644.652683011 642.4102040741483
v 586360.0503773764 7010679.765296353 647.1972153944321
v 586345.9790180862 7010717.162133799 654.3425111118079
v 586334.7501195645 7010755.745805189 659.9366178226462
v 586323.5216550756 7010794.329566201 665.3893261863877
v 586318.5494685409 7010834.20518809 671.9138432508432
v 586313.5772820063 7010874.080809978 674.8043183597166
v 586308.7075674458 7010913.96770552 676.4821775691141
v 586304.8917688692 7010953.970549683 678.5786725842682
v 586301.0759702927 7010993.973393846 681.8466236577104
v 586296.4177947136 7011033.805039696 684.4729110581711
v 586284.316080671 7011072.123917253 680.7429685438444
v 586272.2143666284 7011110.442794808 676.3985215593641
v 586260.1126525857 7011148.761672365 671.5836468565514
v 586254.1404289645 7011188.438149811 672.1011045819362
v 586248.9298546175 7011228.283322352 672.611974828452
v 586243.7192802704 7011268.128494894 668.9202500580103
v 586242.2142362056 7011308.142689028 666.3927590586538
v 586243.7757782858 7011348.29676038 661.6615140934877
v 586248.8154697211 7011387.330729073 655.9290014388384
v 586270.9796558655 7011420.849928236 662.8439144464154
v 586293.1438420097 7011454.369127397 668.4000987611262
v 586325.0410308985 7011478.570855061 685.1415157851072
v 586357.5619144505 7011502.175515466 698.72447719477
v 586390.0827980026 7011525.780175873 706.9470799707298
v 586422.6036815547 7011549.384836279 712.8313562000094
v 586456.9492483278 7011569.942853054 720.1151788717123
v 586493.1088413257 7011587.472020009 729.0112529776821
v 586529.2684343237 7011605.001186963 733.9768782669701
v 586565.4280273217 7011622.530353918 736.7557345401949
v 586601.9790030132 7011639.223772971 738.1523783227177
v 586638.5960610396 7011655.776081614 738.4104334654642
v 586675.2131190659 7011672.3283902565 738.6845054164748
v 586711.8301770921 7011688.880698899 739.1937133578813
v 586748.4472351184 7011705.433007542 741.1345747455806
v 586785.0642931447 7011721.985316184 744.1696931264723
v 586821.681351171 7011738.537624828 749.0686587562566
v 586858.2984091972 7011755.08993347 753.8465821164752
v 586896.6392038718 7011766.706350104 756.8016620156285
v 586935.5999030974 7011776.547680083 759.8365598645647
v 586974.5606023229 7011786.389010062 762.9695216049547
v 587013.5213015485 7011796.230340041 765.8897856194695
v 587052.482000774 7011806.071670021 763.8917137436035
v 602815.3504999997 7026121.1269 835.3500236124055
v 602795.0899242898 7026155.653084004 836.1655218750732
v 602774.8293485801 7026190.179268009 835.9697241685745
v 602754.5687728702 7026224.705452015 836.1018878885959
v 602734.3081971604 7026259.231636019 834.7851803614998
v 602714.0476214505 7026293.757820024 833.0450265593171
v 602693.7870457408 7026328.284004029 836.0945047373622
v 602673.5264700309 7026362.810188034 839.553611446551
v 602653.265894321 7026397.336372039 845.6670375978965
v 602633.0053186112 7026431.862556044 852.5383093072425
v 602612.7447429014 7026466.388740049 854.6888446602726
v 602592.4841671915 7026500.9149240535 858.3408827447156
v 602572.2235914817 7026535.441108058 852.8377709753787
v 602551.9630157719 7026569.967292064 845.3814737073081
v 602531.7024400621 7026604.493476069 835.9154555471052
v 602511.4418643522 7026639.019660073 827.0395086405837
v 602491.1812886423 7026673.545844078 821.2281198336793
v 602470.9207129326 7026708.072028084 816.1305013748208
v 602450.6601372227 7026742.598212088 812.7131191952004
v 602430.3995615129 7026777.124396093 811.337490330551
v 602410.138985803 7026811.650580098 811.6733535279767
v 602389.8784100933 7026846.176764103 811.7913377046358
v 602369.6178343834 7026880.702948108 811.4544919064888
v 602354.2695850179 7026917.579414928 811.5366467963331
v 602340.0984054336 7026955.019046059 811.628319893666
v 602325.9272258492 7026992.45867719 811.5019873252376
v 602311.756046265 7027029.898308321 810.559109593465
v 602297.5848666807 7027067.337939452 809.5310938570517
v 602283.4136870964 7027104.777570583 808.5391168178312
v 602269.2425075121 7027142.217201714 809.2775598212274
v 602255.0713279278 7027179.656832845 810.8130203740157
v 602240.9001483435 7027217.096463976 812.5907674465802
v 602226.7289687592 7027254.536095107 814.1716373028023
v 602212.557789175 7027291.975726238 816.1723002920749
v 602198.3866095906 7027329.415357369 816.7791086183925
v 602184.2154300063 7027366.8549885005 816.6166295017035
v 602170.044250422 7027404.294619631 817.742630647724
v 602155.8730708377 7027441.7342507625 817.1808438914157
v 602141.7018912535 7027479.173881893 816.0223770152706
v 602127.5307116691 7027516.6135130245 813.8682498167803
v 602113.3595320848 7027554.053144155 810.8096645333459
v 602099.1883525006 7027591.492775287 807.700509789205
v 602085.0171729162 7027628.932406417 804.4748077449347
v 602070.845993332 7027666.372037549 801.1204512527668
v 602056.6748137476 7027703.811668679 797.9192528066761
v 602042.5036341633 7027741.251299811 795.1683914789976
v 602028.3324545791 7027778.690930941 794.7786973691816
v 602014.1612749947 7027816.130562073 794.1150097853404
v 601999.9900954105 7027853.570193203 793.5913504649745
v 601985.8189158262 7027891.009824335 793.2655947916313
v 601971.6477362418 7027928.449455465 792.3243051344012
v 601957.4765566576 7027965.889086597 790.7124378099857
v 601943.3053770732 7028003.328717727 789.075707607252
v 601929.134197489 7028040.768348859 787.9573369692557
v 601917.3559739492 7028078.848358365 786.8565979040242
v 601910.9337886034 7028118.3616959285 786.1132690766218
v 601904.5116032575 7028157.875033492 783.2322865371164
v 601898.0894179116 7028197.388371056 780.1020420497096
v 601891.6672325657 7028236.90170862 778.4292927852896
v 601885.2450472198 7028276.415046183 776.6403690502982
v 601878.8228618739 7028315.928383747 776.0416931118275
v 601872.400676528 7028355.44172131 775.3747589624501
v 601865.9784911821 7028394.955058874 774.8306992520806
v 601859.5563058362 7028434.468396437 775.9514136374751
v 601853.1341204903 7028473.981734001 778.0202527590801
v 601846.7119351444 7028513.495071565 780.0658394986293
v 601840.2897497985 7028553.0084091285 783.1839395248995
v 601833.8675644527 7028592.521746692 785.305203647297
v 601827.4453791068 7028632.035084256 784.7950539801908
v 601821.0231937609 7028671.54842182 786.6965246288632
v 601814.601008415 7028711.061759383 789.9870826381426
v 601808.1788230691 7028750.575096947 794.0887987904537
v 601801.7566377232 7028790.088434511 796.9219435077549
v 601795.3344523773 7028829.601772075 799.8441386482417
v 601788.9122670314 7028869.115109637 805.6629565109242
v 601782.4900816855 7028908.628447201 813.2915028727366
v 601776.0678963396 7028948.141784765 821.6413729543966
v 601769.6457109937 7028987.655122329 828.3578087097258
v 601763.2235256478 7029027.168459892 830.9801720618743
v 601756.801340302 7029066.681797456 829.5263697747632
v 601750.3791549561 7029106.19513502 825.122853154118
v 601743.9569696102 7029145.708472583 819.711018364573
v 601737.5347842643 7029185.221810147 814.588263222472
v 601731.1125989184 7029224.735147711 808.5904984242609
v 601724.6904135725 7029264.248485275 803.2061695996815
v 601718.2682282266 7029303.761822838 798.8229205268166
v 601711.8460428807 7029343.275160401 795.6750757947209
v 601705.4238575348 7029382.788497965 794.1390484583344
v 601702.3106953166 7029422.555557971 795.3490484025785
v 601702.6337796882 7029462.5860953955 798.6231985913665
v 601702.9568640597 7029502.61663282 801.7178746403886
v 601703.2799484311 7029542.647170245 803.1007141273486
v 601703.6030328026 7029582.67770767 801.2754652126515
v 601703.9261171741 7029622.708245095 799.0150392267094
v 601704.2492015455 7029662.7387825195 794.9853626046472
v 601704.572285917 7029702.769319945 789.6309874242592
v 601704.8953702885 7029742.79985737 784.5696963732498
v 601705.2184546599 7029782.830394794 780.7762907456669
v 601709.4383391734 7029821.618297431 778.3797693041062
v 601732.3487414495 7029854.4460566845 778.2355502903799
v 601755.2591437256 7029887.273815937 779.0555941550078
v 601778.1695460018 7029920.10157519 780.1085217471033
v 601801.0799482779 7029952.929334444 778.9306629049049
v 601823.9903505541 7029985.757093697 776.5062410236842
v 601846.9007528302 7030018.58485295 772.9327257202189
v 601869.8111551064 7030051.412612203 769.3224643103393
v 601892.7215573825 7030084.240371456 765.4638699232487
v 601915.6319596586 7030117.068130709 765.0
v 601938.5423619348 7030149.895889962 765.0
v 601961.4527642109 7030182.723649216 765.0
v 601984.3631664871 7030215.551408469 764.9999999999999
v 602007.2735687632 7030248.379167722 765.0
v 602030.1839710393 7030281.2069269745 766.0656058157228
v 602053.0943733155 7030314.034686228 768.4225789377424
v 602076.0047755915 7030346.862445481 770.0
v 602109.5911227986 7030367.135257804 770.4671916185632
v 602145.6742138178 7030384.471891057 771.5044825405755
v 602181.7573048371 7030401.808524309 772.2822089986771
v 602217.8403958564 7030419.145157562 772.8054657052459
v 602253.9234868756 7030436.481790814 773.3045591548432
v 602290.0065778949 7030453.8184240665 773.9515278860001
v 602326.0896689142 7030471.1550573185 775.7791447944555
v 602362.1727599334 7030488.491690571 779.2269317984338
v 602398.2558509527 7030505.828323823 782.8440884713232
v 602434.338941972 7030523.164957076 785.9905544408408
v 602470.4220329912 7030540.501590328 787.7938465412083
v 602506.5051240105 7030557.838223581 788.8447172730499
v 602542.5882150298 7030575.174856834 789.2716249479136
v 602578.671306049 7030592.511490086 789.6593563254403
v 602614.7543970683 7030609.848123339 790.6992550927014
v 602650.8374880876 7030627.184756591 792.0819880552958
v 602686.9205791068 7030644.521389844 793.6140204432825
v 602723.0036701261 7030661.858023096 795.0035073651716
v 602759.0867611454 7030679.194656349 796.2877087267583
v 602795.1698521646 7030696.531289601 797.327877063451
v 602833.3845764385 7030685.140894424 800.275804075018
v 602871.6312630501 7030673.319757708 804.4914460437943
v 602909.8779496618 7030661.498620992 806.3754552416178
v 602948.1246362735 7030649.677484276 809.0807191026657
v 602986.3713228853 7030637.856347559 812.3350773734417
v 603024.618009497 7030626.035210843 816.1719604121322
v 603062.8646961086 7030614.214074127 820.3643479872957
v 603101.1113827203 7030602.392937411 825.5548581581631
v 603139.3580693321 7030590.571800695 830.6683299984096
v 603177.6047559438 7030578.750663979 834.9378860054405
v 603215.8514425554 7030566.929527262 838.8550181644873
v 603254.0981291671 7030555.108390546 840.868432580968
v 603292.3448157788 7030543.287253831 839.549069141331
v 603330.5915023906 7030531.466117114 835.3997991489296
v 603368.8381890022 7030519.644980398 828.8061496453187
v 603407.0848756139 7030507.823843681 822.0725190732122
v 603445.3315622256 7030496.002706965 817.550166822757
v 603483.5782488374 7030484.18157025 813.9787410346815
v 603521.824935449 7030472.360433533 813.4265051519304
v 603557.8068239788 7030455.303454718 812.8986330182768
v 603592.6117873419 7030435.525617745 811.9857568516397
v 603627.4167507049 7030415.747780771 810.0356127046268
v 603662.221714068 7030395.969943798 808.0778844198084
v 603697.026677431 7030376.192106825 806.285888637238
v 603731.8316407941 7030356.414269852 805.1918328415254
v 603766.636604157 7030336.63643288 805.2219590657146
v 603801.4415675201 7030316.858595906 806.3732118573807
v 603836.2465308831 7030297.080758933 808.2981096092658
v 603871.0514942462 7030277.30292196 810.3952148064807
v 603905.8564576092 7030257.525084987 812.321672157322
v 603940.6614209723 7030237.7472480135 814.9906734182935
v 603975.4663843354 7030217.969411041 817.7770338001326
v 604010.2713476984 7030198.191574068 821.2084354092675
v 604045.0763110615 7030178.413737095 825.0913188915017
v 604079.8812744245 7030158.635900122 829.9665975475782
v 604115.8963685082 7030141.641654741 835.2154349039156
v 604154.0994042078 7030129.680201093 840.7524594429132
v 604192.3024399072 7030117.718747444 845.7497288581686
v 604230.5054756067 7030105.757293796 851.6710541887471
v 604268.7085113062 7030093.795840148 855.1561614561838
v 604306.9115470056 7030081.8343865 856.1026710458707
v 604345.1145827051 7030069.872932851 855.4684121852318
v 604383.3176184046 7030057.911479203 853.5091960760717
v 604421.8241364525 7030048.335030222 852.2839102700242
v 604461.8053428525 7030050.347850343 853.3530291452736
v 604501.7865492525 7030052.360670464 855.6020980524454
v 604541.7677556524 7030054.373490585 858.4810347247026
v 604581.7489620524 7030056.386310706 861.2002380630446
v 604621.7301684524 7030058.399130827 863.8589777218514
v 604661.7113748523 7030060.411950948 865.5540285890395
v 604701.6925812523 7030062.424771069 866.7111696598076
v 604741.6737876523 7030064.4375911895 868.0786693743626
v 604781.6549940523 7030066.45041131 869.8165818321143
v 604821.6362004522 7030068.463231431 870.6893749720795
v 604861.6174068522 7030070.476051552 870.7972240787474
v 604901.5986132522 7030072.488871673 870.7615047832089
v 604941.579819652 7030074.501691794 870.0
v 604981.591568981 7030075.058351579 869.5403150843649
v 605021.6220119941 7030074.72377393 870.0
v 605061.6524550074 7030074.389196281 870.0
v 605101.6828980206 7030074.054618633 870.0
v 605141.7133410338 7030073.720040984 870.0
v 605181.743784047 7030073.385463336 870.0
v 605221.7742270601 7030073.050885688 870.0
v 605261.8046700733 7030072.716308039 870.0
v 605301.8351130865 7030072.38173039 870.0
v 605341.8655560998 7030072.047152742 870.0
v 605381.895999113 7030071.712575093 870.0
v 605421.9264421262 7030071.377997444 870.0
v 605461.9568851393 7030071.043419796 870.0
v 605501.9873281525 7030070.708842147 870.0
v 605542.0177711657 7030070.374264498 870.0
v 605582.0482141789 7030070.03968685 870.0
v 605622.0786571922 7030069.705109201 870.0
v 605662.1091002054 7030069.3705315525 870.0
v 605702.1395432185 7030069.0359539045 870.0
v 605737.1862913265 7030057.2664558245 870.0
v 605764.681882529 7030028.171082061 870.0
v 605792.1774737316 7029999.075708297 870.0
v 605819.673064934 7029969.980334533 870.0
v 605847.1686561365 7029940.884960769 870.0
v 605874.664247339 7029911.789587005 870.0
v 605902.1598385414 7029882.694213241 870.0
v 605929.6554297439 7029853.598839478 870.0
v 605957.1510209464 7029824.503465714 870.0
v 605984.6466121488 7029795.408091949 870.0
v 606012.1422033514 7029766.312718186 870.0
v 606039.6377945539 7029737.217344422 870.0
v 606067.1333857563 7029708.121970658 870.0
v 606094.6289769588 7029679.026596894 870.0
v 606122.1245681613 7029649.93122313 870.0
v 606149.6201593637 7029620.835849366 870.0
v 606124.9555734467 7029589.924546163 870.0
v 606099.5499816297 7029558.987445225 875.0
v 606074.1443898128 7029528.0503442865 875.0
v 606048.7387979958 7029497.113243348 875.0
v 606023.3332061789 7029466.176142409 880.0
v 605997.927614362 7029435.239041472 880.0
v 605972.522022545 7029404.301940533 880.0
v 605947.116430728 7029373.364839595 885.0
v 605921.710838911 7029342.427738656 885.0
v 605896.3052470941 7029311.490637719 885.0
v 605870.8996552771 7029280.55353678 885.0
v 605845.4940634602 7029249.616435842 885.0
v 605820.0884716433 7029218.679334903 880.0
v 605794.6828798263 7029187.742233966 880.0
v 605769.2772880093 7029156.805133027 880.0
v 605743.8716961923 7029125.8680320885 880.0
v 605718.4661043754 7029094.93093115 880.0
v 605693.0605125584 7029063.993830212 880.0
v 605667.6549207415 7029033.056729274 880.0
v 605642.2493289246 7029002.119628335 880.0
v 605616.8437371076 7028971.182527397 880.0
v 605591.4381452906 7028940.245426459 880.0
v 605566.0325534737 7028909.308325521 880.0
v 605540.6269616567 7028878.371224582 880.0
v 605515.2213698397 7028847.434123644 885.0
v 605489.8157780227 7028816.497022705 885.0
v 605464.4101862059 7028785.559921768 885.0
v 605439.0045943889 7028754.622820829 885.0
v 605413.5990025719 7028723.6857198905 885.0
v 605388.193410755 7028692.748618952 885.0
v 605361.4483629022 7028663.05139162 880.0
v 605332.5621443816 7028635.336148709 875.0
v 605303.675925861 7028607.620905798 870.0
v 605274.7897073404 7028579.905662887 865.0
v 605245.9034888198 7028552.190419976 860.0
v 605217.0172702993 7028524.475177065 855.0
v 605188.1310517787 7028496.759934153 850.0
v 605159.244833258 7028469.044691243 845.0
v 605130.3586147374 7028441.329448332 840.0
v 605101.4723962168 7028413.614205421 835.0
v 605072.5861776962 7028385.89896251 836.4350597083783
v 605043.6999591757 7028358.183719599 836.711130923267
v 605014.8137406551 7028330.468476688 833.8125195502705
v 604985.9275221345 7028302.753233776 831.7920155969301
v 604957.0413036138 7028275.037990866 831.1604037225522
v 604928.1550850932 7028247.322747955 830.8819608243898
v 604899.2688665726 7028219.607505044 830.9183168673892
v 604870.3826480521 7028191.892262133 831.6411022447617
v 604841.4964295315 7028164.177019222 829.5616663413402
v 604812.6102110109 7028136.461776311 830.6696132998463
v 604783.7239924902 7028108.746533399 831.5004389237538
v 604754.8377739696 7028081.031290488 832.5686768243515
v 604725.951555449 7028053.316047578 833.8458894374222
v 604697.0653369285 7028025.600804667 835.5912875307454
v 604671.4176072283 7027995.139857359 836.0253520391816
v 604648.8010971077 7027962.1089357855 833.4893033330715
v 604626.1845869871 7027929.078014212 829.210517597349
v 604603.5680768666 7027896.047092638 824.7196112408153
v 604580.951566746 7027863.016171064 822.3901439439267
v 604558.3350566254 7027829.9852494905 821.0831471109917
v 604535.7185465049 7027796.954327917 820.9900582737339
v 604513.1020363843 7027763.923406344 819.6159190332742
v 604490.4855262637 7027730.89248477 819.0101110430057
v 604467.8690161431 7027697.861563196 816.0327400599775
v 604445.2525060226 7027664.830641623 813.3433407966495
v 604422.635995902 7027631.799720049 811.3935445020691
v 604400.0194857814 7027598.768798475 809.5621117114317
v 604377.4029756609 7027565.737876901 808.2185317096023
v 604354.7864655403 7027532.706955329 807.1393636480456
v 604332.1699554197 7027499.676033755 806.9074857091161
v 604309.5534452992 7027466.645112181 808.1488595457674
v 604286.9369351786 7027433.614190607 809.3734782551186
v 604264.320425058 7027400.583269034 809.8890725692369
v 604241.7039149374 7027367.55234746 810.6077991972468
v 604219.087404817 7027334.521425886 811.2283501194818
v 604196.4708946964 7027301.490504313 810.4429436074699
v 604173.8543845759 7027268.4595827395 810.1027905639111
v 604151.2378744553 7027235.428661166 809.1159936908786
v 604128.6213643347 7027202.397739592 808.7293616937518
v 604106.0048542141 7027169.366818018 808.400595527242
v 604083.3883440936 7027136.3358964445 806.647748600293
v 604060.771833973 7027103.304974872 804.8811077029301
v 604038.1553238524 7027070.274053298 803.8187455336263
v 604015.5388137319 7027037.243131724 802.8666861853709
v 603992.9223036113 7027004.21221015 801.8370242037793
v 603970.3057934907 7026971.181288577 800.450021460294
v 603947.6892833702 7026938.150367003 799.3291272141387
v 603925.0727732496 7026905.119445429 798.2248578782043
v 603901.6198536132 7026872.920755408 796.3369403993477
v 603868.7026004733 7026850.139123426 795.2927302303144
v 603835.7853473335 7026827.357491444 793.2148607602915
v 603802.8680941937 7026804.575859461 791.6423317978868
v 603769.950841054 7026781.794227479 791.9079496725641
v 603737.0335879142 7026759.012595497 794.1924400069615
v 603704.1163347743 7026736.230963515 795.9119609129631
v 603671.1990816345 7026713.449331533 797.1054962225625
v 603638.2818284947 7026690.667699551 796.9925405001807
v 603605.364575355 7026667.886067569 797.1512928897541
v 603572.4473222152 7026645.104435587 797.9461496766245
v 603539.5300690753 7026622.322803605 799.5251164741665
v 603506.6128159355 7026599.541171622 799.140486637107
v 603473.6955627957 7026576.7595396405 798.4362310434611
v 603440.778309656 7026553.977907659 798.9472068837356
v 603407.8610565162 7026531.196275677 799.8357906192965
v 603374.9438033763 7026508.414643695 801.0297003426543
v 603342.0265502365 7026485.633011713 802.313912197544
v 603309.1092970967 7026462.851379731 803.5981240524337
v 603276.192043957 7026440.069747749 804.7467364385692
v 603243.2747908172 7026417.288115766 805.3893887258494
v 603210.3575376773 7026394.506483784 806.3018777856644
v 603177.4402845375 7026371.724851802 809.2330204309786
v 603144.5230313977 7026348.94321982 813.0769673446385
v 603111.605778258 7026326.161587838 817.5221576859693
v 603078.6885251182 7026303.379955856 822.8455188304425
v 603045.7712719783 7026280.598323874 827.4871934943127
v 603012.8540188385 7026257.816691892 830.7334383721959
v 602979.9367656987 7026235.03505991 832.8089360770728
v 602947.0195125589 7026212.253427927 834.3432277501206
v 602914.1022594192 7026189.471795945 835.6690977500119
v 602881.1850062793 7026166.6901639635 836.2391727061093
v 602848.2677531395 7026143.9085319815 836.2806636040671
v 602815.3504999997 7026121.1269 808.3500236124055
v 602795.0899242898 7026155.653084004 809.1655218750732
v 602774.8293485801 7026190.179268009 808.9697241685745
v 602754.5687728702 7026224.705452015 809.1018878885959
v 602734.3081971604 7026259.231636019 807.7851803614998
v 602714.0476214505 7026293.757820024 806.0450265593171
v 602693.7870457408 7026328.284004029 809.0945047373622
v 602673.5264700309 7026362.810188034 812.553611446551
v 602653.265894321 7026397.336372039 818.6670375978965
v 602633.0053186112 7026431.862556044 825.5383093072425
v 602612.7447429014 7026466.388740049 827.6888446602726
v 602592.4841671915 7026500.9149240535 831.3408827447156
v 602572.2235914817 7026535.441108058 825.8377709753787
v 602551.9630157719 7026569.967292064 818.3814737073081
v 602531.7024400621 7026604.493476069 808.9154555471052
v 602511.4418643522 7026639.019660073 800.0395086405837
v 602491.1812886423 7026673.545844078 794.2281198336793
v 602470.9207129326 7026708.072028084 789.1305013748208
v 602450.6601372227 7026742.598212088 785.7131191952004
v 602430.3995615129 7026777.124396093 784.337490330551
v 602410.138985803 7026811.650580098 784.6733535279767
v 602389.8784100933 7026846.176764103 784.7913377046358
v 602369.6178343834 7026880.702948108 784.4544919064888
v 602354.2695850179 7026917.579414928 784.5366467963331
v 602340.0984054336 7026955.019046059 784.628319893666
v 602325.9272258492 7026992.45867719 784.5019873252376
v 602311.756046265 7027029.898308321 783.559109593465
v 602297.5848666807 7027067.337939452 782.5310938570517
v 602283.4136870964 7027104.777570583 781.5391168178312
v 602269.2425075121 7027142.217201714 782.2775598212274
v 602255.0713279278 7027179.656832845 783.8130203740157
v 602240.9001483435 7027217.096463976 785.5907674465802
v 602226.7289687592 7027254.536095107 787.1716373028023
v 602212.557789175 7027291.975726238 789.1723002920749
v 602198.3866095906 7027329.415357369 789.7791086183925
v 602184.2154300063 7027366.8549885005 789.6166295017035
v 602170.044250422 7027404.294619631 790.742630647724
v 602155.8730708377 7027441.7342507625 790.1808438914157
v 602141.7018912535 7027479.173881893 789.0223770152706
v 602127.5307116691 7027516.6135130245 786.8682498167803
v 602113.3595320848 7027554.053144155 783.8096645333459
v 602099.1883525006 7027591.492775287 780.700509789205
v 602085.0171729162 7027628.932406417 777.4748077449347
v 602070.845993332 7027666.372037549 774.1204512527668
v 602056.6748137476 7027703.811668679 770.9192528066761
v 602042.5036341633 7027741.251299811 768.1683914789976
v 602028.3324545791 7027778.690930941 767.7786973691816
v 602014.1612749947 7027816.130562073 767.1150097853404
v 601999.9900954105 7027853.570193203 766.5913504649745
v 601985.8189158262 7027891.009824335 766.2655947916313
v 601971.6477362418 7027928.449455465 765.3243051344012
v 601957.4765566576 7027965.889086597 763.7124378099857
v 601943.3053770732 7028003.328717727 762.075707607252
v 601929.134197489 7028040.768348859 760.9573369692557
v 601917.3559739492 7028078.848358365 759.8565979040242
v 601910.9337886034 7028118.3616959285 759.1132690766218
v 601904.5116032575 7028157.875033492 756.2322865371164
v 601898.0894179116 7028197.388371056 753.1020420497096
v 601891.6672325657 7028236.90170862 751.4292927852896
v 601885.2450472198 7028276.415046183 749.6403690502982
v 601878.8228618739 7028315.928383747 749.0416931118275
v 601872.400676528 7028355.44172131 748.3747589624501
v 601865.9784911821 7028394.955058874 747.8306992520806
v 601859.5563058362 7028434.468396437 748.9514136374751
v 601853.1341204903 7028473.981734001 751.0202527590801
v 601846.7119351444 7028513.495071565 753.0658394986293
v 601840.2897497985 7028553.0084091285 756.1839395248995
v 601833.8675644527 7028592.521746692 758.305203647297
v 601827.4453791068 7028632.035084256 757.7950539801908
v 601821.0231937609 7028671.54842182 759.6965246288632
v 601814.601008415 7028711.061759383 762.9870826381426
v 601808.1788230691 7028750.575096947 767.0887987904537
v 601801.7566377232 7028790.088434511 769.9219435077549
v 601795.3344523773 7028829.601772075 772.8441386482417
v 601788.9122670314 7028869.115109637 778.6629565109242
v 601782.4900816855 7028908.628447201 786.2915028727366
v 601776.0678963396 7028948.141784765 794.6413729543966
v 601769.6457109937 7028987.655122329 801.3578087097258
v 601763.2235256478 7029027.168459892 803.9801720618743
v 601756.801340302 7029066.681797456 802.5263697747632
v 601750.3791549561 7029106.19513502 798.122853154118
v 601743.9569696102 7029145.708472583 792.711018364573
v 601737.5347842643 7029185.221810147 787.588263222472
v 601731.1125989184 7029224.735147711 781.5904984242609
v 601724.6904135725 7029264.248485275 776.2061695996815
v 601718.2682282266 7029303.761822838 771.8229205268166
v 601711.8460428807 7029343.275160401 768.6750757947209
v 601705.4238575348 7029382.788497965 767.1390484583344
v 601702.3106953166 7029422.555557971 768.3490484025785
v 601702.6337796882 7029462.5860953955 771.6231985913665
v 601702.9568640597 7029502.61663282 774.7178746403886
v 601703.2799484311 7029542.647170245 776.1007141273486
v 601703.6030328026 7029582.67770767 774.2754652126515
v 601703.9261171741 7029622.708245095 772.0150392267094
v 601704.2492015455 7029662.7387825195 767.9853626046472
v 601704.572285917 7029702.769319945 762.6309874242592
v 601704.8953702885 7029742.79985737 757.5696963732498
v 601705.2184546599 7029782.830394794 753.7762907456669
v 601709.4383391734 7029821.618297431 751.3797693041062
v 601732.3487414495 7029854.4460566845 751.2355502903799
v 601755.2591437256 7029887.273815937 752.0555941550078
v 601778.1695460018 7029920.10157519 753.1085217471033
v 601801.0799482779 7029952.929334444 751.9306629049049
v 601823.9903505541 7029985.757093697 749.5062410236842
v 601846.9007528302 7030018.58485295 745.9327257202189
v 601869.8111551064 7030051.412612203 742.3224643103393
v 601892.7215573825 7030084.240371456 738.4638699232487
v 601915.6319596586 7030117.068130709 738.0
v 601938.5423619348 7030149.895889962 738.0
v 601961.4527642109 7030182.723649216 738.0
v 601984.3631664871 7030215.551408469 737.9999999999999
v 602007.2735687632 7030248.379167722 738.0
v 602030.1839710393 7030281.2069269745 739.0656058157228
v 602053.0943733155 7030314.034686228 741.4225789377424
v 602076.0047755915 7030346.862445481 743.0
v 602109.5911227986 7030367.135257804 743.4671916185632
v 602145.6742138178 7030384.471891057 744.5044825405755
v 602181.7573048371 7030401.808524309 745.2822089986771
v 602217.8403958564 7030419.145157562 745.8054657052459
v 602253.9234868756 7030436.481790814 746.3045591548432
v 602290.0065778949 7030453.8184240665 746.9515278860001
v 602326.0896689142 7030471.1550573185 748.7791447944555
v 602362.1727599334 7030488.491690571 752.2269317984338
v 602398.2558509527 7030505.828323823 755.8440884713232
v 602434.338941972 7030523.164957076 758.9905544408408
v 602470.4220329912 7030540.501590328 760.7938465412083
v 602506.5051240105 7030557.838223581 761.8447172730499
v 602542.5882150298 7030575.174856834 762.2716249479136
v 602578.671306049 7030592.511490086 762.6593563254403
v 602614.7543970683 7030609.848123339 763.6992550927014
v 602650.8374880876 7030627.184756591 765.0819880552958
v 602686.9205791068 7030644.521389844 766.6140204432825
v 602723.0036701261 7030661.858023096 768.0035073651716
v 602759.0867611454 7030679.194656349 769.2877087267583
v 602795.1698521646 7030696.531289601 770.327877063451
v 602833.3845764385 7030685.140894424 773.275804075018
v 602871.6312630501 7030673.319757708 777.4914460437943
v 602909.8779496618 7030661.498620992 779.3754552416178
v 602948.1246362735 7030649.677484276 782.0807191026657
v 602986.3713228853 7030637.856347559 785.3350773734417
v 603024.618009497 7030626.035210843 789.1719604121322
v 603062.8646961086 7030614.214074127 793.3643479872957
v 603101.1113827203 7030602.392937411 798.5548581581631
v 603139.3580693321 7030590.571800695 803.6683299984096
v 603177.6047559438 7030578.750663979 807.9378860054405
v 603215.8514425554 7030566.929527262 811.8550181644873
v 603254.0981291671 7030555.108390546 813.868432580968
v 603292.3448157788 7030543.287253831 812.549069141331
v 603330.5915023906 7030531.466117114 808.3997991489296
v 603368.8381890022 7030519.644980398 801.8061496453187
v 603407.0848756139 7030507.823843681 795.0725190732122
v 603445.3315622256 7030496.002706965 790.550166822757
v 603483.5782488374 7030484.18157025 786.9787410346815
v 603521.824935449 7030472.360433533 786.4265051519304
v 603557.8068239788 7030455.303454718 785.8986330182768
v 603592.6117873419 7030435.525617745 784.9857568516397
v 603627.4167507049 7030415.747780771 783.0356127046268
v 603662.221714068 7030395.969943798 781.0778844198084
v 603697.026677431 7030376.192106825 779.285888637238
v 603731.8316407941 7030356.414269852 778.1918328415254
v 603766.636604157 7030336.63643288 778.2219590657146
v 603801.4415675201 7030316.858595906 779.3732118573807
v 603836.2465308831 7030297.080758933 781.2981096092658
v 603871.0514942462 7030277.30292196 783.3952148064807
v 603905.8564576092 7030257.525084987 785.321672157322
v 603940.6614209723 7030237.7472480135 787.9906734182935
v 603975.4663843354 7030217.969411041 790.7770338001326
v 604010.2713476984 7030198.191574068 794.2084354092675
v 604045.0763110615 7030178.413737095 798.0913188915017
v 604079.8812744245 7030158.635900122 802.9665975475782
v 604115.8963685082 7030141.641654741 808.2154349039156
v 604154.0994042078 7030129.680201093 813.7524594429132
v 604192.3024399072 7030117.718747444 818.7497288581686
v 604230.5054756067 7030105.757293796 824.6710541887471
v 604268.7085113062 7030093.795840148 828.1561614561838
v 604306.9115470056 7030081.8343865 829.1026710458707
v 604345.1145827051 7030069.872932851 828.4684121852318
v 604383.3176184046 7030057.911479203 826.5091960760717
v 604421.8241364525 7030048.335030222 825.2839102700242
v 604461.8053428525 7030050.347850343 826.3530291452736
v 604501.7865492525 7030052.360670464 828.6020980524454
v 604541.7677556524 7030054.373490585 831.4810347247026
v 604581.7489620524 7030056.386310706 834.2002380630446
v 604621.7301684524 7030058.399130827 836.8589777218514
v 604661.7113748523 7030060.411950948 838.5540285890395
v 604701.6925812523 7030062.424771069 839.7111696598076
v 604741.6737876523 7030064.4375911895 841.0786693743626
v 604781.6549940523 7030066.45041131 842.8165818321143
v 604821.6362004522 7030068.463231431 843.6893749720795
v 604861.6174068522 7030070.476051552 843.7972240787474
v 604901.5986132522 7030072.488871673 843.7615047832089
v 604941.579819652 7030074.501691794 843.0
v 604981.591568981 7030075.058351579 842.5403150843649
v 605021.6220119941 7030074.72377393 843.0
v 605061.6524550074 7030074.389196281 843.0
v 605101.6828980206 7030074.054618633 843.0
v 605141.7133410338 7030073.720040984 843.0
v 605181.743784047 7030073.385463336 843.0
v 605221.7742270601 7030073.050885688 843.0
v 605261.8046700733 7030072.716308039 843.0
v 605301.8351130865 7030072.38173039 843.0
v 605341.8655560998 7030072.047152742 843.0
v 605381.895999113 7030071.712575093 843.0
v 605421.9264421262 7030071.377997444 843.0
v 605461.9568851393 7030071.043419796 843.0
v 605501.9873281525 7030070.708842147 843.0
v 605542.0177711657 7030070.374264498 843.0
v 605582.0482141789 7030070.03968685 843.0
v 605622.0786571922 7030069.705109201 843.0
v 605662.1091002054 7030069.3705315525 843.0
v 605702.1395432185 7030069.0359539045 843.0
v 605737.1862913265 7030057.2664558245 843.0
v 605764.681882529 7030028.171082061 843.0
v 605792.1774737316 7029999.075708297 843.0
v 605819.673064934 7029969.980334533 843.0
v 605847.1686561365 7029940.884960769 843.0
v 605874.664247339 7029911.789587005 843.0
v 605902.1598385414 7029882.694213241 843.0
v 605929.6554297439 7029853.598839478 843.0
v 605957.1510209464 7029824.503465714 843.0
v 605984.6466121488 7029795.408091949 843.0
v 606012.1422033514 7029766.312718186 843.0
v 606039.6377945539 7029737.217344422 843.0
v 606067.1333857563 7029708.121970658 843.0
v 606094.6289769588 7029679.026596894 843.0
v 606122.1245681613 7029649.93122313 843.0
v 606149.6201593637 7029620.835849366 843.0
v 606124.9555734467 7029589.924546163 843.0
v 606099.5499816297 7029558.987445225 848.0
v 606074.1443898128 7029528.0503442865 848.0
v 606048.7387979958 7029497.113243348 848.0
v 606023.3332061789 7029466.176142409 853.0
v 605997.927614362 7029435.239041472 853.0
v 605972.522022545 7029404.301940533 853.0
v 605947.116430728 7029373.364839595 858.0
v 605921.710838911 7029342.427738656 858.0
v 605896.3052470941 7029311.490637719 858.0
v 605870.8996552771 7029280.55353678 858.0
v 605845.4940634602 7029249.616435842 858.0
v 605820.0884716433 7029218.679334903 853.0
v 605794.6828798263 7029187.742233966 853.0
v 605769.2772880093 7029156.805133027 853.0
v 605743.8716961923 7029125.8680320885 853.0
v 605718.4661043754 7029094.93093115 853.0
v 605693.0605125584 7029063.993830212 853.0
v 605667.6549207415 7029033.056729274 853.0
v 605642.2493289246 7029002.119628335 853.0
v 605616.8437371076 7028971.182527397 853.0
v 605591.4381452906 7028940.245426459 853.0
v 605566.0325534737 7028909.308325521 853.0
v 605540.6269616567 7028878.371224582 853.0
v 605515.2213698397 7028847.434123644 858.0
v 605489.8157780227 7028816.497022705 858.0
v 605464.4101862059 7028785.559921768 858.0
v 605439.0045943889 7028754.622820829 858.0
v 605413.5990025719 7028723.6857198905 858.0
v 605388.193410755 7028692.748618952 858.0
v 605361.4483629022 7028663.05139162 853.0
v 605332.5621443816 7028635.336148709 848.0
v 605303.675925861 7028607.620905798 843.0
v 605274.7897073404 7028579.905662887 838.0
v 605245.9034888198 7028552.190419976 833.0
v 605217.0172702993 7028524.475177065 828.0
v 605188.1310517787 7028496.759934153 823.0
v 605159.244833258 7028469.044691243 818.0
v 605130.3586147374 7028441.329448332 813.0
v 605101.4723962168 7028413.614205421 808.0
v 605072.5861776962 7028385.89896251 809.4350597083783
v 605043.6999591757 7028358.183719599 809.711130923267
v 605014.8137406551 7028330.468476688 806.8125195502705
v 604985.9275221345 7028302.753233776 804.7920155969301
v 604957.0413036138 7028275.037990866 804.1604037225522
v 604928.1550850932 7028247.322747955 803.8819608243898
v 604899.2688665726 7028219.607505044 803.9183168673892
v 604870.3826480521 7028191.892262133 804.6411022447617
v 604841.4964295315 7028164.177019222 802.5616663413402
v 604812.6102110109 7028136.461776311 803.6696132998463
v 604783.7239924902 7028108.746533399 804.5004389237538
v 604754.8377739696 7028081.031290488 805.5686768243515
v 604725.951555449 7028053.316047578 806.8458894374222
v 604697.0653369285 7028025.600804667 808.5912875307454
v 604671.4176072283 7027995.139857359 809.0253520391816
v 604648.8010971077 7027962.1089357855 806.4893033330715
v 604626.1845869871 7027929.078014212 802.210517597349
v 604603.5680768666 7027896.047092638 797.7196112408153
v 604580.951566746 7027863.016171064 795.3901439439267
v 604558.3350566254 7027829.9852494905 794.0831471109917
v 604535.7185465049 7027796.954327917 793.9900582737339
v 604513.1020363843 7027763.923406344 792.6159190332742
v 604490.4855262637 7027730.89248477 792.0101110430057
v 604467.8690161431 7027697.861563196 789.0327400599775
v 604445.2525060226 7027664.830641623 786.3433407966495
v 604422.635995902 7027631.799720049 784.3935445020691
v 604400.0194857814 7027598.768798475 782.5621117114317
v 604377.4029756609 7027565.737876901 781.2185317096023
v 604354.7864655403 7027532.706955329 780.1393636480456
v 604332.1699554197 7027499.676033755 779.9074857091161
v 604309.5534452992 7027466.645112181 781.1488595457674
v 604286.9369351786 7027433.614190607 782.3734782551186
v 604264.320425058 7027400.583269034 782.8890725692369
v 604241.7039149374 7027367.55234746 783.6077991972468
v 604219.087404817 7027334.521425886 784.2283501194818
v 604196.4708946964 7027301.490504313 783.4429436074699
v 604173.8543845759 7027268.4595827395 783.1027905639111
v 604151.2378744553 7027235.428661166 782.1159936908786
v 604128.6213643347 7027202.397739592 781.7293616937518
v 604106.0048542141 7027169.366818018 781.400595527242
v 604083.3883440936 7027136.3358964445 779.647748600293
v 604060.771833973 7027103.304974872 777.8811077029301
v 604038.1553238524 7027070.274053298 776.8187455336263
v 604015.5388137319 7027037.243131724 775.8666861853709
v 603992.9223036113 7027004.21221015 774.8370242037793
v 603970.3057934907 7026971.181288577 773.450021460294
v 603947.6892833702 7026938.150367003 772.3291272141387
v 603925.0727732496 7026905.119445429 771.2248578782043
v 603901.6198536132 7026872.920755408 769.3369403993477
v 603868.7026004733 7026850.139123426 768.2927302303144
v 603835.7853473335 7026827.357491444 766.2148607602915
v 603802.8680941937 7026804.575859461 764.6423317978868
v 603769.950841054 7026781.794227479 764.9079496725641
v 603737.0335879142 7026759.012595497 767.1924400069615
v 603704.1163347743 7026736.230963515 768.9119609129631
v 603671.1990816345 7026713.449331533 770.1054962225625
v 603638.2818284947 7026690.667699551 769.9925405001807
v 603605.364575355 7026667.886067569 770.1512928897541
v 603572.4473222152 7026645.104435587 770.9461496766245
v 603539.5300690753 7026622.322803605 772.5251164741665
v 603506.6128159355 7026599.541171622 772.140486637107
v 603473.6955627957 7026576.7595396405 771.4362310434611
v 603440.778309656 7026553.977907659 771.9472068837356
v 603407.8610565162 7026531.196275677 772.8357906192965
v 603374.9438033763 7026508.414643695 774.0297003426543
v 603342.0265502365 7026485.633011713 775.313912197544
v 603309.1092970967 7026462.851379731 776.5981240524337
v 603276.192043957 7026440.069747749 777.7467364385692
v 603243.2747908172 7026417.288115766 778.3893887258494
v 603210.3575376773 7026394.506483784 779.3018777856644
v 603177.4402845375 7026371.724851802 782.2330204309786
v 603144.5230313977 7026348.94321982 786.0769673446385
v 603111.605778258 7026326.161587838 790.5221576859693
v 603078.6885251182 7026303.379955856 795.8455188304425
v 603045.7712719783 7026280.598323874 800.4871934943127
v 603012.8540188385 7026257.816691892 803.7334383721959
v 602979.9367656987 7026235.03505991 805.8089360770728
v 602947.0195125589 7026212.253427927 807.3432277501206
v 602914.1022594192 7026189.471795945 808.6690977500119
v 602881.1850062793 7026166.6901639635 809.2391727061093
v 602848.2677531395 7026143.9085319815 809.2806636040671
v 592340.0789999999 7009523.9358 705.76168178638
v 592377.0817437826 7009540.136915003 721.4680917899248
v 592414.0844875653 7009556.338030006 736.220409617423
v 592451.0872313482 7009572.539145009 750.620186004846
v 592488.0899751309 7009588.7402600115 767.3638774822967
v 592522.7278456611 7009593.131770774 779.1463091776225
v 592550.6389918248 7009563.931649291 770.9661900669533
v 592578.5501379885 7009534.731527808 758.7328774498443
v 592606.4612841522 7009505.531406325 747.6386095228722
v 592634.3724303159 7009476.331284842 739.3614483456287
v 592662.2835764795 7009447.13116336 735.6742906734055
v 592689.6153958499 7009417.389613682 730.8184882054638
v 592716.863326446 7009387.569663095 726.8014480353772
v 592744.1112570422 7009357.749712508 728.9337967335468
v 592771.3591876383 7009327.929761921 734.5265569738942
v 592798.6071182344 7009298.109811334 742.835042428148
v 592825.8550488305 7009268.289860747 751.1369683666941
v 592853.1029794267 7009238.46991016 756.3526826878476
v 592880.3509100229 7009208.649959573 758.0413931221516
v 592907.598840619 7009178.8300089855 753.5613771322062
v 592934.8467712151 7009149.010058398 746.7786734429117
v 592962.0947018112 7009119.190107811 739.0333645208564
v 592989.3426324073 7009089.370157224 732.0470302121244
v 593012.3119632514 7009056.460484812 727.2149581314874
v 593032.048859742 7009021.216562049 723.5204631920782
v 593051.7857562324 7008985.972639287 720.996436146529
v 593071.5226527229 7008950.728716524 719.2616822762498
v 593091.2595492135 7008915.484793761 717.5077445460481
v 593110.9964457039 7008880.240870998 715.632339862742
v 593130.7333421943 7008844.996948236 713.7435047082243
v 593150.4702386849 7008809.753025473 712.7153183020737
v 593170.2071351754 7008774.50910271 711.7271854733806
v 593189.9440316659 7008739.265179947 710.9035689070985
v 593209.6809281564 7008704.021257184 709.2484379163905
v 593229.4178246468 7008668.777334422 708.3536463184032
v 593244.4754280394 7008631.953663544 708.0164326956617
v 593250.1394835737 7008591.958693239 708.0984360246775
v 593255.803539108 7008551.963722934 708.4088586816501
v 593261.4675946423 7008511.968752629 708.072960485149
v 593267.1316501765 7008471.973782324 707.3230114727303
v 593272.7957057108 7008431.978812019 706.9542696205431
v 593266.3028667775 7008394.351517253 709.3543857054322
v 593246.0432983141 7008359.405429339 713.7170093244983
v 593225.7837298507 7008324.459341425 715.0
v 593205.5241613871 7008289.513253513 715.0
v 593180.4607791983 7008258.881941699 712.646787798205
v 593147.8819861823 7008235.000957206 707.8565818759598
v 593115.3031931664 7008211.119972711 700.9153260302128
v 593082.7244001505 7008187.238988217 697.0407830633951
v 593050.1456071346 7008163.3580037225 695.0
v 593017.5668141186 7008139.477019229 695.5785049154239
v 592983.3636407086 7008117.987959226 696.8886271399368
v 592949.152228021 7008096.511031683 699.2555900720674
v 592914.9408153333 7008075.034104139 703.1303893724893
v 592880.7294026455 7008053.557176596 708.4573865173234
v 592846.5179899578 7008032.0802490525 713.9430444293502
v 592812.3065772702 7008010.603321509 718.1643142021403
v 592778.0951645825 7007989.126393966 720.0
v 592739.4001465767 7007990.774856911 719.557247948424
v 592699.6413081456 7007997.9102574885 709.8955434335154
v 592659.8824697145 7008005.045658065 690.4992650149726
v 592620.1483602134 7008012.235511568 668.7870902207812
v 592588.6123542988 7008037.477530222 656.3271076848796
v 592557.0763483841 7008062.719548876 649.0150789590018
v 592525.5403424695 7008087.961567531 644.1529017770131
v 592494.0043365549 7008113.203586185 640.5207443598368
v 592462.4683306402 7008138.445604839 638.3498855922752
v 592430.9323247257 7008163.687623493 635.3594623650506
v 592416.075942067 7008199.551006301 634.6961115295353
v 592406.5424254666 7008238.803920028 634.6495934384059
v 592397.0089088662 7008278.056833753 635.2638339311187
v 592387.4753922658 7008317.30974748 635.5189084146276
v 592377.9418756654 7008356.562661206 635.8369833638411
v 592368.4083590651 7008395.815574933 635.4982888377415
v 592358.8748424647 7008435.068488659 634.6074652226195
v 592349.3413258643 7008474.321402386 633.6908828797585
v 592344.0652811329 7008514.092448879 633.8439254060676
v 592343.9058298876 7008554.486182923 638.4003006828582
v 592343.7463786423 7008594.879916969 644.082693274346
v 592343.586927397 7008635.273651013 648.4853433808432
v 592343.4274761516 7008675.6673850585 651.9257037800874
v 592343.2680249063 7008716.061119103 654.7819503934157
v 592343.108573661 7008756.454853148 655.6923821437624
v 592342.9491224157 7008796.848587193 654.5685220974372
v 592342.7896711704 7008837.242321238 650.1777041389898
v 592342.6302199251 7008877.636055282 645.2398945583737
v 592342.4707686797 7008918.029789328 640.1524617262535
v 592342.3113174344 7008958.423523372 636.2920304579869
v 592342.1518661891 7008998.817257417 636.7161798701746
v 592341.9924149438 7009039.210991462 641.2438886268747
v 592341.8329636984 7009079.604725507 645.0779980183332
v 592341.6735124531 7009119.9984595515 650.3260432868992
v 592341.5140612078 7009160.392193597 655.7986898414936
v 592341.3546099624 7009200.785927641 661.5899541179316
v 592341.1951587171 7009241.1796616865 667.1379381005219
v 592341.0357074719 7009281.573395731 672.0167601639596
v 592340.8762562266 7009321.967129776 678.4005872526307
v 592340.7168049812 7009362.360863821 681.4437286792685
v 592340.5573537359 7009402.754597866 685.1094095185413
v 592340.3979024906 7009443.14833191 690.7684290359699
v 592340.2384512452 7009483.542065956 697.779568114833
v 592340.0789999999 7009523.9358 678.76168178638
v 592377.0817437826 7009540.136915003 694.4680917899248
v 592414.0844875653 7009556.338030006 709.220409617423
v 592451.0872313482 7009572.539145009 723.620186004846
v 592488.0899751309 7009588.7402600115 740.3638774822967
v 592522.7278456611 7009593.131770774 752.1463091776225
v 592550.6389918248 7009563.931649291 743.9661900669533
v 592578.5501379885 7009534.731527808 731.7328774498443
v 592606.4612841522 7009505.531406325 720.6386095228722
v 592634.3724303159 7009476.331284842 712.3614483456287
v 592662.2835764795 7009447.13116336 708.6742906734055
v 592689.6153958499 7009417.389613682 703.8184882054638
v 592716.863326446 7009387.569663095 699.8014480353772
v 592744.1112570422 7009357.749712508 701.9337967335468
v 592771.3591876383 7009327.929761921 707.5265569738942
v 592798.6071182344 7009298.109811334 715.835042428148
v 592825.8550488305 7009268.289860747 724.1369683666941
v 592853.1029794267 7009238.46991016 729.3526826878476
v 592880.3509100229 7009208.649959573 731.0413931221516
v 592907.598840619 7009178.8300089855 726.5613771322062
v 592934.8467712151 7009149.010058398 719.7786734429117
v 592962.0947018112 7009119.190107811 712.0333645208564
v 592989.3426324073 7009089.370157224 705.0470302121244
v 593012.3119632514 7009056.460484812 700.2149581314874
v 593032.048859742 7009021.216562049 696.5204631920782
v 593051.7857562324 7008985.972639287 693.996436146529
v 593071.5226527229 7008950.728716524 692.2616822762498
v 593091.2595492135 7008915.484793761 690.5077445460481
v 593110.9964457039 7008880.240870998 688.632339862742
v 593130.7333421943 7008844.996948236 686.7435047082243
v 593150.4702386849 7008809.753025473 685.7153183020737
v 593170.2071351754 7008774.50910271 684.7271854733806
v 593189.9440316659 7008739.265179947 683.9035689070985
v 593209.6809281564 7008704.021257184 682.2484379163905
v 593229.4178246468 7008668.777334422 681.3536463184032
v 593244.4754280394 7008631.953663544 681.0164326956617
v 593250.1394835737 7008591.958693239 681.0984360246775
v 593255.803539108 7008551.963722934 681.4088586816501
v 593261.4675946423 7008511.968752629 681.072960485149
v 593267.1316501765 7008471.973782324 680.3230114727303
v 593272.7957057108 7008431.978812019 679.9542696205431
v 593266.3028667775 7008394.351517253 682.3543857054322
v 593246.0432983141 7008359.405429339 686.7170093244983
v 593225.7837298507 7008324.459341425 688.0
v 593205.5241613871 7008289.513253513 688.0
v 593180.4607791983 7008258.881941699 685.646787798205
v 593147.8819861823 7008235.000957206 680.8565818759598
v 593115.3031931664 7008211.119972711 673.9153260302128
v 593082.7244001505 7008187.238988217 670.0407830633951
v 593050.1456071346 7008163.3580037225 668.0
v 593017.5668141186 7008139.477019229 668.5785049154239
v 592983.3636407086 7008117.987959226 669.8886271399368
v 592949.152228021 7008096.511031683 672.2555900720674
v 592914.9408153333 7008075.034104139 676.1303893724893
v 592880.7294026455 7008053.557176596 681.4573865173234
v 592846.5179899578 7008032.0802490525 686.9430444293502
v 592812.3065772702 7008010.603321509 691.1643142021403
v 592778.0951645825 7007989.126393966 693.0
v 592739.4001465767 7007990.774856911 692.557247948424
v 592699.6413081456 7007997.9102574885 682.8955434335154
v 592659.8824697145 7008005.045658065 663.4992650149726
v 592620.1483602134 7008012.235511568 641.7870902207812
v 592588.6123542988 7008037.477530222 629.3271076848796
v 592557.0763483841 7008062.719548876 622.0150789590018
v 592525.5403424695 7008087.961567531 617.1529017770131
v 592494.0043365549 7008113.203586185 613.5207443598368
v 592462.4683306402 7008138.445604839 611.3498855922752
v 592430.9323247257 7008163.687623493 608.3594623650506
v 592416.075942067 7008199.551006301 607.6961115295353
v 592406.5424254666 7008238.803920028 607.6495934384059
v 592397.0089088662 7008278.056833753 608.2638339311187
v 592387.4753922658 7008317.30974748 608.5189084146276
v 592377.9418756654 7008356.562661206 608.8369833638411
v 592368.4083590651 7008395.815574933 608.4982888377415
v 592358.8748424647 7008435.068488659 607.6074652226195
v 592349.3413258643 7008474.321402386 606.6908828797585
v 592344.0652811329 7008514.092448879 606.8439254060676
v 592343.9058298876 7008554.486182923 611.4003006828582
v 592343.7463786423 7008594.879916969 617.082693274346
v 592343.586927397 7008635.273651013 621.4853433808432
v 592343.4274761516 7008675.6673850585 624.9257037800874
v 592343.2680249063 7008716.061119103 627.7819503934157
v 592343.108573661 7008756.454853148 628.6923821437624
v 592342.9491224157 7008796.848587193 627.5685220974372
v 592342.7896711704 7008837.242321238 623.1777041389898
v 592342.6302199251 7008877.636055282 618.2398945583737
v 592342.4707686797 7008918.029789328 613.1524617262535
v 592342.3113174344 7008958.423523372 609.2920304579869
v 592342.1518661891 7008998.817257417 609.7161798701746
v 592341.9924149438 7009039.210991462 614.2438886268747
v 592341.8329636984 7009079.604725507 618.0779980183332
v 592341.6735124531 7009119.9984595515 623.3260432868992
v 592341.5140612078 7009160.392193597 628.7986898414936
v 592341.3546099624 7009200.785927641 634.5899541179316
v 592341.1951587171 7009241.1796616865 640.1379381005219
v 592341.0357074719 7009281.573395731 645.0167601639596
v 592340.8762562266 7009321.967129776 651.4005872526307
v 592340.7168049812 7009362.360863821 654.4437286792685
v 592340.5573537359 7009402.754597866 658.1094095185413
v 592340.3979024906 7009443.14833191 663.7684290359699
v 592340.2384512452 7009483.542065956 670.779568114833
v 590031.4107999997 7014239.0226 1006.5390857848683
v 590062.5640225306 7014213.814314533 1010.8428182590752
v 590093.7172450614 7014188.606029066 1015.2688404222304
v 590124.8704675923 7014163.397743599 1019.8466757947618
v 590156.0236901232 7014138.189458132 1024.024907187408
v 590187.1769126541 7014112.981172665 1027.944749878265
v 590199.0558897796 7014076.472431313 1027.004984125294
v 590205.8389497313 7014036.975962763 1025.5910380308171
v 590212.6220096829 7013997.479494213 1024.8207427384007
v 590219.4050696347 7013957.983025663 1023.9907735116533
v 590226.1881295864 7013918.486557112 1022.177011610333
v 590232.9711895381 7013878.9900885625 1020.0504369095747
v 590239.7542494899 7013839.493620012 1016.1307359816885
v 590246.5373094415 7013799.997151462 1011.4692276538697
v 590253.3203693932 7013760.500682912 1006.6707876695925
v 590260.103429345 7013721.004214361 1001.8595409514727
v 590235.2338341763 7013691.75871485 994.5730280247872
v 590206.5845586974 7013663.737295458 987.4106661361536
v 590177.9352832186 7013635.715876065 980.2580045158588
v 590148.1122830609 7013609.216073379 972.3725457597162
v 590113.7347814273 7013588.620726534 965.1127177252303
v 590079.3572797937 7013568.0253796885 957.2536346140762
v 590044.9797781601 7013547.430032844 949.0594399278618
v 590010.6022765264 7013526.834685999 941.8930641866839
v 589976.2247748928 7013506.239339153 938.5684934764658
v 589941.8472732592 7013485.6439923085 934.9997730304649
v 589907.4697716256 7013465.048645464 931.1072217307493
v 589869.8678802877 7013465.949346248 927.782432169603
v 589830.960695624 7013475.552049607 925.0283078616694
v 589792.0535109603 7013485.154752965 921.8379392725587
v 589753.1463262966 7013494.757456323 917.8631869407493
v 589720.7305470915 7013515.074427679 917.0634145485026
v 589694.2057747755 7013545.114690391 917.9228327389474
v 589667.6810024596 7013575.1549531035 916.7918706021084
v 589641.1562301436 7013605.195215816 915.8339545187763
v 589614.6314578278 7013635.235478529 915.7997078100406
v 589589.7576289679 7013666.493825179 915.8132464908615
v 589568.880151374 7013700.700723014 917.1050575325798
v 589548.0026737802 7013734.90762085 919.1658391545778
v 589527.1251961864 7013769.114518686 920.953724908285
v 589506.2477185925 7013803.321416522 921.4514383784049
v 589485.3702409987 7013837.528314358 921.3693088550115
v 589464.4927634049 7013871.735212194 921.4457085365935
v 589443.6152858111 7013905.94211003 920.4615646747698
v 589422.7378082173 7013940.149007866 920.2384665383361
v 589401.8603306235 7013974.355905701 917.2590083173086
v 589390.2709756499 7014010.539023649 915.2613423478684
v 589395.4141831805 7014050.28230417 916.6295560609494
v 589400.5573907112 7014090.02558469 918.6822988240324
v 589405.7005982418 7014129.768865211 922.3110073396872
v 589410.8438057724 7014169.512145732 926.1289841763019
v 589415.987013303 7014209.255426251 932.4821786535813
v 589421.1302208336 7014248.998706772 939.7514059099346
v 589431.8252046856 7014281.950716611 947.1571463964341
v 589471.7975777065 7014279.08884217 953.9057250983801
v 589511.7699507275 7014276.22696773 959.076032503647
v 589551.7423237484 7014273.365093289 962.0858766976346
v 589591.7146967694 7014270.503218847 964.4806262348479
v 589631.6870697903 7014267.641344407 965.4939237974709
v 589671.6594428113 7014264.779469966 966.37559081196
v 589711.6318158321 7014261.917595525 967.5883305676925
v 589751.6041888531 7014259.055721085 969.3437775273626
v 589791.576561874 7014256.193846644 971.9444102641718
v 589831.548934895 7014253.331972203 976.530990345528
v 589871.5213079159 7014250.4700977625 981.4984279368256
v 589911.4936809369 7014247.608223322 986.5515124545491
v 589951.4660539578 7014244.746348881 992.0684311223033
v 589991.4384269788 7014241.8844744405 998.7427808517157
v 590031.4107999997 7014239.0226 979.5390857848683
v 590062.5640225306 7014213.814314533 983.8428182590752
v 590093.7172450614 7014188.606029066 988.2688404222304
v 590124.8704675923 7014163.397743599 992.8466757947618
v 590156.0236901232 7014138.189458132 997.024907187408
v 590187.1769126541 7014112.981172665 1000.9447498782649
v 590199.0558897796 7014076.472431313 1000.004984125294
v 590205.8389497313 7014036.975962763 998.5910380308171
v 590212.6220096829 7013997.479494213 997.8207427384007
v 590219.4050696347 7013957.983025663 996.9907735116533
v 590226.1881295864 7013918.486557112 995.177011610333
v 590232.9711895381 7013878.9900885625 993.0504369095747
v 590239.7542494899 7013839.493620012 989.1307359816885
v 590246.5373094415 7013799.997151462 984.4692276538697
v 590253.3203693932 7013760.500682912 979.6707876695925
v 590260.103429345 7013721.004214361 974.8595409514727
v 590235.2338341763 7013691.75871485 967.5730280247872
v 590206.5845586974 7013663.737295458 960.4106661361536
v 590177.9352832186 7013635.715876065 953.2580045158588
v 590148.1122830609 7013609.216073379 945.3725457597162
v 590113.7347814273 7013588.620726534 938.1127177252303
v 590079.3572797937 7013568.0253796885 930.2536346140762
v 590044.9797781601 7013547.430032844 922.0594399278618
v 590010.6022765264 7013526.834685999 914.8930641866839
v 589976.2247748928 7013506.239339153 911.5684934764658
v 589941.8472732592 7013485.6439923085 907.9997730304649
v 589907.4697716256 7013465.048645464 904.1072217307493
v 589869.8678802877 7013465.949346248 900.782432169603
v 589830.960695624 7013475.552049607 898.0283078616694
v 589792.0535109603 7013485.154752965 894.8379392725587
v 589753.1463262966 7013494.757456323 890.8631869407493
v 589720.7305470915 7013515.074427679 890.0634145485026
v 589694.2057747755 7013545.114690391 890.9228327389474
v 589667.6810024596 7013575.1549531035 889.7918706021084
v 589641.1562301436 7013605.195215816 888.8339545187763
v 589614.6314578278 7013635.235478529 888.7997078100406
v 589589.7576289679 7013666.493825179 888.8132464908615
v 589568.880151374 7013700.700723014 890.1050575325798
v 589548.0026737802 7013734.90762085 892.1658391545778
v 589527.1251961864 7013769.114518686 893.953724908285
v 589506.2477185925 7013803.321416522 894.4514383784049
v 589485.3702409987 7013837.528314358 894.3693088550115
v 589464.4927634049 7013871.735212194 894.4457085365935
v 589443.6152858111 7013905.94211003 893.4615646747698
v 589422.7378082173 7013940.149007866 893.2384665383361
v 589401.8603306235 7013974.355905701 890.2590083173086
v 589390.2709756499 7014010.539023649 888.2613423478684
v 589395.4141831805 7014050.28230417 889.6295560609494
v 589400.5573907112 7014090.02558469 891.6822988240324
v 589405.7005982418 7014129.768865211 895.3110073396872
v 589410.8438057724 7014169.512145732 899.1289841763019
v 589415.987013303 7014209.255426251 905.4821786535813
v 589421.1302208336 7014248.998706772 912.7514059099346
v 589431.8252046856 7014281.950716611 920.1571463964341
v 589471.7975777065 7014279.08884217 926.9057250983801
v 589511.7699507275 7014276.22696773 932.076032503647
v 589551.7423237484 7014273.365093289 935.0858766976346
v 589591.7146967694 7014270.503218847 937.4806262348479
v 589631.6870697903 7014267.641344407 938.4939237974709
v 589671.6594428113 7014264.779469966 939.37559081196
v 589711.6318158321 7014261.917595525 940.5883305676925
v 589751.6041888531 7014259.055721085 942.3437775273626
v 589791.576561874 7014256.193846644 944.9444102641718
v 589831.548934895 7014253.331972203 949.530990345528
v 589871.5213079159 7014250.4700977625 954.4984279368256
v 589911.4936809369 7014247.608223322 959.5515124545491
v 589951.4660539578 7014244.746348881 965.0684311223033
v 589991.4384269788 7014241.8844744405 971.7427808517157
v 588935.8004000001 7014285.8931 895.0
v 588975.2104798619 7014278.5648056585 895.8559997768077
v 589014.6205597237 7014271.236511318 896.7835383425677
v 589054.0306395856 7014263.908216977 897.7110769083711
v 589093.4407194473 7014256.579922636 898.6386154741311
v 589132.8507993092 7014249.251628295 899.528940956928
v 589172.260879171 7014241.923333954 900.9069621511537
v 589211.6709590328 7014234.595039613 903.6587240377625
v 589228.625945894 7014207.220507277 903.8739753273918
v 589231.4543106849 7014167.234776757 903.5223980941239
v 589234.2826754758 7014127.249046235 903.0885748284628
v 589237.1110402667 7014087.263315715 903.5523897177702
v 589239.9394050576 7014047.277585194 904.5633231916373
v 589242.7677698485 7014007.291854674 905.9066687038211
v 589245.5961346393 7013967.306124153 907.1434894546662
v 589250.3740409565 7013927.872038897 908.1306483570792
v 589268.9163514914 7013892.3327506 909.163789242298
v 589287.4586620263 7013856.793462302 910.0110676062667
v 589306.0009725612 7013821.254174004 908.9519232533801
v 589324.543283096 7013785.714885707 907.89737240565
v 589343.0855936309 7013750.17559741 906.8852508115035
v 589361.6279041659 7013714.636309112 905.9376258294785
v 589380.1702147007 7013679.097020815 904.2279997414041
v 589398.7125252356 7013643.557732517 902.2573130570656
v 589417.2548357705 7013608.01844422 901.3803018655262
v 589431.2438642791 7013571.616347131 901.2450812233808
v 589426.9889307542 7013531.7571721105 900.3860797722248
v 589422.7339972295 7013491.89799709 900.7969658781392
v 589418.4790637046 7013452.038822069 901.5021104615644
v 589414.2241301797 7013412.179647047 902.5753211153844
v 589409.969196655 7013372.320472026 904.463869877584
v 589401.0499659613 7013333.869918132 908.4797715792039
v 589382.5308561486 7013298.318534694 913.2776086800478
v 589364.0117463359 7013262.767151255 917.763075921461
v 589345.4926365231 7013227.215767817 920.5905740271943
v 589326.9735267104 7013191.664384377 922.3128173979054
v 589306.0190584988 7013157.981437137 923.1188470612834
v 589276.4760789403 7013130.887698904 923.2703648309125
v 589246.9330993819 7013103.793960671 922.514516400681
v 589217.3901198233 7013076.700222437 921.2135063462244
v 589187.8471402648 7013049.606484204 918.7971965554455
v 589158.1924128752 7013022.635716814 917.3160812327574
v 589128.4035425349 7012995.812564566 915.603594881164
v 589098.6146721946 7012968.989412318 912.7308969968506
v 589068.8258018543 7012942.16626007 911.7286888668382
v 589039.0369315139 7012915.343107822 910.7453795920712
v 589009.2480611736 7012888.519955575 908.734327628502
v 588979.4591908333 7012861.696803327 905.8405716833787
v 588949.6703204929 7012834.873651079 903.2141206867096
v 588919.8814501526 7012808.050498831 900.8714164097765
v 588883.7791918715 7012791.8393348735 899.8880806372783
v 588845.9923741575 7012778.45969737 899.3363473595812
v 588808.2055564435 7012765.080059867 898.1083105389563
v 588770.4187387297 7012751.700422364 897.0923014562488
v 588732.6319210157 7012738.32078486 896.3454118353038
v 588694.8451033018 7012724.941147357 895.8663133159162
v 588657.0582855878 7012711.561509854 895.0564150223124
v 588619.2714678738 7012698.181872351 894.9999999999999
v 588581.48465016 7012684.802234848 891.0989367986424
v 588543.697832446 7012671.422597345 884.7265855907901
v 588505.911014732 7012658.042959842 872.080357842575
v 588467.7120420042 7012652.527078865 862.0676815722973
v 588428.7335931775 7012661.883297103 860.8204825773894
v 588389.7551443509 7012671.239515343 862.8179494795029
v 588350.7766955242 7012680.595733581 865.9793756879923
v 588311.7982466976 7012689.95195182 870.320681340565
v 588272.8197978709 7012699.308170059 874.051079970765
v 588233.8413490443 7012708.664388298 875.7985879393574
v 588199.4495994342 7012723.134703196 871.9044040577768
v 588185.9227801051 7012760.869083428 876.4678821583818
v 588172.3959607761 7012798.60346366 879.3525146220928
v 588158.8691414471 7012836.337843892 881.477648011728
v 588145.3423221181 7012874.072224124 884.7651771945643
v 588131.8155027891 7012911.8066043565 887.7142299030097
v 588118.2886834601 7012949.540984589 890.2034518148314
v 588104.7618641311 7012987.275364821 890.0946834434582
v 588110.011488379 7013023.542167454 893.5200172661347
v 588129.2369034447 7013058.716614261 895.360585810352
v 588148.4623185106 7013093.8910610685 896.1381805904203
v 588167.6877335765 7013129.065507876 897.9469298344363
v 588186.9131486424 7013164.239954684 899.4793177799554
v 588206.1385637082 7013199.414401491 900.5814987146038
v 588225.363978774 7013234.588848298 901.2913511478155
v 588244.5893938399 7013269.763295106 897.2560174409291
v 588263.8148089057 7013304.937741913 885.900261080172
v 588284.3337772855 7013339.313617629 875.8509117465719
v 588307.1641285637 7013372.262568343 863.6891683761688
v 588329.9944798419 7013405.211519058 849.2275844068317
v 588352.8248311201 7013438.160469772 834.4870893256466
v 588375.6551823982 7013471.109420487 820.795917897346
v 588398.4855336763 7013504.058371201 810.1148770859957
v 588421.3158849545 7013537.007321916 802.2166064935623
v 588444.1462362327 7013569.95627263 796.5624862133404
v 588467.6265946262 7013602.348385276 792.0799783383038
v 588496.6809816837 7013629.9654250415 790.4937415372024
v 588525.735368741 7013657.582464807 791.9614387904987
v 588554.7897557984 7013685.199504572 797.6669543849259
v 588583.8441428558 7013712.816544336 809.0397479143223
v 588612.8985299132 7013740.4335841015 822.5898855739432
v 588641.9529169706 7013768.050623867 835.7755378158447
v 588671.007304028 7013795.667663632 845.4387647814747
v 588700.0616910853 7013823.284703396 855.8945998048606
v 588726.5957627528 7013852.740685835 863.917356219213
v 588744.0294825234 7013888.836720348 867.3529380858932
v 588761.4632022941 7013924.932754862 868.3494079398987
v 588778.8969220647 7013961.028789376 871.0472725579374
v 588796.3306418352 7013997.12482389 874.2484939565878
v 588813.7643616059 7014033.2208584035 877.4275654138941
v 588831.1980813765 7014069.316892917 881.2667718004082
v 588848.631801147 7014105.412927431 885.2762898464963
v 588866.0655209176 7014141.508961945 889.1578990848094
v 588883.4992406883 7014177.604996459 891.2700762739933
v 588900.9329604589 7014213.701030972 895.0316014707315
v 588918.3666802294 7014249.797065486 895.4571437638103
v 588935.8004000001 7014285.8931 868.0
v 588975.2104798619 7014278.5648056585 868.8559997768077
v 589014.6205597237 7014271.236511318 869.7835383425677
v 589054.0306395856 7014263.908216977 870.7110769083711
v 589093.4407194473 7014256.579922636 871.6386154741311
v 589132.8507993092 7014249.251628295 872.528940956928
v 589172.260879171 7014241.923333954 873.9069621511537
v 589211.6709590328 7014234.595039613 876.6587240377625
v 589228.625945894 7014207.220507277 876.8739753273918
v 589231.4543106849 7014167.234776757 876.5223980941239
v 589234.2826754758 7014127.249046235 876.0885748284628
v 589237.1110402667 7014087.263315715 876.5523897177702
v 589239.9394050576 7014047.277585194 877.5633231916373
v 589242.7677698485 7014007.291854674 878.9066687038211
v 589245.5961346393 7013967.306124153 880.1434894546662
v 589250.3740409565 7013927.872038897 881.1306483570792
v 589268.9163514914 7013892.3327506 882.163789242298
v 589287.4586620263 7013856.793462302 883.0110676062667
v 589306.0009725612 7013821.254174004 881.9519232533801
v 589324.543283096 7013785.714885707 880.89737240565
v 589343.0855936309 7013750.17559741 879.8852508115035
v 589361.6279041659 7013714.636309112 878.9376258294785
v 589380.1702147007 7013679.097020815 877.2279997414041
v 589398.7125252356 7013643.557732517 875.2573130570656
v 589417.2548357705 7013608.01844422 874.3803018655262
v 589431.2438642791 7013571.616347131 874.2450812233808
v 589426.9889307542 7013531.7571721105 873.3860797722248
v 589422.7339972295 7013491.89799709 873.7969658781392
v 589418.4790637046 7013452.038822069 874.5021104615644
v 589414.2241301797 7013412.179647047 875.5753211153844
v 589409.969196655 7013372.320472026 877.463869877584
v 589401.0499659613 7013333.869918132 881.4797715792039
v 589382.5308561486 7013298.318534694 886.2776086800478
v 589364.0117463359 7013262.767151255 890.763075921461
v 589345.4926365231 7013227.215767817 893.5905740271943
v 589326.9735267104 7013191.664384377 895.3128173979054
v 589306.0190584988 7013157.981437137 896.1188470612834
v 589276.4760789403 7013130.887698904 896.2703648309125
v 589246.9330993819 7013103.793960671 895.514516400681
v 589217.3901198233 7013076.700222437 894.2135063462244
v 589187.8471402648 7013049.606484204 891.7971965554455
v 589158.1924128752 7013022.635716814 890.3160812327574
v 589128.4035425349 7012995.812564566 888.603594881164
v 589098.6146721946 7012968.989412318 885.7308969968506
v 589068.8258018543 7012942.16626007 884.7286888668382
v 589039.0369315139 7012915.343107822 883.7453795920712
v 589009.2480611736 7012888.519955575 881.734327628502
v 588979.4591908333 7012861.696803327 878.8405716833787
v 588949.6703204929 7012834.873651079 876.2141206867096
v 588919.8814501526 7012808.050498831 873.8714164097765
v 588883.7791918715 7012791.8393348735 872.8880806372783
v 588845.9923741575 7012778.45969737 872.3363473595812
v 588808.2055564435 7012765.080059867 871.1083105389563
v 588770.4187387297 7012751.700422364 870.0923014562488
v 588732.6319210157 7012738.32078486 869.3454118353038
v 588694.8451033018 7012724.941147357 868.8663133159162
v 588657.0582855878 7012711.561509854 868.0564150223124
v 588619.2714678738 7012698.181872351 867.9999999999999
v 588581.48465016 7012684.802234848 864.0989367986424
v 588543.697832446 7012671.422597345 857.7265855907901
v 588505.911014732 7012658.042959842 845.080357842575
v 588467.7120420042 7012652.527078865 835.0676815722973
v 588428.7335931775 7012661.883297103 833.8204825773894
v 588389.7551443509 7012671.239515343 835.8179494795029
v 588350.7766955242 7012680.595733581 838.9793756879923
v 588311.7982466976 7012689.95195182 843.320681340565
v 588272.8197978709 7012699.308170059 847.051079970765
v 588233.8413490443 7012708.664388298 848.7985879393574
v 588199.4495994342 7012723.134703196 844.9044040577768
v 588185.9227801051 7012760.869083428 849.4678821583818
v 588172.3959607761 7012798.60346366 852.3525146220928
v 588158.8691414471 7012836.337843892 854.477648011728
v 588145.3423221181 7012874.072224124 857.7651771945643
v 588131.8155027891 7012911.8066043565 860.7142299030097
v 588118.2886834601 7012949.540984589 863.2034518148314
v 588104.7618641311 7012987.275364821 863.0946834434582
v 588110.011488379 7013023.542167454 866.5200172661347
v 588129.2369034447 7013058.716614261 868.360585810352
v 588148.4623185106 7013093.8910610685 869.1381805904203
v 588167.6877335765 7013129.065507876 870.9469298344363
v 588186.9131486424 7013164.239954684 872.4793177799554
v 588206.1385637082 7013199.414401491 873.5814987146038
v 588225.363978774 7013234.588848298 874.2913511478155
v 588244.5893938399 7013269.763295106 870.2560174409291
v 588263.8148089057 7013304.937741913 858.900261080172
v 588284.3337772855 7013339.313617629 848.8509117465719
v 588307.1641285637 7013372.262568343 836.6891683761688
v 588329.9944798419 7013405.211519058 822.2275844068317
v 588352.8248311201 7013438.160469772 807.4870893256466
v 588375.6551823982 7013471.109420487 793.795917897346
v 588398.4855336763 7013504.058371201 783.1148770859957
v 588421.3158849545 7013537.007321916 775.2166064935623
v 588444.1462362327 7013569.95627263 769.5624862133404
v 588467.6265946262 7013602.348385276 765.0799783383038
v 588496.6809816837 7013629.9654250415 763.4937415372024
v 588525.735368741 7013657.582464807 764.9614387904987
v 588554.7897557984 7013685.199504572 770.6669543849259
v 588583.8441428558 7013712.816544336 782.0397479143223
v 588612.8985299132 7013740.4335841015 795.5898855739432
v 588641.9529169706 7013768.050623867 808.7755378158447
v 588671.007304028 7013795.667663632 818.4387647814747
v 588700.0616910853 7013823.284703396 828.8945998048606
v 588726.5957627528 7013852.740685835 836.917356219213
v 588744.0294825234 7013888.836720348 840.3529380858932
v 588761.4632022941 7013924.932754862 841.3494079398987
v 588778.8969220647 7013961.028789376 844.0472725579374
v 588796.3306418352 7013997.12482389 847.2484939565878
v 588813.7643616059 7014033.2208584035 850.4275654138941
v 588831.1980813765 7014069.316892917 854.2667718004082
v 588848.631801147 7014105.412927431 858.2762898464963
v 588866.0655209176 7014141.508961945 862.1578990848094
v 588883.4992406883 7014177.604996459 864.2700762739933
v 588900.9329604589 7014213.701030972 868.0316014707315
v 588918.3666802294 7014249.797065486 868.4571437638103
v 587440.5520000001 7005537.6749 692.5683319020703
v 587473.5476729202 7005514.956966366 700.1087555961959
v 587506.5433458403 7005492.239032731 705.2218253118879
v 587539.5390187603 7005469.521099097 707.5672786019445
v 587572.5346916805 7005446.803165463 710.0708884463085
v 587605.5303646005 7005424.0852318285 715.4468913503299
v 587638.5260375206 7005401.367298194 718.7677397919592
v 587671.5217104406 7005378.649364561 722.4590668247231
v 587704.5173833607 7005355.931430927 726.1725560655816
v 587737.5130562808 7005333.213497292 730.3489296047741
v 587770.1642875035 7005310.039942633 734.2208832852457
v 587801.0180816344 7005284.488771861 737.2301084058545
v 587831.8718757654 7005258.93760109 739.6779790668534
v 587862.7256698962 7005233.386430319 740.0
v 587893.5794640272 7005207.835259548 740.0
v 587924.4332581582 7005182.284088776 737.8361047242114
v 587955.2870522891 7005156.732918005 735.3281351648187
v 587986.14084642 7005131.181747234 730.1820694314143
v 588016.9946405509 7005105.6305764625 726.2726707470867
v 588047.8484346819 7005080.0794056915 720.6248920912169
v 588071.4687379906 7005049.560084661 717.005275619802
v 588084.2423373901 7005011.590964333 716.8193830812393
v 588097.0159367897 7004973.621844006 714.5499604071234
v 588109.7895361892 7004935.652723678 713.6417738320586
v 588122.5631355887 7004897.683603351 715.3332731986177
v 588127.5822494185 7004857.995662447 714.6229869892311
v 588132.0488711618 7004818.185258904 712.6370203037388
v 588136.5154929052 7004778.374855361 707.2855362108992
v 588140.9821146484 7004738.564451818 698.9920243787474
v 588145.3257747045 7004698.747607384 688.5355107728748
v 588145.0428246259 7004658.688415189 676.5736167073308
v 588144.7598745472 7004618.629222995 662.8675109015744
v 588144.4769244685 7004578.570030799 647.4467363489169
v 588144.1939743899 7004538.5108386045 631.7241573560588
v 588131.3994386494 7004503.2251627315 622.4535123398983
v 588104.9272071419 7004473.157906471 619.2051203756411
v 588078.4549756343 7004443.090650209 619.8492761871382
v 588051.9827441267 7004413.023393949 623.8906335912791
v 588025.5105126192 7004382.956137688 628.7501349270788
v 587999.0382811116 7004352.888881426 636.7205094078714
v 587972.5660496041 7004322.821625166 645.6117977786453
v 587946.0938180966 7004292.754368904 656.9498795831963
v 587919.621586589 7004262.687112643 668.6067505566072
v 587893.1493550814 7004232.619856382 679.1182083860699
v 587866.6771235738 7004202.552600121 685.6735861356672
v 587840.2048920663 7004172.48534386 689.6448930070732
v 587813.7326605588 7004142.418087599 691.4786580312496
v 587787.2604290512 7004112.350831338 691.8843793447174
v 587757.4986007306 7004087.308179714 689.2347480919202
v 587719.353365854 7004075.070533033 690.6808592068811
v 587681.2081309776 7004062.832886353 691.9856895647422
v 587643.0628961012 7004050.595239672 693.1341754365437
v 587604.9176612247 7004038.357592992 692.6688755739006
v 587567.0955117496 7004025.421627618 690.618416617681
v 587533.0741775505 7004004.270557684 685.3080060271137
v 587499.0528433514 7003983.11948775 680.9647950751142
v 587465.0315091523 7003961.968417816 677.054108074242
v 587431.0101749531 7003940.817347881 672.6563285269241
v 587396.988840754 7003919.666277947 672.8864702790356
v 587362.9675065549 7003898.515208012 675.0
v 587328.9461723558 7003877.364138078 680.0292563671768
v 587295.8875439703 7003855.000900217 689.6895571896054
v 587267.5825220268 7003826.652272864 701.1170709550807
v 587239.2775000834 7003798.30364551 712.1854824282836
v 587210.97247814 7003769.955018156 718.7548868176953
v 587182.6674561966 7003741.606390803 723.8653042844655
v 587153.4781384362 7003714.188402394 725.368133566388
v 587123.7218964847 7003687.367048867 729.1075273354618
v 587093.9656545332 7003660.545695341 730.5264323480576
v 587064.2094125819 7003633.724341814 733.024516302941
v 587034.4531706304 7003606.902988289 736.4272326536799
v 587004.6969286789 7003580.081634763 739.9936032079897
v 586974.9406867274 7003553.260281236 741.6086858940696
v 586945.1844447759 7003526.43892771 742.1608146540891
v 586915.4282028244 7003499.617574183 740.9811791962043
v 586875.963765219 7003498.332099677 740.059420910211
v 586835.9045453634 7003498.611106165 739.3359518835281
v 586817.0302662922 7003531.658852578 741.7208876048755
v 586800.3324707292 7003568.073170688 743.4559777976042
v 586783.6346751662 7003604.487488797 745.307473041493
v 586766.9368796032 7003640.901806907 745.1051654792107
v 586750.2390840402 7003677.316125017 743.120801018064
v 586733.5412884771 7003713.7304431265 740.3092086258994
v 586716.8434929142 7003750.144761236 737.2667529622988
v 586700.1456973512 7003786.559079345 735.2411818298951
v 586689.1396097132 7003824.837394554 737.222725390918
v 586681.0619743968 7003864.074758734 740.9891529827938
v 586672.9843390804 7003903.312122913 746.7950901462227
v 586664.906703764 7003942.5494870925 750.0
v 586656.8290684477 7003981.786851272 750.0
v 586648.7514331313 7004021.024215451 745.3750513650446
v 586640.6737978149 7004060.261579631 742.6447934751833
v 586634.8372675908 7004099.864373108 736.9065462940197
v 586630.0319943356 7004139.635320909 731.0843158833379
v 586625.2267210804 7004179.406268711 725.9489863994739
v 586620.421447825 7004219.177216512 721.8718643729544
v 586615.6161745698 7004258.948164313 717.9822870011907
v 586610.8109013146 7004298.719112114 712.7321251465605
v 586606.0056280594 7004338.490059915 706.6878882843978
v 586612.80392084 7004377.558004555 699.0553760936128
v 586622.3754765455 7004416.457930795 691.1636143233394
v 586631.947032251 7004455.357857034 683.2166118305252
v 586641.5185879566 7004494.257783273 678.59757624571
v 586651.0901436621 7004533.157709513 675.314497259594
v 586660.6616993676 7004572.0576357525 675.0
v 586670.2332550731 7004610.957561992 675.0
v 586679.8048107786 7004649.857488231 675.0
v 586689.3763664841 7004688.75741447 675.4302739313209
v 586698.9479221896 7004727.65734071 677.3363454823418
v 586713.5525376324 7004764.858140167 679.667773011597
v 586729.5170802613 7004801.599837443 682.3563891678145
v 586745.4816228902 7004838.341534719 685.2964993091937
v 586761.4461655191 7004875.083231995 689.6321555666476
v 586777.4107081479 7004911.82492927 693.9112044224598
v 586793.3752507768 7004948.566626546 698.5310148239885
v 586809.3397934057 7004985.308323822 701.7269495473739
v 586830.696039405 7005018.056498335 702.093573563656
v 586861.1888374346 7005044.037418418 704.134025049651
v 586891.6816354644 7005070.0183385005 705.3803497080021
v 586922.1744334942 7005095.999258584 704.5605630815477
v 586952.667231524 7005121.980178667 706.69923133302
v 586983.1600295537 7005147.961098751 707.1166478213468
v 587013.6528275835 7005173.942018834 706.5898997350603
v 587044.1456256133 7005199.922938918 706.4608741479415
v 587074.638423643 7005225.903859001 703.2328237382009
v 587105.1312216728 7005251.884779084 700.5803936938441
v 587135.6240197025 7005277.865699167 697.9637813040943
v 587166.1168177323 7005303.84661925 697.0938513439409
v 587196.609615762 7005329.827539334 697.3396282565022
v 587227.1024137918 7005355.808459417 698.0540830428153
v 587257.5952118216 7005381.7893795 697.0407667479997
v 587288.0880098513 7005407.770299584 696.0355475824288
v 587318.5808078811 7005433.751219667 694.2343838030315
v 587349.0736059109 7005459.73213975 693.3331649161682
v 587379.5664039407 7005485.713059833 693.6913123293423
v 587410.0592019703 7005511.693979917 692.7658965416949
v 587440.5520000001 7005537.6749 665.5683319020703
v 587473.5476729202 7005514.956966366 673.1087555961959
v 587506.5433458403 7005492.239032731 678.2218253118879
v 587539.5390187603 7005469.521099097 680.5672786019445
v 587572.5346916805 7005446.803165463 683.0708884463085
v 587605.5303646005 7005424.0852318285 688.4468913503299
v 587638.5260375206 7005401.367298194 691.7677397919592
v 587671.5217104406 7005378.649364561 695.4590668247231
v 587704.5173833607 7005355.931430927 699.1725560655816
v 587737.5130562808 7005333.213497292 703.3489296047741
v 587770.1642875035 7005310.039942633 707.2208832852457
v 587801.0180816344 7005284.488771861 710.2301084058545
v 587831.8718757654 7005258.93760109 712.6779790668534
v 587862.7256698962 7005233.386430319 713.0
v 587893.5794640272 7005207.835259548 713.0
v 587924.4332581582 7005182.284088776 710.8361047242114
v 587955.2870522891 7005156.732918005 708.3281351648187
v 587986.14084642 7005131.181747234 703.1820694314143
v 588016.9946405509 7005105.6305764625 699.2726707470867
v 588047.8484346819 7005080.0794056915 693.6248920912169
v 588071.4687379906 7005049.560084661 690.005275619802
v 588084.2423373901 7005011.590964333 689.8193830812393
v 588097.0159367897 7004973.621844006 687.5499604071234
v 588109.7895361892 7004935.652723678 686.6417738320586
v 588122.5631355887 7004897.683603351 688.3332731986177
v 588127.5822494185 7004857.995662447 687.6229869892311
v 588132.0488711618 7004818.185258904 685.6370203037388
v 588136.5154929052 7004778.374855361 680.2855362108992
v 588140.9821146484 7004738.564451818 671.9920243787474
v 588145.3257747045 7004698.747607384 661.5355107728748
v 588145.0428246259 7004658.688415189 649.5736167073308
v 588144.7598745472 7004618.629222995 635.8675109015744
v 588144.4769244685 7004578.570030799 620.4467363489169
v 588144.1939743899 7004538.5108386045 604.7241573560588
v 588131.3994386494 7004503.2251627315 595.4535123398983
v 588104.9272071419 7004473.157906471 592.2051203756411
v 588078.4549756343 7004443.090650209 592.8492761871382
v 588051.9827441267 7004413.023393949 596.8906335912791
v 588025.5105126192 7004382.956137688 601.7501349270788
v 587999.0382811116 7004352.888881426 609.7205094078714
v 587972.5660496041 7004322.821625166 618.6117977786453
v 587946.0938180966 7004292.754368904 629.9498795831963
v 587919.621586589 7004262.687112643 641.6067505566072
v 587893.1493550814 7004232.619856382 652.1182083860699
v 587866.6771235738 7004202.552600121 658.6735861356672
v 587840.2048920663 7004172.48534386 662.6448930070732
v 587813.7326605588 7004142.418087599 664.4786580312496
v 587787.2604290512 7004112.350831338 664.8843793447174
v 587757.4986007306 7004087.308179714 662.2347480919202
v 587719.353365854 7004075.070533033 663.6808592068811
v 587681.2081309776 7004062.832886353 664.9856895647422
v 587643.0628961012 7004050.595239672 666.1341754365437
v 587604.9176612247 7004038.357592992 665.6688755739006
v 587567.0955117496 7004025.421627618 663.618416617681
v 587533.0741775505 7004004.270557684 658.3080060271137
v 587499.0528433514 7003983.11948775 653.9647950751142
v 587465.0315091523 7003961.968417816 650.054108074242
v 587431.0101749531 7003940.817347881 645.6563285269241
v 587396.988840754 7003919.666277947 645.8864702790356
v 587362.9675065549 7003898.515208012 648.0
v 587328.9461723558 7003877.364138078 653.0292563671768
v 587295.8875439703 7003855.000900217 662.6895571896054
v 587267.5825220268 7003826.652272864 674.1170709550807
v 587239.2775000834 7003798.30364551 685.1854824282836
v 587210.97247814 7003769.955018156 691.7548868176953
v 587182.6674561966 7003741.606390803 696.8653042844655
v 587153.4781384362 7003714.188402394 698.368133566388
v 587123.7218964847 7003687.367048867 702.1075273354618
v 587093.9656545332 7003660.545695341 703.5264323480576
v 587064.2094125819 7003633.724341814 706.024516302941
v 587034.4531706304 7003606.902988289 709.4272326536799
v 587004.6969286789 7003580.081634763 712.9936032079897
v 586974.9406867274 7003553.260281236 714.6086858940696
v 586945.1844447759 7003526.43892771 715.1608146540891
v 586915.4282028244 7003499.617574183 713.9811791962043
v 586875.963765219 7003498.332099677 713.059420910211
v 586835.9045453634 7003498.611106165 712.3359518835281
v 586817.0302662922 7003531.658852578 714.7208876048755
v 586800.3324707292 7003568.073170688 716.4559777976042
v 586783.6346751662 7003604.487488797 718.307473041493
v 586766.9368796032 7003640.901806907 718.1051654792107
v 586750.2390840402 7003677.316125017 716.120801018064
v 586733.5412884771 7003713.7304431265 713.3092086258994
v 586716.8434929142 7003750.144761236 710.2667529622988
v 586700.1456973512 7003786.559079345 708.2411818298951
v 586689.1396097132 7003824.837394554 710.222725390918
v 586681.0619743968 7003864.074758734 713.9891529827938
v 586672.9843390804 7003903.312122913 719.7950901462227
v 586664.906703764 7003942.5494870925 723.0
v 586656.8290684477 7003981.786851272 723.0
v 586648.7514331313 7004021.024215451 718.3750513650446
v 586640.6737978149 7004060.261579631 715.6447934751833
v 586634.8372675908 7004099.864373108 709.9065462940197
v 586630.0319943356 7004139.635320909 704.0843158833379
v 586625.2267210804 7004179.406268711 698.9489863994739
v 586620.421447825 7004219.177216512 694.8718643729544
v 586615.6161745698 7004258.948164313 690.9822870011907
v 586610.8109013146 7004298.719112114 685.7321251465605
v 586606.0056280594 7004338.490059915 679.6878882843978
v 586612.80392084 7004377.558004555 672.0553760936128
v 586622.3754765455 7004416.457930795 664.1636143233394
v 586631.947032251 7004455.357857034 656.2166118305252
v 586641.5185879566 7004494.257783273 651.59757624571
v 586651.0901436621 7004533.157709513 648.314497259594
v 586660.6616993676 7004572.0576357525 648.0
v 586670.2332550731 7004610.957561992 648.0
v 586679.8048107786 7004649.857488231 648.0
v 586689.3763664841 7004688.75741447 648.4302739313209
v 586698.9479221896 7004727.65734071 650.3363454823418
v 586713.5525376324 7004764.858140167 652.667773011597
v 586729.5170802613 7004801.599837443 655.3563891678145
v 586745.4816228902 7004838.341534719 658.2964993091937
v 586761.4461655191 7004875.083231995 662.6321555666476
v 586777.4107081479 7004911.82492927 666.9112044224598
v 586793.3752507768 7004948.566626546 671.5310148239885
v 586809.3397934057 7004985.308323822 674.7269495473739
v 586830.696039405 7005018.056498335 675.093573563656
v 586861.1888374346 7005044.037418418 677.134025049651
v 586891.6816354644 7005070.0183385005 678.3803497080021
v 586922.1744334942 7005095.999258584 677.5605630815477
v 586952.667231524 7005121.980178667 679.69923133302
v 586983.1600295537 7005147.961098751 680.1166478213468
v 587013.6528275835 7005173.942018834 679.5898997350603
v 587044.1456256133 7005199.922938918 679.4608741479415
v 587074.638423643 7005225.903859001 676.2328237382009
v 587105.1312216728 7005251.884779084 673.5803936938441
v 587135.6240197025 7005277.865699167 670.9637813040943
v 587166.1168177323 7005303.84661925 670.0938513439409
v 587196.609615762 7005329.827539334 670.3396282565022
v 587227.1024137918 7005355.808459417 671.0540830428153
v 587257.5952118216 7005381.7893795 670.0407667479997
v 587288.0880098513 7005407.770299584 669.0355475824288
v 587318.5808078811 7005433.751219667 667.2343838030315
v 587349.0736059109 7005459.73213975 666.3331649161682
v 587379.5664039407 7005485.713059833 666.6913123293423
v 587410.0592019703 7005511.693979917 665.7658965416949
v 581656.3748000003 7010053.7767 675.0
v 581693.7179399987 7010068.387019732 675.0
v 581731.061079997 7010082.997339463 675.0
v 581768.4042199954 7010097.607659195 675.0
v 581805.7473599936 7010112.217978926 675.0
v 581843.2938987531 7010126.290135277 673.6713588331413
v 581880.9654238969 7010140.031595933 671.2501153880086
v 581918.6369490407 7010153.773056588 667.679497539069
v 581956.3084741845 7010167.514517243 666.075181830837
v 581993.9799993284 7010181.255977898 665.8365093820014
v 582031.6515244722 7010194.997438553 666.4268107562348
v 582069.5822686891 7010207.243104452 669.0121073799226
v 582109.6809201743 7010206.979103211 672.4124910004386
v 582149.7795716596 7010206.715101971 674.8244361163156
v 582189.8782231449 7010206.45110073 676.9053662497882
v 582229.9768746302 7010206.18709949 679.0125206947723
v 582270.0755261154 7010205.923098249 682.303239497389
v 582310.1741776007 7010205.659097008 684.896474712187
v 582350.2728290859 7010205.395095768 687.4606736325895
v 582390.3714805712 7010205.131094527 689.9796878479741
v 582430.4701320564 7010204.867093287 690.818460405972
v 582470.5687835417 7010204.603092046 691.6558322021519
v 582510.667435027 7010204.3390908055 690.1280156466603
v 582550.7660865122 7010204.0750895655 688.4300651247734
v 582590.8647379975 7010203.8110883245 688.1653483219078
v 582630.9633830963 7010203.546119467 689.5997605964442
v 582671.062025918 7010203.280805611 691.9893129815849
v 582711.1606687399 7010203.015491754 696.3081345316195
v 582751.2593115617 7010202.7501778975 701.6824208559766
v 582791.3579543835 7010202.484864041 706.966187511303
v 582831.4565972053 7010202.219550185 710.0
v 582871.555240027 7010201.954236328 710.0
v 582911.4947103738 7010199.363716272 710.0000000000001
v 582951.255447145 7010194.162239654 708.5232779727025
v 582991.0161839161 7010188.960763036 704.2736951616263
v 583030.7769206873 7010183.759286419 699.4360846424747
v 583070.5376574585 7010178.557809801 694.9999999999999
v 583110.2983942296 7010173.356333183 694.0958585936792
v 583150.0591310008 7010168.154856565 692.7597823088962
v 583189.8198677719 7010162.953379948 693.9116364261265
v 583227.8778689486 7010151.628028941 698.6914700888802
v 583264.6168556547 7010135.558853375 704.3424225380256
v 583301.3558423608 7010119.489677807 709.435082123646
v 583338.0948290669 7010103.420502241 710.0
v 583367.9015391401 7010079.291873771 710.2855686247799
v 583389.2835570971 7010045.3687127195 712.8686840444941
v 583410.6655750539 7010011.445551668 713.6192665356253
v 583432.0475930107 7009977.522390618 715.0596638626115
v 583453.4296109675 7009943.599229567 716.7665072094744
v 583474.5090624634 7009909.515320492 718.7722336077602
v 583490.6514837982 7009872.808457632 720.0
v 583506.793905133 7009836.101594771 720.0
v 583522.9363264678 7009799.394731911 720.0
v 583539.0787478026 7009762.687869051 720.0
v 583555.2211691374 7009725.98100619 720.0
v 583566.015528007 7009688.036803329 720.0
v 583567.6356326556 7009647.970023966 720.0
v 583569.2557373043 7009607.903244603 720.0
v 583570.875841953 7009567.83646524 720.0
v 583572.4959466017 7009527.769685878 718.1087784541384
v 583574.1160512504 7009487.702906515 715.5478398388038
v 583577.078000228 7009447.807439983 713.5089121441941
v 583585.576407859 7009408.6188113345 713.0299464600835
v 583594.0748154899 7009369.430182687 712.6943563638455
v 583602.5732231209 7009330.241554039 711.7939677196174
v 583611.0716307518 7009291.05292539 710.5895978331819
v 583619.5700383828 7009251.864296742 709.1162921592465
v 583628.0684460137 7009212.675668093 706.2721501453202
v 583645.5542968265 7009177.760902762 704.9999999999999
v 583670.587975115 7009146.435409966 704.9999999999999
v 583695.6216534036 7009115.109917169 705.0
v 583720.6553316921 7009083.784424373 705.0
v 583745.6890099806 7009052.458931576 702.1134627171323
v 583770.7226882692 7009021.13343878 700.0040848222545
v 583795.7563665578 7008989.807945984 700.4522083631693
v 583820.7900448462 7008958.482453188 701.2402404122893
v 583845.8237231348 7008927.156960391 702.4745749804334
v 583872.0269815716 7008896.814392432 703.4139917322121
v 583898.5756755905 7008866.762131394 704.2794406706344
v 583925.1243696096 7008836.709870356 704.6147730227258
v 583951.6730636287 7008806.657609318 704.8419692356388
v 583978.2217576478 7008776.605348281 704.8973069186272
v 584004.7704516669 7008746.553087243 704.81208588512
v 584031.319145686 7008716.500826205 704.6788759674463
v 584057.8678397051 7008686.448565168 704.3474527668491
v 584063.6158144879 7008647.252661149 702.6592407366543
v 584067.808057143 7008607.372883704 699.9572763065876
v 584072.000299798 7008567.493106258 698.8676579470841
v 584076.1925424531 7008527.613328813 700.0
v 584080.384785108 7008487.733551367 700.0
v 584084.5770277631 7008447.853773922 700.0
v 584088.7692704181 7008407.973996475 700.0
v 584089.3925424234 7008369.866802675 700.0
v 584055.0837874893 7008349.109132226 700.0
v 584020.7750325552 7008328.351461777 700.0
v 583986.466277621 7008307.593791328 700.7394683254363
v 583952.1575226869 7008286.836120879 701.9124022734959
v 583917.8487677528 7008266.078450431 703.0360522341584
v 583883.5400128185 7008245.320779982 704.1597021948417
v 583848.8884077629 7008225.173179119 705.7540404590243
v 583813.3183040884 7008206.659960269 707.7180576395115
v 583777.748200414 7008188.146741419 709.4532087722777
v 583742.1780967397 7008169.633522569 710.3351847461088
v 583706.6079930653 7008151.120303719 709.3116134406253
v 583671.0378893908 7008132.607084869 708.3892073215867
v 583635.3827368417 7008114.318528723 707.599186490345
v 583596.469926487 7008104.6353093255 706.5780779666176
v 583557.5571161321 7008094.952089929 705.5020128170905
v 583518.6443057774 7008085.2688705325 705.0
v 583479.7314954225 7008075.585651136 705.0
v 583440.8186850678 7008065.9024317395 705.0
v 583401.905874713 7008056.219212343 705.0
v 583362.9930643582 7008046.535992946 705.0
v 583324.0802540034 7008036.852773549 705.0
v 583285.1674436487 7008027.1695541525 705.1674689906665
v 583246.254633294 7008017.486334756 705.4341792880679
v 583207.3418229391 7008007.8031153595 705.0
v 583168.4290125844 7007998.119895962 704.3681562375085
v 583129.5162022295 7007988.436676566 702.3108486545835
v 583090.6033918748 7007978.753457169 699.3068955711184
v 583052.7324826563 7007965.83448599 696.0017137688842
v 583015.480635067 7007950.992942985 692.2036656577143
v 582978.2287874778 7007936.151399979 688.5568512138962
v 582940.9769398887 7007921.309856974 685.6642746889362
v 582903.7250922994 7007906.468313969 684.26196320352
v 582866.4732447102 7007891.626770963 684.4296226908539
v 582829.2213971211 7007876.785227957 685.4205484284834
v 582792.6737701659 7007860.321068227 689.356808672194
v 582756.3903725918 7007843.2480893405 693.799667923601
v 582720.1069750177 7007826.175110454 699.3813118130392
v 582683.8235774436 7007809.102131567 704.5748368451356
v 582647.5401798695 7007792.02915268 708.9710242250534
v 582611.2567822954 7007774.956173793 712.5896704106087
v 582574.9733847213 7007757.883194907 714.847874369104
v 582538.6899871472 7007740.81021602 718.4601030878187
v 582502.4065895731 7007723.737237133 721.6095063547781
v 582465.3040190923 7007708.586029196 724.6331585881946
v 582427.8613892738 7007694.232596858 726.285596131409
v 582390.4187594552 7007679.879164522 725.0293103543493
v 582352.9761296366 7007665.525732184 723.6613498614529
v 582315.5334998181 7007651.172299847 723.2386172123877
v 582278.0908699995 7007636.818867509 721.9340686634764
v 582240.6482401809 7007622.465435172 724.1230705660912
v 582203.2056103623 7007608.112002835 729.6732444911074
v 582165.7629805438 7007593.758570498 731.6179366257425
v 582128.3203507251 7007579.405138161 730.4463713432194
v 582090.8777209065 7007565.051705823 729.1730966097107
v 582053.435091088 7007550.698273486 726.9596095991662
v 582015.9924612694 7007536.344841149 725.339385318213
v 581978.5498314508 7007521.991408812 725.0
v 581941.1072016322 7007507.637976474 723.8539687467404
v 581903.6645718137 7007493.284544137 719.9919498119489
v 581866.2219419951 7007478.9311118 712.5214363823857
v 581828.7793121765 7007464.577679463 705.0
v 581791.3366823579 7007450.224247125 705.0
v 581758.8514665652 7007473.327096221 705.0
v 581726.4320255555 7007496.926913853 710.0
v 581694.0125845459 7007520.526731484 715.0
v 581661.5931435361 7007544.1265491145 715.0
v 581629.1737025265 7007567.726366745 720.0
v 581602.9940173813 7007598.070480394 720.0
v 581576.9496229133 7007628.560824183 720.0
v 581550.9052284453 7007659.051167972 720.0
v 581524.8608339772 7007689.541511762 720.0
v 581498.8164395093 7007720.031855551 720.0
v 581472.7720450412 7007750.52219934 720.0
v 581446.7276505732 7007781.01254313 720.0
v 581420.6832561052 7007811.502886918 720.0
v 581394.6388616372 7007841.993230708 720.0
v 581368.5944671691 7007872.4835744975 715.0
v 581342.5500727012 7007902.973918286 715.0
v 581316.5056782331 7007933.464262076 715.0
v 581293.2565985351 7007964.932866084 710.0
v 581294.6050007762 7008005.009709261 710.0
v 581295.9534030174 7008045.086552437 710.0
v 581297.3018052585 7008085.163395614 710.0
v 581298.6502074996 7008125.24023879 715.0
v 581299.9986097406 7008165.317081966 720.0
v 581301.3470119818 7008205.393925143 720.0
v 581302.6954142229 7008245.470768319 720.0
v 581304.043816464 7008285.547611496 720.0
v 581305.3922187052 7008325.624454672 715.0
v 581306.7406209463 7008365.7012978485 715.0
v 581310.6671263058 7008405.474821902 710.0
v 581318.6570379572 7008444.770277866 705.0
v 581326.6469496086 7008484.0657338295 700.0
v 581334.6368612599 7008523.361189794 700.0
v 581342.6267729114 7008562.656645757 700.0
v 581350.6166845628 7008601.9521017205 700.0
v 581358.6065962141 7008641.247557685 705.0
v 581366.5965078656 7008680.543013648 705.0
v 581374.5864195169 7008719.8384696115 710.0
v 581382.5763311683 7008759.133925576 715.0
v 581390.5662428198 7008798.429381539 715.0
v 581398.5561544711 7008837.724837502 720.0
v 581406.5460661226 7008877.020293467 720.0
v 581414.535977774 7008916.31574943 725.0
v 581422.8166463815 7008955.550729542 725.0
v 581431.1580090108 7008994.77308563 725.0
v 581439.49937164 7009033.995441717 725.0
v 581447.8407342692 7009073.217797805 725.0
v 581456.1820968986 7009112.440153893 720.0
v 581464.5234595278 7009151.662509981 715.0
v 581472.864822157 7009190.884866068 710.0
v 581481.2061847863 7009230.107222157 700.0
v 581489.5475474155 7009269.329578244 695.0
v 581497.8889100448 7009308.551934332 690.0
v 581506.230272674 7009347.77429042 685.0
v 581514.5716353032 7009386.996646508 685.0
v 581522.9129979325 7009426.219002595 685.0
v 581531.2543605617 7009465.441358683 685.0
v 581539.5957231909 7009504.663714771 685.0
v 581547.9370858202 7009543.886070859 685.0
v 581556.2784484494 7009583.108426946 685.0
v 581564.6198110786 7009622.330783035 685.0
v 581572.961173708 7009661.553139122 685.0
v 581581.3025363372 7009700.77549521 685.0
v 581589.6438989664 7009739.997851298 685.0
v 581597.9852615957 7009779.220207386 680.0
v 581606.3266242249 7009818.442563473 680.0
v 581614.6679868541 7009857.664919561 680.0
v 581623.0093494834 7009896.887275649 680.0
v 581631.3507121126 7009936.109631737 680.0
v 581639.6920747418 7009975.331987824 680.0
v 581648.0334373711 7010014.554343913 675.0
v 581656.3748000003 7010053.7767 648.0
v 581693.7179399987 7010068.387019732 648.0
v 581731.061079997 7010082.997339463 648.0
v 581768.4042199954 7010097.607659195 648.0
v 581805.7473599936 7010112.217978926 648.0
v 581843.2938987531 7010126.290135277 646.6713588331413
v 581880.9654238969 7010140.031595933 644.2501153880086
v 581918.6369490407 7010153.773056588 640.679497539069
v 581956.3084741845 7010167.514517243 639.075181830837
v 581993.9799993284 7010181.255977898 638.8365093820014
v 582031.6515244722 7010194.997438553 639.4268107562348
v 582069.5822686891 7010207.243104452 642.0121073799226
v 582109.6809201743 7010206.979103211 645.4124910004386
v 582149.7795716596 7010206.715101971 647.8244361163156
v 582189.8782231449 7010206.45110073 649.9053662497882
v 582229.9768746302 7010206.18709949 652.0125206947723
v 582270.0755261154 7010205.923098249 655.303239497389
v 582310.1741776007 7010205.659097008 657.896474712187
v 582350.2728290859 7010205.395095768 660.4606736325895
v 582390.3714805712 7010205.131094527 662.9796878479741
v 582430.4701320564 7010204.867093287 663.818460405972
v 582470.5687835417 7010204.603092046 664.6558322021519
v 582510.667435027 7010204.3390908055 663.1280156466603
v 582550.7660865122 7010204.0750895655 661.4300651247734
v 582590.8647379975 7010203.8110883245 661.1653483219078
v 582630.9633830963 7010203.546119467 662.5997605964442
v 582671.062025918 7010203.280805611 664.9893129815849
v 582711.1606687399 7010203.015491754 669.3081345316195
v 582751.2593115617 7010202.7501778975 674.6824208559766
v 582791.3579543835 7010202.484864041 679.966187511303
v 582831.4565972053 7010202.219550185 683.0
v 582871.555240027 7010201.954236328 683.0
v 582911.4947103738 7010199.363716272 683.0000000000001
v 582951.255447145 7010194.162239654 681.5232779727025
v 582991.0161839161 7010188.960763036 677.2736951616263
v 583030.7769206873 7010183.759286419 672.4360846424747
v 583070.5376574585 7010178.557809801 667.9999999999999
v 583110.2983942296 7010173.356333183 667.0958585936792
v 583150.0591310008 7010168.154856565 665.7597823088962
v 583189.8198677719 7010162.953379948 666.9116364261265
v 583227.8778689486 7010151.628028941 671.6914700888802
v 583264.6168556547 7010135.558853375 677.3424225380256
v 583301.3558423608 7010119.489677807 682.435082123646
v 583338.0948290669 7010103.420502241 683.0
v 583367.9015391401 7010079.291873771 683.2855686247799
v 583389.2835570971 7010045.3687127195 685.8686840444941
v 583410.6655750539 7010011.445551668 686.6192665356253
v 583432.0475930107 7009977.522390618 688.0596638626115
v 583453.4296109675 7009943.599229567 689.7665072094744
v 583474.5090624634 7009909.515320492 691.7722336077602
v 583490.6514837982 7009872.808457632 693.0
v 583506.793905133 7009836.101594771 693.0
v 583522.9363264678 7009799.394731911 693.0
v 583539.0787478026 7009762.687869051 693.0
v 583555.2211691374 7009725.98100619 693.0
v 583566.015528007 7009688.036803329 693.0
v 583567.6356326556 7009647.970023966 693.0
v 583569.2557373043 7009607.903244603 693.0
v 583570.875841953 7009567.83646524 693.0
v 583572.4959466017 7009527.769685878 691.1087784541384
v 583574.1160512504 7009487.702906515 688.5478398388038
v 583577.078000228 7009447.807439983 686.5089121441941
v 583585.576407859 7009408.6188113345 686.0299464600835
v 583594.0748154899 7009369.430182687 685.6943563638455
v 583602.5732231209 7009330.241554039 684.7939677196174
v 583611.0716307518 7009291.05292539 683.5895978331819
v 583619.5700383828 7009251.864296742 682.1162921592465
v 583628.0684460137 7009212.675668093 679.2721501453202
v 583645.5542968265 7009177.760902762 677.9999999999999
v 583670.587975115 7009146.435409966 677.9999999999999
v 583695.6216534036 7009115.109917169 678.0
v 583720.6553316921 7009083.784424373 678.0
v 583745.6890099806 7009052.458931576 675.1134627171323
v 583770.7226882692 7009021.13343878 673.0040848222545
v 583795.7563665578 7008989.807945984 673.4522083631693
v 583820.7900448462 7008958.482453188 674.2402404122893
v 583845.8237231348 7008927.156960391 675.4745749804334
v 583872.0269815716 7008896.814392432 676.4139917322121
v 583898.5756755905 7008866.762131394 677.2794406706344
v 583925.1243696096 7008836.709870356 677.6147730227258
v 583951.6730636287 7008806.657609318 677.8419692356388
v 583978.2217576478 7008776.605348281 677.8973069186272
v 584004.7704516669 7008746.553087243 677.81208588512
v 584031.319145686 7008716.500826205 677.6788759674463
v 584057.8678397051 7008686.448565168 677.3474527668491
v 584063.6158144879 7008647.252661149 675.6592407366543
v 584067.808057143 7008607.372883704 672.9572763065876
v 584072.000299798 7008567.493106258 671.8676579470841
v 584076.1925424531 7008527.613328813 673.0
v 584080.384785108 7008487.733551367 673.0
v 584084.5770277631 7008447.853773922 673.0
v 584088.7692704181 7008407.973996475 673.0
v 584089.3925424234 7008369.866802675 673.0
v 584055.0837874893 7008349.109132226 673.0
v 584020.7750325552 7008328.351461777 673.0
v 583986.466277621 7008307.593791328 673.7394683254363
v 583952.1575226869 7008286.836120879 674.9124022734959
v 583917.8487677528 7008266.078450431 676.0360522341584
v 583883.5400128185 7008245.320779982 677.1597021948417
v 583848.8884077629 7008225.173179119 678.7540404590243
v 583813.3183040884 7008206.659960269 680.7180576395115
v 583777.748200414 7008188.146741419 682.4532087722777
v 583742.1780967397 7008169.633522569 683.3351847461088
v 583706.6079930653 7008151.120303719 682.3116134406253
v 583671.0378893908 7008132.607084869 681.3892073215867
v 583635.3827368417 7008114.318528723 680.599186490345
v 583596.469926487 7008104.6353093255 679.5780779666176
v 583557.5571161321 7008094.952089929 678.5020128170905
v 583518.6443057774 7008085.2688705325 678.0
v 583479.7314954225 7008075.585651136 678.0
v 583440.8186850678 7008065.9024317395 678.0
v 583401.905874713 7008056.219212343 678.0
v 583362.9930643582 7008046.535992946 678.0
v 583324.0802540034 7008036.852773549 678.0
v 583285.1674436487 7008027.1695541525 678.1674689906665
v 583246.254633294 7008017.486334756 678.4341792880679
v 583207.3418229391 7008007.8031153595 678.0
v 583168.4290125844 7007998.119895962 677.3681562375085
v 583129.5162022295 7007988.436676566 675.3108486545835
v 583090.6033918748 7007978.753457169 672.3068955711184
v 583052.7324826563 7007965.83448599 669.0017137688842
v 583015.480635067 7007950.992942985 665.2036656577143
v 582978.2287874778 7007936.151399979 661.5568512138962
v 582940.9769398887 7007921.309856974 658.6642746889362
v 582903.7250922994 7007906.468313969 657.26196320352
v 582866.4732447102 7007891.626770963 657.4296226908539
v 582829.2213971211 7007876.785227957 658.4205484284834
v 582792.6737701659 7007860.321068227 662.356808672194
v 582756.3903725918 7007843.2480893405 666.799667923601
v 582720.1069750177 7007826.175110454 672.3813118130392
v 582683.8235774436 7007809.102131567 677.5748368451356
v 582647.5401798695 7007792.02915268 681.9710242250534
v 582611.2567822954 7007774.956173793 685.5896704106087
v 582574.9733847213 7007757.883194907 687.847874369104
v 582538.6899871472 7007740.81021602 691.4601030878187
v 582502.4065895731 7007723.737237133 694.6095063547781
v 582465.3040190923 7007708.586029196 697.6331585881946
v 582427.8613892738 7007694.232596858 699.285596131409
v 582390.4187594552 7007679.879164522 698.0293103543493
v 582352.9761296366 7007665.525732184 696.6613498614529
v 582315.5334998181 7007651.172299847 696.2386172123877
v 582278.0908699995 7007636.818867509 694.9340686634764
v 582240.6482401809 7007622.465435172 697.1230705660912
v 582203.2056103623 7007608.112002835 702.6732444911074
v 582165.7629805438 7007593.758570498 704.6179366257425
v 582128.3203507251 7007579.405138161 703.4463713432194
v 582090.8777209065 7007565.051705823 702.1730966097107
v 582053.435091088 7007550.698273486 699.9596095991662
v 582015.9924612694 7007536.344841149 698.339385318213
v 581978.5498314508 7007521.991408812 698.0
v 581941.1072016322 7007507.637976474 696.8539687467404
v 581903.6645718137 7007493.284544137 692.9919498119489
v 581866.2219419951 7007478.9311118 685.5214363823857
v 581828.7793121765 7007464.577679463 678.0
v 581791.3366823579 7007450.224247125 678.0
v 581758.8514665652 7007473.327096221 678.0
v 581726.4320255555 7007496.926913853 683.0
v 581694.0125845459 7007520.526731484 688.0
v 581661.5931435361 7007544.1265491145 688.0
v 581629.1737025265 7007567.726366745 693.0
v 581602.9940173813 7007598.070480394 693.0
v 581576.9496229133 7007628.560824183 693.0
v 581550.9052284453 7007659.051167972 693.0
v 581524.8608339772 7007689.541511762 693.0
v 581498.8164395093 7007720.031855551 693.0
v 581472.7720450412 7007750.52219934 693.0
v 581446.7276505732 7007781.01254313 693.0
v 581420.6832561052 7007811.502886918 693.0
v 581394.6388616372 7007841.993230708 693.0
v 581368.5944671691 7007872.4835744975 688.0
v 581342.5500727012 7007902.973918286 688.0
v 581316.5056782331 7007933.464262076 688.0
v 581293.2565985351 7007964.932866084 683.0
v 581294.6050007762 7008005.009709261 683.0
v 581295.9534030174 7008045.086552437 683.0
v 581297.3018052585 7008085.163395614 683.0
v 581298.6502074996 7008125.24023879 688.0
v 581299.9986097406 7008165.317081966 693.0
v 581301.3470119818 7008205.393925143 693.0
v 581302.6954142229 7008245.470768319 693.0
v 581304.043816464 7008285.547611496 693.0
v 581305.3922187052 7008325.624454672 688.0
v 581306.7406209463 7008365.7012978485 688.0
v 581310.6671263058 7008405.474821902 683.0
v 581318.6570379572 7008444.770277866 678.0
v 581326.6469496086 7008484.0657338295 673.0
v 581334.6368612599 7008523.361189794 673.0
v 581342.6267729114 7008562.656645757 673.0
v 581350.6166845628 7008601.9521017205 673.0
v 581358.6065962141 7008641.247557685 678.0
v 581366.5965078656 7008680.543013648 678.0
v 581374.5864195169 7008719.8384696115 683.0
v 581382.5763311683 7008759.133925576 688.0
v 581390.5662428198 7008798.429381539 688.0
v 581398.5561544711 7008837.724837502 693.0
v 581406.5460661226 7008877.020293467 693.0
v 581414.535977774 7008916.31574943 698.0
v 581422.8166463815 7008955.550729542 698.0
v 581431.1580090108 7008994.77308563 698.0
v 581439.49937164 7009033.995441717 698.0
v 581447.8407342692 7009073.217797805 698.0
v 581456.1820968986 7009112.440153893 693.0
v 581464.5234595278 7009151.662509981 688.0
v 581472.864822157 7009190.884866068 683.0
v 581481.2061847863 7009230.107222157 673.0
v 581489.5475474155 7009269.329578244 668.0
v 581497.8889100448 7009308.551934332 663.0
v 581506.230272674 7009347.77429042 658.0
v 581514.5716353032 7009386.996646508 658.0
v 581522.9129979325 7009426.219002595 658.0
v 581531.2543605617 7009465.441358683 658.0
v 581539.5957231909 7009504.663714771 658.0
v 581547.9370858202 7009543.886070859 658.0
v 581556.2784484494 7009583.108426946 658.0
v 581564.6198110786 7009622.330783035 658.0
v 581572.961173708 7009661.553139122 658.0
v 581581.3025363372 7009700.77549521 658.0
v 581589.6438989664 7009739.997851298 658.0
v 581597.9852615957 7009779.220207386 653.0
v 581606.3266242249 7009818.442563473 653.0
v 581614.6679868541 7009857.664919561 653.0
v 581623.0093494834 7009896.887275649 653.0
v 581631.3507121126 7009936.109631737 653.0
v 581639.6920747418 7009975.331987824 653.0
v 581648.0334373711 7010014.554343913 648.0
f 131 240 239
f 101 100 99
f 75 83 82
f 323 319 324
f 323 320 319
f 323 321 320
f 321 323 322
f 60 269 61
f 269 268 61
f 127 126 240
f 132 131 239
f 238 132 239
f 132 238 133
f 111 110 85
f 84 111 85
f 75 113 83
f 90 92 91
f 93 90 89
f 90 93 92
f 86 104 103
f 87 86 103
f 110 86 85
f 86 110 104
f 96 87 103
f 73 115 114
f 116 71 117
f 275 60 59
f 288 287 37
f 36 288 37
f 288 36 289
f 289 35 290
f 35 34 290
f 36 35 289
f 160 217 216
f 126 262 240
f 128 127 240
f 129 128 240
f 131 130 240
f 130 129 240
f 251 247 246
f 144 143 234
f 143 142 234
f 238 237 133
f 137 135 236
f 235 137 236
f 139 235 140
f 112 84 83
f 113 112 83
f 84 112 111
f 102 97 103
f 97 96 103
f 87 95 88
f 96 95 87
f 63 120 119
f 64 63 119
f 118 69 119
f 69 64 119
f 76 75 82
f 73 72 115
f 116 72 71
f 72 116 115
f 113 74 114
f 74 73 114
f 74 113 75
f 60 274 269
f 275 274 60
f 274 270 269
f 276 275 59
f 58 276 59
f 276 58 277
f 46 45 284
f 42 41 284
f 43 42 284
f 41 285 284
f 286 285 39
f 287 38 37
f 286 38 287
f 38 286 39
f 54 282 278
f 5 316 6
f 10 9 312
f 34 291 290
f 33 291 34
f 291 33 292
f 296 31 30
f 217 159 218
f 159 217 160
f 151 230 229
f 242 255 243
f 159 219 218
f 219 159 158
f 262 261 240
f 123 266 265
f 263 262 126
f 247 250 248
f 250 247 251
f 250 249 248
f 145 234 146
f 145 144 234
f 142 141 234
f 141 235 234
f 235 141 140
f 134 237 236
f 135 134 236
f 237 134 133
f 136 135 137
f 235 138 137
f 138 235 139
f 173 172 204
f 101 98 102
f 98 97 102
f 98 101 99
f 94 89 88
f 95 94 88
f 94 93 89
f 62 268 121
f 268 62 61
f 120 62 121
f 63 62 120
f 71 70 117
f 70 118 117
f 70 69 118
f 69 68 64
f 78 80 79
f 80 78 77
f 81 80 77
f 76 81 77
f 81 76 82
f 326 2 1
f 270 273 271
f 274 273 270
f 271 273 272
f 44 43 284
f 45 44 284
f 40 285 41
f 285 40 39
f 283 282 54
f 282 281 278
f 55 54 278
f 56 55 278
f 57 278 277
f 57 56 278
f 58 57 277
f 318 4 324
f 319 318 324
f 313 9 8
f 9 313 312
f 295 31 296
f 21 303 22
f 21 20 303
f 12 310 13
f 297 296 30
f 29 297 30
f 25 24 302
f 301 25 302
f 25 301 26
f 23 303 302
f 24 23 302
f 303 23 22
f 28 27 299
f 192 191 190
f 189 192 190
f 172 205 204
f 205 172 171
f 161 160 216
f 155 225 224
f 155 226 225
f 234 147 146
f 245 252 246
f 252 251 246
f 241 256 242
f 256 255 242
f 220 219 158
f 157 220 158
f 221 220 157
f 240 260 258
f 261 260 240
f 260 259 258
f 268 267 121
f 124 123 265
f 267 122 121
f 123 122 266
f 122 267 266
f 110 105 104
f 106 108 107
f 65 68 67
f 68 65 64
f 66 65 67
f 281 279 278
f 279 281 280
f 283 47 284
f 48 47 283
f 47 46 284
f 11 310 12
f 317 316 5
f 317 5 4
f 318 317 4
f 315 7 6
f 316 315 6
f 293 33 32
f 33 293 292
f 11 311 310
f 311 10 312
f 311 11 10
f 18 305 304
f 305 18 17
f 298 297 29
f 298 28 299
f 28 298 29
f 310 309 13
f 184 198 197
f 206 205 171
f 166 211 210
f 223 156 224
f 156 155 224
f 222 156 223
f 156 221 157
f 156 222 221
f 152 151 229
f 228 152 229
f 226 154 227
f 155 154 226
f 231 149 233
f 231 233 232
f 151 150 230
f 150 231 230
f 231 150 149
f 233 148 234
f 149 148 233
f 148 147 234
f 244 253 245
f 253 252 245
f 257 256 241
f 257 240 258
f 257 241 240
f 215 161 216
f 264 124 265
f 105 109 106
f 109 108 106
f 109 105 110
f 53 283 54
f 53 48 283
f 50 52 51
f 19 18 304
f 303 19 304
f 20 19 303
f 314 313 8
f 7 314 8
f 315 314 7
f 294 293 32
f 31 294 32
f 295 294 31
f 307 15 308
f 27 300 299
f 300 27 26
f 301 300 26
f 15 14 308
f 14 309 308
f 309 14 13
f 193 192 189
f 203 202 178
f 177 203 178
f 203 177 174
f 203 173 204
f 173 203 174
f 202 179 178
f 179 201 180
f 179 202 201
f 174 176 175
f 177 176 174
f 187 195 194
f 187 186 195
f 185 184 197
f 215 162 161
f 162 215 214
f 209 167 210
f 167 166 210
f 154 153 227
f 153 228 227
f 153 152 228
f 254 253 244
f 255 254 243
f 254 244 243
f 125 263 126
f 125 264 263
f 264 125 124
f 49 53 52
f 53 49 48
f 50 49 52
f 307 16 15
f 306 305 17
f 16 306 17
f 306 16 307
f 183 198 184
f 200 199 181
f 200 181 180
f 201 200 180
f 188 193 189
f 193 188 194
f 188 187 194
f 196 185 197
f 185 196 186
f 186 196 195
f 208 168 209
f 168 167 209
f 164 213 212
f 183 182 198
f 182 199 198
f 199 182 181
f 170 206 171
f 206 170 207
f 165 164 212
f 166 165 211
f 165 212 211
f 163 162 214
f 213 163 214
f 164 163 213
f 169 208 207
f 170 169 207
f 169 168 208
f 3 325 4
f 4 325 324
f 326 325 3
f 2 326 3
f 104 105 103
f 105 107 100
f 53 60 61
f 60 53 59
f 53 57 58
f 53 63 64
f 176 182 190
f 182 183 184
f 185 182 184
f 182 185 186
f 457 565 566
f 427 425 426
f 401 408 409
f 649 650 645
f 649 645 646
f 649 646 647
f 647 648 649
f 386 387 595
f 595 387 594
f 453 566 452
f 458 565 457
f 564 565 458
f 458 459 564
f 437 411 436
f 410 411 437
f 401 409 439
f 416 417 418
f 419 415 416
f 416 418 419
f 412 429 430
f 413 429 412
f 436 411 412
f 412 430 436
f 422 429 413
f 399 440 441
f 442 443 397
f 601 385 386
f 614 363 613
f 362 363 614
f 614 615 362
f 615 616 361
f 361 616 360
f 362 615 361
f 486 542 543
f 452 566 588
f 454 566 453
f 455 566 454
f 457 566 456
f 456 566 455
f 577 572 573
f 470 560 469
f 469 560 468
f 564 459 563
f 463 562 461
f 561 562 463
f 465 466 561
f 438 409 410
f 439 409 438
f 410 437 438
f 428 429 423
f 423 429 422
f 413 414 421
f 422 413 421
f 389 445 446
f 390 445 389
f 444 445 395
f 395 445 390
f 402 408 401
f 399 441 398
f 442 397 398
f 398 441 442
f 439 440 400
f 400 440 399
f 400 401 439
f 386 595 600
f 601 386 600
f 600 595 596
f 602 385 601
f 384 385 602
f 602 603 384
f 372 610 371
f 368 610 367
f 369 610 368
f 367 610 611
f 612 365 611
f 613 363 364
f 612 613 364
f 364 365 612
f 380 604 608
f 331 332 642
f 336 638 335
f 360 616 617
f 359 360 617
f 617 618 359
f 622 356 357
f 543 544 485
f 485 486 543
f 477 555 556
f 568 569 581
f 485 544 545
f 545 484 485
f 588 566 587
f 449 591 592
f 589 452 588
f 573 574 576
f 576 577 573
f 576 574 575
f 471 472 560
f 471 560 470
f 468 560 467
f 467 560 561
f 561 466 467
f 460 562 563
f 461 562 460
f 563 459 460
f 462 463 461
f 561 463 464
f 464 465 561
f 499 530 498
f 427 428 424
f 424 428 423
f 424 425 427
f 420 414 415
f 421 414 420
f 420 415 419
f 388 447 594
f 594 387 388
f 446 447 388
f 389 446 388
f 397 443 396
f 396 443 444
f 396 444 395
f 395 390 394
f 404 405 406
f 406 403 404
f 407 403 406
f 402 403 407
f 407 408 402
f 652 327 328
f 596 597 599
f 600 596 599
f 597 598 599
f 370 610 369
f 371 610 370
f 366 367 611
f 611 365 366
f 609 380 608
f 608 604 607
f 381 604 380
f 382 604 381
f 383 603 604
f 383 604 382
f 384 603 383
f 644 650 330
f 645 650 644
f 639 334 335
f 335 638 639
f 621 622 357
f 347 348 629
f 347 629 346
f 338 339 636
f 623 356 622
f 355 356 623
f 351 628 350
f 627 628 351
f 351 352 627
f 349 628 629
f 350 628 349
f 629 348 349
f 354 625 353
f 518 516 517
f 515 516 518
f 498 530 531
f 531 497 498
f 487 542 486
f 481 550 551
f 481 551 552
f 560 472 473
f 571 572 578
f 578 572 577
f 567 568 582
f 582 568 581
f 546 484 545
f 483 484 546
f 547 483 546
f 566 584 586
f 587 566 586
f 586 584 585
f 594 447 593
f 450 591 449
f 593 447 448
f 449 592 448
f 448 592 593
f 436 430 431
f 432 433 434
f 391 393 394
f 394 390 391
f 392 393 391
f 607 604 605
f 605 606 607
f 609 610 373
f 374 609 373
f 373 610 372
f 337 338 636
f 643 331 642
f 643 330 331
f 644 330 643
f 641 332 333
f 642 332 641
f 619 358 359
f 359 618 619
f 337 636 637
f 637 638 336
f 637 336 337
f 344 630 631
f 631 343 344
f 624 355 623
f 624 625 354
f 354 355 624
f 636 339 635
f 510 523 524
f 532 497 531
f 492 536 537
f 549 550 482
f 482 550 481
f 548 549 482
f 482 483 547
f 482 547 548
f 478 555 477
f 554 555 478
f 552 553 480
f 481 552 480
f 557 559 475
f 557 558 559
f 477 556 476
f 476 556 557
f 557 475 476
f 559 560 474
f 475 559 474
f 474 560 473
f 570 571 579
f 579 571 578
f 583 567 582
f 583 584 566
f 583 566 567
f 541 542 487
f 590 591 450
f 431 432 435
f 435 432 434
f 435 436 431
f 379 380 609
f 379 609 374
f 376 377 378
f 345 630 344
f 629 630 345
f 346 629 345
f 640 334 639
f 333 334 640
f 641 333 640
f 620 358 619
f 357 358 620
f 621 357 620
f 633 634 341
f 353 625 626
f 626 352 353
f 627 352 626
f 341 634 340
f 340 634 635
f 635 339 340
f 519 515 518
f 529 504 528
f 503 504 529
f 529 500 503
f 529 530 499
f 499 500 529
f 528 504 505
f 505 506 527
f 505 527 528
f 500 501 502
f 503 500 502
f 513 520 521
f 513 521 512
f 511 523 510
f 541 487 488
f 488 540 541
f 535 536 493
f 493 536 492
f 480 553 479
f 479 553 554
f 479 554 478
f 580 570 579
f 581 569 580
f 580 569 570
f 451 452 589
f 451 589 590
f 590 450 451
f 375 378 379
f 379 374 375
f 376 378 375
f 633 341 342
f 632 343 631
f 342 343 632
f 632 633 342
f 509 510 524
f 526 507 525
f 526 506 507
f 527 506 526
f 514 515 519
f 519 520 514
f 514 520 513
f 522 523 511
f 511 512 522
f 512 521 522
f 534 535 494
f 494 535 493
f 490 538 539
f 509 524 508
f 508 524 525
f 525 507 508
f 496 497 532
f 532 533 496
f 491 538 490
f 492 537 491
f 491 537 538
f 489 540 488
f 539 540 489
f 490 539 489
f 495 533 534
f 496 533 495
f 495 534 494
f 329 330 651
f 330 650 651
f 652 329 651
f 328 329 652
f 430 429 431
f 431 426 433
f 379 387 386
f 386 385 379
f 379 384 383
f 379 390 389
f 502 516 508
f 508 510 509
f 511 510 508
f 508 512 511
f 1 2 328
f 1 328 327
f 2 3 329
f 2 329 328
f 3 4 330
f 3 330 329
f 4 5 331
f 4 331 330
f 5 6 332
f 5 332 331
f 6 7 333
f 6 333 332
f 7 8 334
f 7 334 333
f 8 9 335
f 8 335 334
f 9 10 336
f 9 336 335
f 10 11 337
f 10 337 336
f 11 12 338
f 11 338 337
f 12 13 339
f 12 339 338
f 13 14 340
f 13 340 339
f 14 15 341
f 14 341 340
f 15 16 342
f 15 342 341
f 16 17 343
f 16 343 342
f 17 18 344
f 17 344 343
f 18 19 345
f 18 345 344
f 19 20 346
f 19 346 345
f 20 21 347
f 20 347 346
f 21 22 348
f 21 348 347
f 22 23 349
f 22 349 348
f 23 24 350
f 23 350 349
f 24 25 351
f 24 351 350
f 25 26 352
f 25 352 351
f 26 27 353
f 26 353 352
f 27 28 354
f 27 354 353
f 28 29 355
f 28 355 354
f 29 30 356
f 29 356 355
f 30 31 357
f 30 357 356
f 31 32 358
f 31 358 357
f 32 33 359
f 32 359 358
f 33 34 360
f 33 360 359
f 34 35 361
f 34 361 360
f 35 36 362
f 35 362 361
f 36 37 363
f 36 363 362
f 37 38 364
f 37 364 363
f 38 39 365
f 38 365 364
f 39 40 366
f 39 366 365
f 40 41 367
f 40 367 366
f 41 42 368
f 41 368 367
f 42 43 369
f 42 369 368
f 43 44 370
f 43 370 369
f 44 45 371
f 44 371 370
f 45 46 372
f 45 372 371
f 46 47 373
f 46 373 372
f 47 48 374
f 47 374 373
f 48 49 375
f 48 375 374
f 49 50 376
f 49 376 375
f 50 51 377
f 50 377 376
f 51 52 378
f 51 378 377
f 52 53 379
f 52 379 378
f 53 54 380
f 53 380 379
f 54 55 381
f 54 381 380
f 55 56 382
f 55 382 381
f 56 57 383
f 56 383 382
f 57 58 384
f 57 384 383
f 58 59 385
f 58 385 384
f 59 60 386
f 59 386 385
f 60 61 387
f 60 387 386
f 61 62 388
f 61 388 387
f 62 63 389
f 62 389 388
f 63 64 390
f 63 390 389
f 64 65 391
f 64 391 390
f 65 66 392
f 65 392 391
f 66 67 393
f 66 393 392
f 67 68 394
f 67 394 393
f 68 69 395
f 68 395 394
f 69 70 396
f 69 396 395
f 70 71 397
f 70 397 396
f 71 72 398
f 71 398 397
f 72 73 399
f 72 399 398
f 73 74 400
f 73 400 399
f 74 75 401
f 74 401 400
f 75 76 402
f 75 402 401
f 76 77 403
f 76 403 402
f 77 78 404
f 77 404 403
f 78 79 405
f 78 405 404
f 79 80 406
f 79 406 405
f 80 81 407
f 80 407 406
f 81 82 408
f 81 408 407
f 82 83 409
f 82 409 408
f 83 84 410
f 83 410 409
f 84 85 411
f 84 411 410
f 85 86 412
f 85 412 411
f 86 87 413
f 86 413 412
f 87 88 414
f 87 414 413
f 88 89 415
f 88 415 414
f 89 90 416
f 89 416 415
f 90 91 417
f 90 417 416
f 91 92 418
f 91 418 417
f 92 93 419
f 92 419 418
f 93 94 420
f 93 420 419
f 94 95 421
f 94 421 420
f 95 96 422
f 95 422 421
f 96 97 423
f 96 423 422
f 97 98 424
f 97 424 423
f 98 99 425
f 98 425 424
f 99 100 426
f 99 426 425
f 100 101 427
f 100 427 426
f 101 102 428
f 101 428 427
f 102 103 429
f 102 429 428
f 103 104 430
f 103 430 429
f 104 105 431
f 104 431 430
f 105 106 432
f 105 432 431
f 106 107 433
f 106 433 432
f 107 108 434
f 107 434 433
f 108 109 435
f 108 435 434
f 109 110 436
f 109 436 435
f 110 111 437
f 110 437 436
f 111 112 438
f 111 438 437
f 112 113 439
f 112 439 438
f 113 114 440
f 113 440 439
f 114 115 441
f 114 441 440
f 115 116 442
f 115 442 441
f 116 117 443
f 116 443 442
f 117 118 444
f 117 444 443
f 118 119 445
f 118 445 444
f 119 120 446
f 119 446 445
f 120 121 447
f 120 447 446
f 121 122 448
f 121 448 447
f 122 123 449
f 122 449 448
f 123 124 450
f 123 450 449
f 124 125 451
f 124 451 450
f 125 126 452
f 125 452 451
f 126 127 453
f 126 453 452
f 127 128 454
f 127 454 453
f 128 129 455
f 128 455 454
f 129 130 456
f 129 456 455
f 130 131 457
f 130 457 456
f 131 132 458
f 131 458 457
f 132 133 459
f 132 459 458
f 133 134 460
f 133 460 459
f 134 135 461
f 134 461 460
f 135 136 462
f 135 462 461
f 136 137 463
f 136 463 462
f 137 138 464
f 137 464 463
f 138 139 465
f 138 465 464
f 139 140 466
f 139 466 465
f 140 141 467
f 140 467 466
f 141 142 468
f 141 468 467
f 142 143 469
f 142 469 468
f 143 144 470
f 143 470 469
f 144 145 471
f 144 471 470
f 145 146 472
f 145 472 471
f 146 147 473
f 146 473 472
f 147 148 474
f 147 474 473
f 148 149 475
f 148 475 474
f 149 150 476
f 149 476 475
f 150 151 477
f 150 477 476
f 151 152 478
f 151 478 477
f 152 153 479
f 152 479 478
f 153 154 480
f 153 480 479
f 154 155 481
f 154 481 480
f 155 156 482
f 155 482 481
f 156 157 483
f 156 483 482
f 157 158 484
f 157 484 483
f 158 159 485
f 158 485 484
f 159 160 486
f 159 486 485
f 160 161 487
f 160 487 486
f 161 162 488
f 161 488 487
f 162 163 489
f 162 489 488
f 163 164 490
f 163 490 489
f 164 165 491
f 164 491 490
f 165 166 492
f 165 492 491
f 166 167 493
f 166 493 492
f 167 168 494
f 167 494 493
f 168 169 495
f 168 495 494
f 169 170 496
f 169 496 495
f 170 171 497
f 170 497 496
f 171 172 498
f 171 498 497
f 172 173 499
f 172 499 498
f 173 174 500
f 173 500 499
f 174 175 501
f 174 501 500
f 175 176 502
f 175 502 501
f 176 177 503
f 176 503 502
f 177 178 504
f 177 504 503
f 178 179 505
f 178 505 504
f 179 180 506
f 179 506 505
f 180 181 507
f 180 507 506
f 181 182 508
f 181 508 507
f 182 183 509
f 182 509 508
f 183 184 510
f 183 510 509
f 184 185 511
f 184 511 510
f 185 186 512
f 185 512 511
f 186 187 513
f 186 513 512
f 187 188 514
f 187 514 513
f 188 189 515
f 188 515 514
f 189 190 516
f 189 516 515
f 190 191 517
f 190 517 516
f 191 192 518
f 191 518 517
f 192 193 519
f 192 519 518
f 193 194 520
f 193 520 519
f 194 195 521
f 194 521 520
f 195 196 522
f 195 522 521
f 196 197 523
f 196 523 522
f 197 198 524
f 197 524 523
f 198 199 525
f 198 525 524
f 199 200 526
f 199 526 525
f 200 201 527
f 200 527 526
f 201 202 528
f 201 528 527
f 202 203 529
f 202 529 528
f 203 204 530
f 203 530 529
f 204 205 531
f 204 531 530
f 205 206 532
f 205 532 531
f 206 207 533
f 206 533 532
f 207 208 534
f 207 534 533
f 208 209 535
f 208 535 534
f 209 210 536
f 209 536 535
f 210 211 537
f 210 537 536
f 211 212 538
f 211 538 537
f 212 213 539
f 212 539 538
f 213 214 540
f 213 540 539
f 214 215 541
f 214 541 540
f 215 216 542
f 215 542 541
f 216 217 543
f 216 543 542
f 217 218 544
f 217 544 543
f 218 219 545
f 218 545 544
f 219 220 546
f 219 546 545
f 220 221 547
f 220 547 546
f 221 222 548
f 221 548 547
f 222 223 549
f 222 549 548
f 223 224 550
f 223 550 549
f 224 225 551
f 224 551 550
f 225 226 552
f 225 552 551
f 226 227 553
f 226 553 552
f 227 228 554
f 227 554 553
f 228 229 555
f 228 555 554
f 229 230 556
f 229 556 555
f 230 231 557
f 230 557 556
f 231 232 558
f 231 558 557
f 232 233 559
f 232 559 558
f 233 234 560
f 233 560 559
f 234 235 561
f 234 561 560
f 235 236 562
f 235 562 561
f 236 237 563
f 236 563 562
f 237 238 564
f 237 564 563
f 238 239 565
f 238 565 564
f 239 240 566
f 239 566 565
f 240 241 567
f 240 567 566
f 241 242 568
f 241 568 567
f 242 243 569
f 242 569 568
f 243 244 570
f 243 570 569
f 244 245 571
f 244 571 570
f 245 246 572
f 245 572 571
f 246 247 573
f 246 573 572
f 247 248 574
f 247 574 573
f 248 249 575
f 248 575 574
f 249 250 576
f 249 576 575
f 250 251 577
f 250 577 576
f 251 252 578
f 251 578 577
f 252 253 579
f 252 579 578
f 253 254 580
f 253 580 579
f 254 255 581
f 254 581 580
f 255 256 582
f 255 582 581
f 256 257 583
f 256 583 582
f 257 258 584
f 257 584 583
f 258 259 585
f 258 585 584
f 259 260 586
f 259 586 585
f 260 261 587
f 260 587 586
f 261 262 588
f 261 588 587
f 262 263 589
f 262 589 588
f 263 264 590
f 263 590 589
f 264 265 591
f 264 591 590
f 265 266 592
f 265 592 591
f 266 267 593
f 266 593 592
f 267 268 594
f 267 594 593
f 268 269 595
f 268 595 594
f 269 270 596
f 269 596 595
f 270 271 597
f 270 597 596
f 271 272 598
f 271 598 597
f 272 273 599
f 272 599 598
f 273 274 600
f 273 600 599
f 274 275 601
f 274 601 600
f 275 276 602
f 275 602 601
f 276 277 603
f 276 603 602
f 277 278 604
f 277 604 603
f 278 279 605
f 278 605 604
f 279 280 606
f 279 606 605
f 280 281 607
f 280 607 606
f 281 282 608
f 281 608 607
f 282 283 609
f 282 609 608
f 283 284 610
f 283 610 609
f 284 285 611
f 284 611 610
f 285 286 612
f 285 612 611
f 286 287 613
f 286 613 612
f 287 288 614
f 287 614 613
f 288 289 615
f 288 615 614
f 289 290 616
f 289 616 615
f 290 291 617
f 290 617 616
f 291 292 618
f 291 618 617
f 292 293 619
f 292 619 618
f 293 294 620
f 293 620 619
f 294 295 621
f 294 621 620
f 295 296 622
f 295 622 621
f 296 297 623
f 296 623 622
f 297 298 624
f 297 624 623
f 298 299 625
f 298 625 624
f 299 300 626
f 299 626 625
f 300 301 627
f 300 627 626
f 301 302 628
f 301 628 627
f 302 303 629
f 302 629 628
f 303 304 630
f 303 630 629
f 304 305 631
f 304 631 630
f 305 306 632
f 305 632 631
f 306 307 633
f 306 633 632
f 307 308 634
f 307 634 633
f 308 309 635
f 308 635 634
f 309 310 636
f 309 636 635
f 310 311 637
f 310 637 636
f 311 312 638
f 311 638 637
f 312 313 639
f 312 639 638
f 313 314 640
f 313 640 639
f 314 315 641
f 314 641 640
f 315 316 642
f 315 642 641
f 316 317 643
f 316 643 642
f 317 318 644
f 317 644 643
f 318 319 645
f 318 645 644
f 319 320 646
f 319 646 645
f 320 321 647
f 320 647 646
f 321 322 648
f 321 648 647
f 322 323 649
f 322 649 648
f 323 324 650
f 323 650 649
f 324 325 651
f 324 651 650
f 325 326 652
f 325 652 651
f 326 1 327
f 326 327 652
f 712 711 710
f 779 781 780
f 795 802 801
f 709 712 710
f 791 790 769
f 800 796 801
f 796 795 801
f 785 784 776
f 834 654 653
f 715 717 716
f 774 770 769
f 790 774 769
f 797 796 800
f 797 800 799
f 797 799 798
f 786 788 787
f 784 777 776
f 778 782 779
f 779 782 781
f 810 809 670
f 676 675 803
f 802 676 803
f 676 802 677
f 662 824 663
f 699 729 700
f 770 773 771
f 774 773 770
f 773 772 771
f 775 785 776
f 775 774 790
f 786 789 788
f 789 786 785
f 789 775 790
f 775 789 785
f 777 783 778
f 783 777 784
f 783 782 778
f 821 666 665
f 809 808 670
f 808 671 670
f 814 813 669
f 813 812 669
f 823 664 663
f 824 823 663
f 660 826 661
f 768 792 791
f 768 791 769
f 750 689 688
f 701 727 702
f 819 668 667
f 805 674 673
f 815 814 669
f 668 815 669
f 811 670 669
f 812 811 669
f 811 810 670
f 826 828 827
f 828 826 660
f 820 666 821
f 666 820 667
f 820 819 667
f 823 822 664
f 822 821 665
f 664 822 665
f 826 825 661
f 825 662 661
f 825 824 662
f 744 691 690
f 687 751 688
f 751 750 688
f 702 726 703
f 727 726 702
f 728 701 700
f 728 727 701
f 729 728 700
f 672 806 673
f 806 805 673
f 675 804 803
f 674 804 675
f 805 804 674
f 815 818 816
f 818 817 816
f 818 668 819
f 818 815 668
f 689 745 690
f 745 744 690
f 691 743 692
f 744 743 691
f 752 687 686
f 752 751 687
f 725 704 703
f 726 725 703
f 807 806 672
f 808 807 671
f 807 672 671
f 750 746 689
f 746 745 689
f 742 693 692
f 743 742 692
f 753 686 685
f 753 752 686
f 684 753 685
f 704 724 705
f 725 724 704
f 693 741 694
f 742 741 693
f 754 684 683
f 754 753 684
f 723 706 705
f 724 723 705
f 747 746 750
f 737 695 694
f 682 755 683
f 755 754 683
f 706 722 707
f 723 722 706
f 747 749 748
f 749 747 750
f 741 738 694
f 738 737 694
f 695 736 696
f 737 736 695
f 756 682 681
f 756 755 682
f 721 708 707
f 722 721 707
f 740 738 741
f 735 697 696
f 736 735 696
f 757 681 680
f 757 756 681
f 708 720 709
f 721 720 708
f 709 720 712
f 720 713 712
f 697 734 698
f 735 734 697
f 679 761 680
f 713 719 714
f 720 719 713
f 730 699 698
f 730 729 699
f 740 739 738
f 760 757 680
f 761 760 680
f 678 762 679
f 762 761 679
f 719 718 714
f 718 715 714
f 715 718 717
f 734 733 698
f 733 730 698
f 763 678 677
f 763 762 678
f 759 758 760
f 760 758 757
f 802 764 677
f 764 763 677
f 764 802 795
f 732 731 733
f 733 731 730
f 794 765 795
f 765 764 795
f 766 794 793
f 766 765 794
f 792 767 793
f 767 766 793
f 768 767 792
f 777 775 776
f 772 775 780
f 775 779 780
f 775 777 778
f 789 792 793
f 789 797 798
f 789 790 791
f 797 789 796
f 785 783 784
f 786 783 785
f 782 783 781
f 833 655 654
f 834 833 654
f 655 833 656
f 833 832 656
f 818 820 821
f 817 818 827
f 818 826 827
f 818 823 824
f 832 831 656
f 656 831 657
f 657 831 658
f 831 830 658
f 829 660 659
f 829 828 660
f 830 829 658
f 829 659 658
f 738 732 737
f 732 735 736
f 732 733 734
f 894 892 893
f 961 962 963
f 977 983 984
f 891 892 894
f 973 951 972
f 982 983 978
f 978 983 977
f 967 958 966
f 1016 835 836
f 897 898 899
f 956 951 952
f 972 951 956
f 979 982 978
f 979 981 982
f 979 980 981
f 968 969 970
f 966 958 959
f 960 961 964
f 961 963 964
f 992 852 991
f 858 985 857
f 984 985 858
f 858 859 984
f 844 845 1006
f 881 882 911
f 952 953 955
f 956 952 955
f 955 953 954
f 957 958 967
f 957 972 956
f 968 970 971
f 971 967 968
f 971 972 957
f 957 967 971
f 959 960 965
f 965 966 959
f 965 960 964
f 1003 847 848
f 991 852 990
f 990 852 853
f 996 851 995
f 995 851 994
f 1005 845 846
f 1006 845 1005
f 842 843 1008
f 950 973 974
f 950 951 973
f 932 870 871
f 883 884 909
f 1001 849 850
f 987 855 856
f 997 851 996
f 850 851 997
f 993 851 852
f 994 851 993
f 993 852 992
f 1008 1009 1010
f 1010 842 1008
f 1002 1003 848
f 848 849 1002
f 1002 849 1001
f 1005 846 1004
f 1004 847 1003
f 846 847 1004
f 1008 843 1007
f 1007 843 844
f 1007 844 1006
f 926 872 873
f 869 870 933
f 933 870 932
f 884 885 908
f 909 884 908
f 910 882 883
f 910 883 909
f 911 882 910
f 854 855 988
f 988 855 987
f 857 985 986
f 856 857 986
f 987 856 986
f 997 998 1000
f 1000 998 999
f 1000 1001 850
f 1000 850 997
f 871 872 927
f 927 872 926
f 873 874 925
f 926 873 925
f 934 868 869
f 934 869 933
f 907 885 886
f 908 885 907
f 989 854 988
f 990 853 989
f 989 853 854
f 932 871 928
f 928 871 927
f 924 874 875
f 925 874 924
f 935 867 868
f 935 868 934
f 866 867 935
f 886 887 906
f 907 886 906
f 875 876 923
f 924 875 923
f 936 865 866
f 936 866 935
f 905 887 888
f 906 887 905
f 929 932 928
f 919 876 877
f 864 865 937
f 937 865 936
f 888 889 904
f 905 888 904
f 929 930 931
f 931 932 929
f 923 876 920
f 920 876 919
f 877 878 918
f 919 877 918
f 938 863 864
f 938 864 937
f 903 889 890
f 904 889 903
f 922 923 920
f 917 878 879
f 918 878 917
f 939 862 863
f 939 863 938
f 890 891 902
f 903 890 902
f 891 894 902
f 902 894 895
f 879 880 916
f 917 879 916
f 861 862 943
f 895 896 901
f 902 895 901
f 912 880 881
f 912 881 911
f 922 920 921
f 942 862 939
f 943 862 942
f 860 861 944
f 944 861 943
f 901 896 900
f 900 896 897
f 897 899 900
f 916 880 915
f 915 880 912
f 945 859 860
f 945 860 944
f 941 942 940
f 942 939 940
f 984 859 946
f 946 859 945
f 946 977 984
f 914 915 913
f 915 912 913
f 976 977 947
f 947 977 946
f 948 975 976
f 948 976 947
f 974 975 949
f 949 975 948
f 950 974 949
f 959 958 957
f 954 962 957
f 957 962 961
f 957 960 959
f 971 975 974
f 971 980 979
f 971 973 972
f 979 978 971
f 967 966 965
f 968 967 965
f 964 963 965
f 1015 836 837
f 1016 836 1015
f 837 838 1015
f 1015 838 1014
f 1000 1003 1002
f 999 1009 1000
f 1000 1009 1008
f 1000 1006 1005
f 1014 838 1013
f 838 839 1013
f 839 840 1013
f 1013 840 1012
f 1011 841 842
f 1011 842 1010
f 1012 840 1011
f 1011 840 841
f 920 919 914
f 914 918 917
f 914 916 915
f 653 654 836
f 653 836 835
f 654 655 837
f 654 837 836
f 655 656 838
f 655 838 837
f 656 657 839
f 656 839 838
f 657 658 840
f 657 840 839
f 658 659 841
f 658 841 840
f 659 660 842
f 659 842 841
f 660 661 843
f 660 843 842
f 661 662 844
f 661 844 843
f 662 663 845
f 662 845 844
f 663 664 846
f 663 846 845
f 664 665 847
f 664 847 846
f 665 666 848
f 665 848 847
f 666 667 849
f 666 849 848
f 667 668 850
f 667 850 849
f 668 669 851
f 668 851 850
f 669 670 852
f 669 852 851
f 670 671 853
f 670 853 852
f 671 672 854
f 671 854 853
f 672 673 855
f 672 855 854
f 673 674 856
f 673 856 855
f 674 675 857
f 674 857 856
f 675 676 858
f 675 858 857
f 676 677 859
f 676 859 858
f 677 678 860
f 677 860 859
f 678 679 861
f 678 861 860
f 679 680 862
f 679 862 861
f 680 681 863
f 680 863 862
f 681 682 864
f 681 864 863
f 682 683 865
f 682 865 864
f 683 684 866
f 683 866 865
f 684 685 867
f 684 867 866
f 685 686 868
f 685 868 867
f 686 687 869
f 686 869 868
f 687 688 870
f 687 870 869
f 688 689 871
f 688 871 870
f 689 690 872
f 689 872 871
f 690 691 873
f 690 873 872
f 691 692 874
f 691 874 873
f 692 693 875
f 692 875 874
f 693 694 876
f 693 876 875
f 694 695 877
f 694 877 876
f 695 696 878
f 695 878 877
f 696 697 879
f 696 879 878
f 697 698 880
f 697 880 879
f 698 699 881
f 698 881 880
f 699 700 882
f 699 882 881
f 700 701 883
f 700 883 882
f 701 702 884
f 701 884 883
f 702 703 885
f 702 885 884
f 703 704 886
f 703 886 885
f 704 705 887
f 704 887 886
f 705 706 888
f 705 888 887
f 706 707 889
f 706 889 888
f 707 708 890
f 707 890 889
f 708 709 891
f 708 891 890
f 709 710 892
f 709 892 891
f 710 711 893
f 710 893 892
f 711 712 894
f 711 894 893
f 712 713 895
f 712 895 894
f 713 714 896
f 713 896 895
f 714 715 897
f 714 897 896
f 715 716 898
f 715 898 897
f 716 717 899
f 716 899 898
f 717 718 900
f 717 900 899
f 718 719 901
f 718 901 900
f 719 720 902
f 719 902 901
f 720 721 903
f 720 903 902
f 721 722 904
f 721 904 903
f 722 723 905
f 722 905 904
f 723 724 906
f 723 906 905
f 724 725 907
f 724 907 906
f 725 726 908
f 725 908 907
f 726 727 909
f 726 909 908
f 727 728 910
f 727 910 909
f 728 729 911
f 728 911 910
f 729 730 912
f 729 912 911
f 730 731 913
f 730 913 912
f 731 732 914
f 731 914 913
f 732 733 915
f 732 915 914
f 733 734 916
f 733 916 915
f 734 735 917
f 734 917 916
f 735 736 918
f 735 918 917
f 736 737 919
f 736 919 918
f 737 738 920
f 737 920 919
f 738 739 921
f 738 921 920
f 739 740 922
f 739 922 921
f 740 741 923
f 740 923 922
f 741 742 924
f 741 924 923
f 742 743 925
f 742 925 924
f 743 744 926
f 743 926 925
f 744 745 927
f 744 927 926
f 745 746 928
f 745 928 927
f 746 747 929
f 746 929 928
f 747 748 930
f 747 930 929
f 748 749 931
f 748 931 930
f 749 750 932
f 749 932 931
f 750 751 933
f 750 933 932
f 751 752 934
f 751 934 933
f 752 753 935
f 752 935 934
f 753 754 936
f 753 936 935
f 754 755 937
f 754 937 936
f 755 756 938
f 755 938 937
f 756 757 939
f 756 939 938
f 757 758 940
f 757 940 939
f 758 759 941
f 758 941 940
f 759 760 942
f 759 942 941
f 760 761 943
f 760 943 942
f 761 762 944
f 761 944 943
f 762 763 945
f 762 945 944
f 763 764 946
f 763 946 945
f 764 765 947
f 764 947 946
f 765 766 948
f 765 948 947
f 766 767 949
f 766 949 948
f 767 768 950
f 767 950 949
f 768 769 951
f 768 951 950
f 769 770 952
f 769 952 951
f 770 771 953
f 770 953 952
f 771 772 954
f 771 954 953
f 772 773 955
f 772 955 954
f 773 774 956
f 773 956 955
f 774 775 957
f 774 957 956
f 775 776 958
f 775 958 957
f 776 777 959
f 776 959 958
f 777 778 960
f 777 960 959
f 778 779 961
f 778 961 960
f 779 780 962
f 779 962 961
f 780 781 963
f 780 963 962
f 781 782 964
f 781 964 963
f 782 783 965
f 782 965 964
f 783 784 966
f 783 966 965
f 784 785 967
f 784 967 966
f 785 786 968
f 785 968 967
f 786 787 969
f 786 969 968
f 787 788 970
f 787 970 969
f 788 789 971
f 788 971 970
f 789 790 972
f 789 972 971
f 790 791 973
f 790 973 972
f 791 792 974
f 791 974 973
f 792 793 975
f 792 975 974
f 793 794 976
f 793 976 975
f 794 795 977
f 794 977 976
f 795 796 978
f 795 978 977
f 796 797 979
f 796 979 978
f 797 798 980
f 797 980 979
f 798 799 981
f 798 981 980
f 799 800 982
f 799 982 981
f 800 801 983
f 800 983 982
f 801 802 984
f 801 984 983
f 802 803 985
f 802 985 984
f 803 804 986
f 803 986 985
f 804 805 987
f 804 987 986
f 805 806 988
f 805 988 987
f 806 807 989
f 806 989 988
f 807 808 990
f 807 990 989
f 808 809 991
f 808 991 990
f 809 810 992
f 809 992 991
f 810 811 993
f 810 993 992
f 811 812 994
f 811 994 993
f 812 813 995
f 812 995 994
f 813 814 996
f 813 996 995
f 814 815 997
f 814 997 996
f 815 816 998
f 815 998 997
f 816 817 999
f 816 999 998
f 817 818 1000
f 817 1000 999
f 818 819 1001
f 818 1001 1000
f 819 820 1002
f 819 1002 1001
f 820 821 1003
f 820 1003 1002
f 821 822 1004
f 821 1004 1003
f 822 823 1005
f 822 1005 1004
f 823 824 1006
f 823 1006 1005
f 824 825 1007
f 824 1007 1006
f 825 826 1008
f 825 1008 1007
f 826 827 1009
f 826 1009 1008
f 827 828 1010
f 827 1010 1009
f 828 829 1011
f 828 1011 1010
f 829 830 1012
f 829 1012 1011
f 830 831 1013
f 830 1013 1012
f 831 832 1014
f 831 1014 1013
f 832 833 1015
f 832 1015 1014
f 833 834 1016
f 833 1016 1015
f 834 653 835
f 834 835 1016
f 1156 1155 1144
f 1155 1145 1144
f 1149 1151 1150
f 1154 1153 1146
f 1145 1154 1146
f 1154 1145 1155
f 1049 1048 1117
f 1186 1185 1117
f 1048 1186 1117
f 1092 1091 1090
f 1094 1087 1095
f 1142 1158 1157
f 1153 1147 1146
f 1049 1116 1050
f 1116 1049 1117
f 1064 1054 1113
f 1080 1079 1081
f 1089 1092 1090
f 1092 1089 1093
f 1086 1096 1095
f 1087 1086 1095
f 1096 1086 1085
f 1143 1142 1157
f 1156 1143 1157
f 1143 1156 1144
f 1148 1151 1149
f 1116 1051 1050
f 1051 1116 1115
f 1052 1051 1115
f 1114 1052 1115
f 1082 1079 1078
f 1083 1082 1078
f 1079 1082 1081
f 1208 1018 1017
f 1185 1118 1117
f 1169 1168 1132
f 1168 1133 1132
f 1165 1164 1139
f 1138 1165 1139
f 1165 1135 1166
f 1164 1140 1139
f 1131 1130 1170
f 1169 1131 1170
f 1131 1169 1132
f 1119 1183 1120
f 1180 1122 1181
f 1172 1174 1173
f 1178 1125 1124
f 1088 1094 1093
f 1089 1088 1093
f 1088 1087 1094
f 1148 1152 1151
f 1152 1148 1147
f 1152 1147 1153
f 1114 1053 1052
f 1054 1053 1113
f 1053 1114 1113
f 1109 1108 1068
f 1067 1109 1068
f 1070 1069 1107
f 1108 1069 1068
f 1069 1108 1107
f 1106 1070 1107
f 1099 1098 1083
f 1023 1025 1024
f 1167 1133 1168
f 1165 1136 1135
f 1136 1165 1138
f 1137 1136 1138
f 1162 1159 1158
f 1159 1162 1161
f 1159 1161 1160
f 1142 1141 1158
f 1183 1182 1120
f 1184 1183 1119
f 1184 1118 1185
f 1118 1184 1119
f 1179 1178 1124
f 1180 1123 1122
f 1179 1123 1180
f 1123 1179 1124
f 1130 1171 1170
f 1174 1129 1128
f 1172 1129 1174
f 1171 1129 1172
f 1129 1171 1130
f 1062 1061 1057
f 1056 1062 1057
f 1065 1111 1066
f 1112 1064 1113
f 1112 1065 1064
f 1065 1112 1111
f 1111 1110 1066
f 1110 1067 1066
f 1067 1110 1109
f 1072 1071 1105
f 1071 1106 1105
f 1106 1071 1070
f 1098 1084 1083
f 1097 1096 1085
f 1084 1097 1085
f 1097 1084 1098
f 1077 1083 1078
f 1077 1099 1083
f 1099 1077 1100
f 1077 1076 1100
f 1103 1074 1073
f 1072 1104 1073
f 1104 1103 1073
f 1104 1072 1105
f 1101 1076 1075
f 1076 1101 1100
f 1047 1186 1048
f 1134 1167 1166
f 1135 1134 1166
f 1167 1134 1133
f 1163 1162 1158
f 1141 1163 1158
f 1163 1141 1140
f 1163 1140 1164
f 1182 1121 1120
f 1121 1182 1181
f 1122 1121 1181
f 1176 1127 1126
f 1175 1174 1128
f 1127 1175 1128
f 1175 1127 1176
f 1177 1176 1126
f 1177 1125 1178
f 1125 1177 1126
f 1061 1058 1057
f 1056 1063 1062
f 1074 1102 1075
f 1102 1101 1075
f 1102 1074 1103
f 1187 1047 1046
f 1047 1187 1186
f 1058 1060 1059
f 1060 1058 1061
f 1055 1063 1056
f 1063 1055 1064
f 1064 1055 1054
f 1188 1187 1046
f 1045 1188 1046
f 1188 1045 1189
f 1042 1041 1192
f 1191 1190 1043
f 1042 1191 1043
f 1191 1042 1192
f 1190 1044 1043
f 1044 1190 1189
f 1045 1044 1189
f 1026 1023 1022
f 1026 1025 1023
f 1204 1026 1022
f 1026 1204 1203
f 1036 1033 1197
f 1033 1036 1034
f 1036 1035 1034
f 1195 1039 1038
f 1196 1195 1038
f 1193 1041 1040
f 1041 1193 1192
f 1027 1203 1202
f 1027 1026 1203
f 1037 1036 1197
f 1196 1037 1197
f 1037 1196 1038
f 1033 1032 1197
f 1198 1032 1031
f 1032 1198 1197
f 1194 1193 1040
f 1039 1194 1040
f 1194 1039 1195
f 1201 1028 1202
f 1028 1027 1202
f 1199 1198 1031
f 1199 1031 1030
f 1200 1199 1030
f 1029 1028 1201
f 1029 1201 1200
f 1029 1200 1030
f 1086 1084 1085
f 1084 1086 1087
f 1017 1019 1024
f 1019 1023 1024
f 1019 1021 1022
f 1019 1207 1206
f 1020 1019 1206
f 1207 1019 1208
f 1019 1018 1208
f 1167 1163 1166
f 1169 1163 1168
f 1165 1163 1164
f 1171 1163 1170
f 1163 1172 1173
f 1060 1067 1068
f 1060 1077 1078
f 1074 1060 1073
f 1065 1060 1064
f 1076 1060 1075
f 1060 1061 1062
f 1060 1065 1066
f 1060 1074 1075
f 1063 1060 1062
f 1205 1021 1020
f 1205 1020 1206
f 1021 1205 1022
f 1205 1204 1022
f 1037 1049 1050
f 1037 1042 1043
f 1037 1053 1054
f 1037 1047 1048
f 1055 1037 1054
f 1044 1037 1043
f 1037 1056 1057
f 1058 1037 1057
f 1041 1037 1040
f 1037 1045 1046
f 1037 1055 1056
f 1037 1044 1045
f 1036 1037 1035
f 1199 1184 1185
f 1186 1199 1185
f 1174 1199 1017
f 1182 1199 1181
f 1175 1199 1174
f 1199 1207 1208
f 1184 1199 1183
f 1193 1199 1192
f 1199 1191 1192
f 1199 1196 1197
f 1190 1199 1189
f 1199 1201 1202
f 1188 1199 1187
f 1191 1199 1190
f 1199 1205 1206
f 1204 1199 1203
f 1196 1199 1195
f 1198 1199 1197
f 1201 1199 1200
f 1205 1199 1204
f 1194 1199 1193
f 1029 1033 1034
f 1029 1032 1033
f 1032 1029 1031
f 1348 1336 1347
f 1347 1336 1337
f 1341 1342 1343
f 1346 1338 1345
f 1337 1338 1346
f 1346 1347 1337
f 1241 1309 1240
f 1378 1309 1377
f 1240 1309 1378
f 1284 1282 1283
f 1286 1287 1279
f 1334 1349 1350
f 1345 1338 1339
f 1241 1242 1308
f 1308 1309 1241
f 1256 1305 1246
f 1272 1273 1271
f 1281 1282 1284
f 1284 1285 1281
f 1278 1287 1288
f 1279 1287 1278
f 1288 1277 1278
f 1335 1349 1334
f 1348 1349 1335
f 1335 1336 1348
f 1340 1341 1343
f 1308 1242 1243
f 1243 1307 1308
f 1244 1307 1243
f 1306 1307 1244
f 1274 1270 1271
f 1275 1270 1274
f 1271 1273 1274
f 1400 1209 1210
f 1377 1309 1310
f 1361 1324 1360
f 1360 1324 1325
f 1357 1331 1356
f 1330 1331 1357
f 1357 1358 1327
f 1356 1331 1332
f 1323 1362 1322
f 1361 1362 1323
f 1323 1324 1361
f 1311 1312 1375
f 1372 1373 1314
f 1364 1365 1366
f 1370 1316 1317
f 1280 1285 1286
f 1281 1285 1280
f 1280 1286 1279
f 1340 1343 1344
f 1344 1339 1340
f 1344 1345 1339
f 1306 1244 1245
f 1246 1305 1245
f 1245 1305 1306
f 1301 1260 1300
f 1259 1260 1301
f 1262 1299 1261
f 1300 1260 1261
f 1261 1299 1300
f 1298 1299 1262
f 1291 1275 1290
f 1215 1216 1217
f 1359 1360 1325
f 1357 1327 1328
f 1328 1330 1357
f 1329 1330 1328
f 1354 1350 1351
f 1351 1353 1354
f 1351 1352 1353
f 1334 1350 1333
f 1375 1312 1374
f 1376 1311 1375
f 1376 1377 1310
f 1310 1311 1376
f 1371 1316 1370
f 1372 1314 1315
f 1371 1372 1315
f 1315 1316 1371
f 1322 1362 1363
f 1366 1320 1321
f 1364 1366 1321
f 1363 1364 1321
f 1321 1322 1363
f 1254 1249 1253
f 1248 1249 1254
f 1257 1258 1303
f 1304 1305 1256
f 1304 1256 1257
f 1257 1303 1304
f 1303 1258 1302
f 1302 1258 1259
f 1259 1301 1302
f 1264 1297 1263
f 1263 1297 1298
f 1298 1262 1263
f 1290 1275 1276
f 1289 1277 1288
f 1276 1277 1289
f 1289 1290 1276
f 1269 1270 1275
f 1269 1275 1291
f 1291 1292 1269
f 1269 1292 1268
f 1295 1265 1266
f 1264 1265 1296
f 1296 1265 1295
f 1296 1297 1264
f 1293 1267 1268
f 1268 1292 1293
f 1239 1240 1378
f 1326 1358 1359
f 1327 1358 1326
f 1359 1325 1326
f 1355 1350 1354
f 1333 1350 1355
f 1355 1332 1333
f 1355 1356 1332
f 1374 1312 1313
f 1313 1373 1374
f 1314 1373 1313
f 1368 1318 1319
f 1367 1320 1366
f 1319 1320 1367
f 1367 1368 1319
f 1369 1318 1368
f 1369 1370 1317
f 1317 1318 1369
f 1253 1249 1250
f 1248 1254 1255
f 1266 1267 1294
f 1294 1267 1293
f 1294 1295 1266
f 1379 1238 1239
f 1239 1378 1379
f 1250 1251 1252
f 1252 1253 1250
f 1247 1248 1255
f 1255 1256 1247
f 1256 1246 1247
f 1380 1238 1379
f 1237 1238 1380
f 1380 1381 1237
f 1234 1384 1233
f 1383 1235 1382
f 1234 1235 1383
f 1383 1384 1234
f 1382 1235 1236
f 1236 1381 1382
f 1237 1381 1236
f 1218 1214 1215
f 1218 1215 1217
f 1396 1214 1218
f 1218 1395 1396
f 1228 1389 1225
f 1225 1226 1228
f 1228 1226 1227
f 1387 1230 1231
f 1388 1230 1387
f 1385 1232 1233
f 1233 1384 1385
f 1219 1394 1395
f 1219 1395 1218
f 1229 1389 1228
f 1388 1389 1229
f 1229 1230 1388
f 1225 1389 1224
f 1390 1223 1224
f 1224 1389 1390
f 1386 1232 1385
f 1231 1232 1386
f 1386 1387 1231
f 1393 1394 1220
f 1220 1394 1219
f 1391 1223 1390
f 1391 1222 1223
f 1392 1222 1391
f 1221 1393 1220
f 1221 1392 1393
f 1221 1222 1392
f 1278 1277 1276
f 1276 1279 1278
f 1209 1216 1211
f 1211 1216 1215
f 1211 1214 1213
f 1211 1398 1399
f 1212 1398 1211
f 1399 1400 1211
f 1211 1400 1210
f 1359 1358 1355
f 1361 1360 1355
f 1357 1356 1355
f 1363 1362 1355
f 1355 1365 1364
f 1252 1260 1259
f 1252 1270 1269
f 1266 1265 1252
f 1257 1256 1252
f 1268 1267 1252
f 1252 1254 1253
f 1252 1258 1257
f 1252 1267 1266
f 1255 1254 1252
f 1397 1212 1213
f 1397 1398 1212
f 1213 1214 1397
f 1397 1214 1396
f 1229 1242 1241
f 1229 1235 1234
f 1229 1246 1245
f 1229 1240 1239
f 1247 1246 1229
f 1236 1235 1229
f 1229 1249 1248
f 1250 1249 1229
f 1233 1232 1229
f 1229 1238 1237
f 1229 1248 1247
f 1229 1237 1236
f 1228 1227 1229
f 1391 1377 1376
f 1378 1377 1391
f 1366 1209 1391
f 1374 1373 1391
f 1367 1366 1391
f 1391 1400 1399
f 1376 1375 1391
f 1385 1384 1391
f 1391 1384 1383
f 1391 1389 1388
f 1382 1381 1391
f 1391 1394 1393
f 1380 1379 1391
f 1383 1382 1391
f 1391 1398 1397
f 1396 1395 1391
f 1388 1387 1391
f 1390 1389 1391
f 1393 1392 1391
f 1397 1396 1391
f 1386 1385 1391
f 1221 1226 1225
f 1221 1225 1224
f 1224 1223 1221
f 1017 1018 1210
f 1017 1210 1209
f 1018 1019 1211
f 1018 1211 1210
f 1019 1020 1212
f 1019 1212 1211
f 1020 1021 1213
f 1020 1213 1212
f 1021 1022 1214
f 1021 1214 1213
f 1022 1023 1215
f 1022 1215 1214
f 1023 1024 1216
f 1023 1216 1215
f 1024 1025 1217
f 1024 1217 1216
f 1025 1026 1218
f 1025 1218 1217
f 1026 1027 1219
f 1026 1219 1218
f 1027 1028 1220
f 1027 1220 1219
f 1028 1029 1221
f 1028 1221 1220
f 1029 1030 1222
f 1029 1222 1221
f 1030 1031 1223
f 1030 1223 1222
f 1031 1032 1224
f 1031 1224 1223
f 1032 1033 1225
f 1032 1225 1224
f 1033 1034 1226
f 1033 1226 1225
f 1034 1035 1227
f 1034 1227 1226
f 1035 1036 1228
f 1035 1228 1227
f 1036 1037 1229
f 1036 1229 1228
f 1037 1038 1230
f 1037 1230 1229
f 1038 1039 1231
f 1038 1231 1230
f 1039 1040 1232
f 1039 1232 1231
f 1040 1041 1233
f 1040 1233 1232
f 1041 1042 1234
f 1041 1234 1233
f 1042 1043 1235
f 1042 1235 1234
f 1043 1044 1236
f 1043 1236 1235
f 1044 1045 1237
f 1044 1237 1236
f 1045 1046 1238
f 1045 1238 1237
f 1046 1047 1239
f 1046 1239 1238
f 1047 1048 1240
f 1047 1240 1239
f 1048 1049 1241
f 1048 1241 1240
f 1049 1050 1242
f 1049 1242 1241
f 1050 1051 1243
f 1050 1243 1242
f 1051 1052 1244
f 1051 1244 1243
f 1052 1053 1245
f 1052 1245 1244
f 1053 1054 1246
f 1053 1246 1245
f 1054 1055 1247
f 1054 1247 1246
f 1055 1056 1248
f 1055 1248 1247
f 1056 1057 1249
f 1056 1249 1248
f 1057 1058 1250
f 1057 1250 1249
f 1058 1059 1251
f 1058 1251 1250
f 1059 1060 1252
f 1059 1252 1251
f 1060 1061 1253
f 1060 1253 1252
f 1061 1062 1254
f 1061 1254 1253
f 1062 1063 1255
f 1062 1255 1254
f 1063 1064 1256
f 1063 1256 1255
f 1064 1065 1257
f 1064 1257 1256
f 1065 1066 1258
f 1065 1258 1257
f 1066 1067 1259
f 1066 1259 1258
f 1067 1068 1260
f 1067 1260 1259
f 1068 1069 1261
f 1068 1261 1260
f 1069 1070 1262
f 1069 1262 1261
f 1070 1071 1263
f 1070 1263 1262
f 1071 1072 1264
f 1071 1264 1263
f 1072 1073 1265
f 1072 1265 1264
f 1073 1074 1266
f 1073 1266 1265
f 1074 1075 1267
f 1074 1267 1266
f 1075 1076 1268
f 1075 1268 1267
f 1076 1077 1269
f 1076 1269 1268
f 1077 1078 1270
f 1077 1270 1269
f 1078 1079 1271
f 1078 1271 1270
f 1079 1080 1272
f 1079 1272 1271
f 1080 1081 1273
f 1080 1273 1272
f 1081 1082 1274
f 1081 1274 1273
f 1082 1083 1275
f 1082 1275 1274
f 1083 1084 1276
f 1083 1276 1275
f 1084 1085 1277
f 1084 1277 1276
f 1085 1086 1278
f 1085 1278 1277
f 1086 1087 1279
f 1086 1279 1278
f 1087 1088 1280
f 1087 1280 1279
f 1088 1089 1281
f 1088 1281 1280
f 1089 1090 1282
f 1089 1282 1281
f 1090 1091 1283
f 1090 1283 1282
f 1091 1092 1284
f 1091 1284 1283
f 1092 1093 1285
f 1092 1285 1284
f 1093 1094 1286
f 1093 1286 1285
f 1094 1095 1287
f 1094 1287 1286
f 1095 1096 1288
f 1095 1288 1287
f 1096 1097 1289
f 1096 1289 1288
f 1097 1098 1290
f 1097 1290 1289
f 1098 1099 1291
f 1098 1291 1290
f 1099 1100 1292
f 1099 1292 1291
f 1100 1101 1293
f 1100 1293 1292
f 1101 1102 1294
f 1101 1294 1293
f 1102 1103 1295
f 1102 1295 1294
f 1103 1104 1296
f 1103 1296 1295
f 1104 1105 1297
f 1104 1297 1296
f 1105 1106 1298
f 1105 1298 1297
f 1106 1107 1299
f 1106 1299 1298
f 1107 1108 1300
f 1107 1300 1299
f 1108 1109 1301
f 1108 1301 1300
f 1109 1110 1302
f 1109 1302 1301
f 1110 1111 1303
f 1110 1303 1302
f 1111 1112 1304
f 1111 1304 1303
f 1112 1113 1305
f 1112 1305 1304
f 1113 1114 1306
f 1113 1306 1305
f 1114 1115 1307
f 1114 1307 1306
f 1115 1116 1308
f 1115 1308 1307
f 1116 1117 1309
f 1116 1309 1308
f 1117 1118 1310
f 1117 1310 1309
f 1118 1119 1311
f 1118 1311 1310
f 1119 1120 1312
f 1119 1312 1311
f 1120 1121 1313
f 1120 1313 1312
f 1121 1122 1314
f 1121 1314 1313
f 1122 1123 1315
f 1122 1315 1314
f 1123 1124 1316
f 1123 1316 1315
f 1124 1125 1317
f 1124 1317 1316
f 1125 1126 1318
f 1125 1318 1317
f 1126 1127 1319
f 1126 1319 1318
f 1127 1128 1320
f 1127 1320 1319
f 1128 1129 1321
f 1128 1321 1320
f 1129 1130 1322
f 1129 1322 1321
f 1130 1131 1323
f 1130 1323 1322
f 1131 1132 1324
f 1131 1324 1323
f 1132 1133 1325
f 1132 1325 1324
f 1133 1134 1326
f 1133 1326 1325
f 1134 1135 1327
f 1134 1327 1326
f 1135 1136 1328
f 1135 1328 1327
f 1136 1137 1329
f 1136 1329 1328
f 1137 1138 1330
f 1137 1330 1329
f 1138 1139 1331
f 1138 1331 1330
f 1139 1140 1332
f 1139 1332 1331
f 1140 1141 1333
f 1140 1333 1332
f 1141 1142 1334
f 1141 1334 1333
f 1142 1143 1335
f 1142 1335 1334
f 1143 1144 1336
f 1143 1336 1335
f 1144 1145 1337
f 1144 1337 1336
f 1145 1146 1338
f 1145 1338 1337
f 1146 1147 1339
f 1146 1339 1338
f 1147 1148 1340
f 1147 1340 1339
f 1148 1149 1341
f 1148 1341 1340
f 1149 1150 1342
f 1149 1342 1341
f 1150 1151 1343
f 1150 1343 1342
f 1151 1152 1344
f 1151 1344 1343
f 1152 1153 1345
f 1152 1345 1344
f 1153 1154 1346
f 1153 1346 1345
f 1154 1155 1347
f 1154 1347 1346
f 1155 1156 1348
f 1155 1348 1347
f 1156 1157 1349
f 1156 1349 1348
f 1157 1158 1350
f 1157 1350 1349
f 1158 1159 1351
f 1158 1351 1350
f 1159 1160 1352
f 1159 1352 1351
f 1160 1161 1353
f 1160 1353 1352
f 1161 1162 1354
f 1161 1354 1353
f 1162 1163 1355
f 1162 1355 1354
f 1163 1164 1356
f 1163 1356 1355
f 1164 1165 1357
f 1164 1357 1356
f 1165 1166 1358
f 1165 1358 1357
f 1166 1167 1359
f 1166 1359 1358
f 1167 1168 1360
f 1167 1360 1359
f 1168 1169 1361
f 1168 1361 1360
f 1169 1170 1362
f 1169 1362 1361
f 1170 1171 1363
f 1170 1363 1362
f 1171 1172 1364
f 1171 1364 1363
f 1172 1173 1365
f 1172 1365 1364
f 1173 1174 1366
f 1173 1366 1365
f 1174 1175 1367
f 1174 1367 1366
f 1175 1176 1368
f 1175 1368 1367
f 1176 1177 1369
f 1176 1369 1368
f 1177 1178 1370
f 1177 1370 1369
f 1178 1179 1371
f 1178 1371 1370
f 1179 1180 1372
f 1179 1372 1371
f 1180 1181 1373
f 1180 1373 1372
f 1181 1182 1374
f 1181 1374 1373
f 1182 1183 1375
f 1182 1375 1374
f 1183 1184 1376
f 1183 1376 1375
f 1184 1185 1377
f 1184 1377 1376
f 1185 1186 1378
f 1185 1378 1377
f 1186 1187 1379
f 1186 1379 1378
f 1187 1188 1380
f 1187 1380 1379
f 1188 1189 1381
f 1188 1381 1380
f 1189 1190 1382
f 1189 1382 1381
f 1190 1191 1383
f 1190 1383 1382
f 1191 1192 1384
f 1191 1384 1383
f 1192 1193 1385
f 1192 1385 1384
f 1193 1194 1386
f 1193 1386 1385
f 1194 1195 1387
f 1194 1387 1386
f 1195 1196 1388
f 1195 1388 1387
f 1196 1197 1389
f 1196 1389 1388
f 1197 1198 1390
f 1197 1390 1389
f 1198 1199 1391
f 1198 1391 1390
f 1199 1200 1392
f 1199 1392 1391
f 1200 1201 1393
f 1200 1393 1392
f 1201 1202 1394
f 1201 1394 1393
f 1202 1203 1395
f 1202 1395 1394
f 1203 1204 1396
f 1203 1396 1395
f 1204 1205 1397
f 1204 1397 1396
f 1205 1206 1398
f 1205 1398 1397
f 1206 1207 1399
f 1206 1399 1398
f 1207 1208 1400
f 1207 1400 1399
f 1208 1017 1209
f 1208 1209 1400
f 1466 1445 1467
f 1485 1484 1483
f 1488 1490 1489
f 1449 1451 1450
f 1436 1435 1497
f 1496 1436 1497
f 1436 1496 1437
f 1435 1498 1497
f 1498 1500 1499
f 1498 1435 1500
f 1504 1431 1430
f 1433 1502 1501
f 1432 1502 1433
f 1435 1434 1500
f 1500 1434 1501
f 1434 1433 1501
f 1414 1413 1519
f 1407 1409 1408
f 1418 1515 1514
f 1507 1504 1430
f 1508 1507 1430
f 1431 1503 1432
f 1503 1502 1432
f 1503 1431 1504
f 1513 1419 1514
f 1419 1418 1514
f 1488 1491 1490
f 1491 1488 1487
f 1459 1461 1460
f 1446 1464 1447
f 1464 1463 1447
f 1449 1452 1451
f 1448 1452 1449
f 1475 1477 1476
f 1439 1475 1474
f 1469 1468 1444
f 1445 1468 1467
f 1444 1468 1445
f 1518 1414 1519
f 1516 1416 1517
f 1413 1520 1519
f 1521 1411 1405
f 1411 1406 1405
f 1428 1510 1509
f 1427 1426 1511
f 1510 1427 1511
f 1427 1510 1428
f 1429 1428 1509
f 1508 1429 1509
f 1429 1508 1430
f 1492 1491 1487
f 1486 1492 1487
f 1493 1492 1486
f 1481 1493 1486
f 1481 1480 1493
f 1480 1494 1493
f 1494 1479 1495
f 1479 1494 1480
f 1465 1464 1446
f 1466 1465 1445
f 1465 1446 1445
f 1462 1457 1463
f 1454 1456 1455
f 1454 1457 1456
f 1442 1441 1471
f 1441 1472 1471
f 1472 1441 1440
f 1470 1442 1471
f 1443 1469 1444
f 1443 1470 1469
f 1470 1443 1442
f 1439 1438 1475
f 1477 1438 1437
f 1475 1438 1477
f 1473 1439 1474
f 1473 1472 1440
f 1439 1473 1440
f 1416 1415 1517
f 1415 1518 1517
f 1518 1415 1414
f 1515 1417 1516
f 1417 1416 1516
f 1417 1515 1418
f 1520 1412 1521
f 1412 1411 1521
f 1412 1520 1413
f 1411 1410 1406
f 1406 1410 1407
f 1410 1409 1407
f 1506 1505 1507
f 1507 1505 1504
f 1425 1421 1426
f 1421 1420 1426
f 1420 1419 1513
f 1482 1486 1485
f 1482 1481 1486
f 1482 1485 1483
f 1478 1496 1495
f 1479 1478 1495
f 1478 1477 1437
f 1496 1478 1437
f 1458 1462 1461
f 1458 1461 1459
f 1462 1458 1457
f 1453 1452 1448
f 1457 1453 1463
f 1454 1453 1457
f 1463 1453 1447
f 1453 1448 1447
f 1524 1402 1401
f 1425 1422 1421
f 1512 1420 1513
f 1426 1512 1511
f 1420 1512 1426
f 1422 1424 1423
f 1424 1422 1425
f 1521 1404 1522
f 1404 1521 1405
f 1404 1523 1522
f 1523 1404 1403
f 1457 1458 1456
f 1458 1459 1456
f 1524 1523 1403
f 1402 1524 1403
f 1422 1423 1409
f 1422 1417 1418
f 1422 1415 1416
f 1417 1422 1416
f 1412 1422 1411
f 1422 1410 1411
f 1422 1420 1421
f 1520 1512 1519
f 1510 1512 1509
f 1506 1512 1401
f 1512 1513 1514
f 1512 1521 1522
f 1512 1515 1516
f 1512 1507 1508
f 1518 1512 1517
f 1524 1512 1523
f 1590 1591 1569
f 1609 1607 1608
f 1612 1613 1614
f 1573 1574 1575
f 1560 1621 1559
f 1620 1621 1560
f 1560 1561 1620
f 1559 1621 1622
f 1622 1623 1624
f 1622 1624 1559
f 1628 1554 1555
f 1557 1625 1626
f 1556 1557 1626
f 1559 1624 1558
f 1624 1625 1558
f 1558 1625 1557
f 1538 1643 1537
f 1531 1532 1533
f 1542 1638 1639
f 1631 1554 1628
f 1632 1554 1631
f 1555 1556 1627
f 1627 1556 1626
f 1627 1628 1555
f 1637 1638 1543
f 1543 1638 1542
f 1612 1614 1615
f 1615 1611 1612
f 1583 1584 1585
f 1570 1571 1588
f 1588 1571 1587
f 1573 1575 1576
f 1572 1573 1576
f 1599 1600 1601
f 1563 1598 1599
f 1593 1568 1592
f 1569 1591 1592
f 1568 1569 1592
f 1642 1643 1538
f 1640 1641 1540
f 1537 1643 1644
f 1645 1529 1535
f 1535 1529 1530
f 1552 1633 1634
f 1551 1635 1550
f 1634 1635 1551
f 1551 1552 1634
f 1553 1633 1552
f 1632 1633 1553
f 1553 1554 1632
f 1616 1611 1615
f 1610 1611 1616
f 1617 1610 1616
f 1605 1610 1617
f 1605 1617 1604
f 1604 1617 1618
f 1618 1619 1603
f 1603 1604 1618
f 1589 1570 1588
f 1590 1569 1589
f 1589 1569 1570
f 1586 1587 1581
f 1578 1579 1580
f 1578 1580 1581
f 1566 1595 1565
f 1565 1595 1596
f 1596 1564 1565
f 1594 1595 1566
f 1567 1568 1593
f 1567 1593 1594
f 1594 1566 1567
f 1563 1599 1562
f 1601 1561 1562
f 1599 1601 1562
f 1597 1598 1563
f 1597 1564 1596
f 1563 1564 1597
f 1540 1641 1539
f 1539 1641 1642
f 1642 1538 1539
f 1639 1640 1541
f 1541 1640 1540
f 1541 1542 1639
f 1644 1645 1536
f 1536 1645 1535
f 1536 1537 1644
f 1535 1530 1534
f 1530 1531 1534
f 1534 1531 1533
f 1630 1631 1629
f 1631 1628 1629
f 1549 1550 1545
f 1545 1550 1544
f 1544 1637 1543
f 1606 1609 1610
f 1606 1610 1605
f 1606 1607 1609
f 1602 1619 1620
f 1603 1619 1602
f 1602 1561 1601
f 1620 1561 1602
f 1582 1585 1586
f 1582 1583 1585
f 1586 1581 1582
f 1577 1572 1576
f 1581 1587 1577
f 1578 1581 1577
f 1587 1571 1577
f 1577 1571 1572
f 1648 1525 1526
f 1549 1545 1546
f 1636 1637 1544
f 1550 1635 1636
f 1544 1550 1636
f 1546 1547 1548
f 1548 1549 1546
f 1645 1646 1528
f 1528 1529 1645
f 1528 1646 1647
f 1647 1527 1528
f 1581 1580 1582
f 1582 1580 1583
f 1648 1527 1647
f 1526 1527 1648
f 1546 1533 1547
f 1546 1542 1541
f 1546 1540 1539
f 1541 1540 1546
f 1536 1535 1546
f 1546 1535 1534
f 1546 1545 1544
f 1644 1643 1636
f 1634 1633 1636
f 1630 1525 1636
f 1636 1638 1637
f 1636 1646 1645
f 1636 1640 1639
f 1636 1632 1631
f 1642 1641 1636
f 1648 1647 1636
f 1401 1402 1526
f 1401 1526 1525
f 1402 1403 1527
f 1402 1527 1526
f 1403 1404 1528
f 1403 1528 1527
f 1404 1405 1529
f 1404 1529 1528
f 1405 1406 1530
f 1405 1530 1529
f 1406 1407 1531
f 1406 1531 1530
f 1407 1408 1532
f 1407 1532 1531
f 1408 1409 1533
f 1408 1533 1532
f 1409 1410 1534
f 1409 1534 1533
f 1410 1411 1535
f 1410 1535 1534
f 1411 1412 1536
f 1411 1536 1535
f 1412 1413 1537
f 1412 1537 1536
f 1413 1414 1538
f 1413 1538 1537
f 1414 1415 1539
f 1414 1539 1538
f 1415 1416 1540
f 1415 1540 1539
f 1416 1417 1541
f 1416 1541 1540
f 1417 1418 1542
f 1417 1542 1541
f 1418 1419 1543
f 1418 1543 1542
f 1419 1420 1544
f 1419 1544 1543
f 1420 1421 1545
f 1420 1545 1544
f 1421 1422 1546
f 1421 1546 1545
f 1422 1423 1547
f 1422 1547 1546
f 1423 1424 1548
f 1423 1548 1547
f 1424 1425 1549
f 1424 1549 1548
f 1425 1426 1550
f 1425 1550 1549
f 1426 1427 1551
f 1426 1551 1550
f 1427 1428 1552
f 1427 1552 1551
f 1428 1429 1553
f 1428 1553 1552
f 1429 1430 1554
f 1429 1554 1553
f 1430 1431 1555
f 1430 1555 1554
f 1431 1432 1556
f 1431 1556 1555
f 1432 1433 1557
f 1432 1557 1556
f 1433 1434 1558
f 1433 1558 1557
f 1434 1435 1559
f 1434 1559 1558
f 1435 1436 1560
f 1435 1560 1559
f 1436 1437 1561
f 1436 1561 1560
f 1437 1438 1562
f 1437 1562 1561
f 1438 1439 1563
f 1438 1563 1562
f 1439 1440 1564
f 1439 1564 1563
f 1440 1441 1565
f 1440 1565 1564
f 1441 1442 1566
f 1441 1566 1565
f 1442 1443 1567
f 1442 1567 1566
f 1443 1444 1568
f 1443 1568 1567
f 1444 1445 1569
f 1444 1569 1568
f 1445 1446 1570
f 1445 1570 1569
f 1446 1447 1571
f 1446 1571 1570
f 1447 1448 1572
f 1447 1572 1571
f 1448 1449 1573
f 1448 1573 1572
f 1449 1450 1574
f 1449 1574 1573
f 1450 1451 1575
f 1450 1575 1574
f 1451 1452 1576
f 1451 1576 1575
f 1452 1453 1577
f 1452 1577 1576
f 1453 1454 1578
f 1453 1578 1577
f 1454 1455 1579
f 1454 1579 1578
f 1455 1456 1580
f 1455 1580 1579
f 1456 1457 1581
f 1456 1581 1580
f 1457 1458 1582
f 1457 1582 1581
f 1458 1459 1583
f 1458 1583 1582
f 1459 1460 1584
f 1459 1584 1583
f 1460 1461 1585
f 1460 1585 1584
f 1461 1462 1586
f 1461 1586 1585
f 1462 1463 1587
f 1462 1587 1586
f 1463 1464 1588
f 1463 1588 1587
f 1464 1465 1589
f 1464 1589 1588
f 1465 1466 1590
f 1465 1590 1589
f 1466 1467 1591
f 1466 1591 1590
f 1467 1468 1592
f 1467 1592 1591
f 1468 1469 1593
f 1468 1593 1592
f 1469 1470 1594
f 1469 1594 1593
f 1470 1471 1595
f 1470 1595 1594
f 1471 1472 1596
f 1471 1596 1595
f 1472 1473 1597
f 1472 1597 1596
f 1473 1474 1598
f 1473 1598 1597
f 1474 1475 1599
f 1474 1599 1598
f 1475 1476 1600
f 1475 1600 1599
f 1476 1477 1601
f 1476 1601 1600
f 1477 1478 1602
f 1477 1602 1601
f 1478 1479 1603
f 1478 1603 1602
f 1479 1480 1604
f 1479 1604 1603
f 1480 1481 1605
f 1480 1605 1604
f 1481 1482 1606
f 1481 1606 1605
f 1482 1483 1607
f 1482 1607 1606
f 1483 1484 1608
f 1483 1608 1607
f 1484 1485 1609
f 1484 1609 1608
f 1485 1486 1610
f 1485 1610 1609
f 1486 1487 1611
f 1486 1611 1610
f 1487 1488 1612
f 1487 1612 1611
f 1488 1489 1613
f 1488 1613 1612
f 1489 1490 1614
f 1489 1614 1613
f 1490 1491 1615
f 1490 1615 1614
f 1491 1492 1616
f 1491 1616 1615
f 1492 1493 1617
f 1492 1617 1616
f 1493 1494 1618
f 1493 1618 1617
f 1494 1495 1619
f 1494 1619 1618
f 1495 1496 1620
f 1495 1620 1619
f 1496 1497 1621
f 1496 1621 1620
f 1497 1498 1622
f 1497 1622 1621
f 1498 1499 1623
f 1498 1623 1622
f 1499 1500 1624
f 1499 1624 1623
f 1500 1501 1625
f 1500 1625 1624
f 1501 1502 1626
f 1501 1626 1625
f 1502 1503 1627
f 1502 1627 1626
f 1503 1504 1628
f 1503 1628 1627
f 1504 1505 1629
f 1504 1629 1628
f 1505 1506 1630
f 1505 1630 1629
f 1506 1507 1631
f 1506 1631 1630
f 1507 1508 1632
f 1507 1632 1631
f 1508 1509 1633
f 1508 1633 1632
f 1509 1510 1634
f 1509 1634 1633
f 1510 1511 1635
f 1510 1635 1634
f 1511 1512 1636
f 1511 1636 1635
f 1512 1513 1637
f 1512 1637 1636
f 1513 1514 1638
f 1513 1638 1637
f 1514 1515 1639
f 1514 1639 1638
f 1515 1516 1640
f 1515 1640 1639
f 1516 1517 1641
f 1516 1641 1640
f 1517 1518 1642
f 1517 1642 1641
f 1518 1519 1643
f 1518 1643 1642
f 1519 1520 1644
f 1519 1644 1643
f 1520 1521 1645
f 1520 1645 1644
f 1521 1522 1646
f 1521 1646 1645
f 1522 1523 1647
f 1522 1647 1646
f 1523 1524 1648
f 1523 1648 1647
f 1524 1401 1525
f 1524 1525 1648
f 1773 1775 1774
f 1772 1775 1773
f 1728 1727 1756
f 1730 1733 1732
f 1730 1729 1733
f 1743 1745 1744
f 1776 1775 1772
f 1800 1650 1649
f 1683 1685 1684
f 1685 1683 1682
f 1686 1685 1682
f 1689 1688 1761
f 1688 1762 1761
f 1760 1690 1689
f 1760 1689 1761
f 1738 1737 1750
f 1753 1735 1734
f 1751 1737 1736
f 1737 1751 1750
f 1726 1721 1720
f 1727 1726 1720
f 1731 1730 1732
f 1729 1754 1733
f 1733 1754 1734
f 1754 1753 1734
f 1742 1745 1743
f 1749 1738 1750
f 1748 1747 1740
f 1739 1748 1740
f 1749 1739 1738
f 1739 1749 1748
f 1681 1686 1682
f 1771 1776 1772
f 1760 1759 1690
f 1713 1759 1758
f 1735 1752 1736
f 1752 1735 1753
f 1752 1751 1736
f 1726 1725 1721
f 1755 1729 1728
f 1755 1754 1729
f 1755 1728 1756
f 1742 1746 1745
f 1681 1687 1686
f 1791 1662 1661
f 1660 1659 1793
f 1659 1794 1793
f 1725 1722 1721
f 1722 1724 1723
f 1724 1722 1725
f 1741 1746 1742
f 1747 1741 1740
f 1746 1741 1747
f 1768 1674 1769
f 1674 1673 1769
f 1674 1768 1767
f 1654 1653 1652
f 1798 1654 1652
f 1654 1798 1655
f 1662 1790 1663
f 1791 1790 1662
f 1792 1660 1793
f 1792 1791 1661
f 1660 1792 1661
f 1796 1795 1657
f 1798 1797 1655
f 1714 1713 1758
f 1757 1714 1758
f 1714 1757 1715
f 1770 1777 1771
f 1771 1777 1776
f 1668 1784 1783
f 1669 1668 1783
f 1784 1668 1785
f 1656 1796 1657
f 1656 1797 1796
f 1797 1656 1655
f 1766 1675 1767
f 1675 1674 1767
f 1790 1789 1663
f 1789 1664 1663
f 1664 1789 1788
f 1695 1697 1696
f 1698 1697 1695
f 1757 1719 1715
f 1719 1757 1756
f 1727 1719 1756
f 1719 1727 1720
f 1778 1770 1769
f 1778 1777 1770
f 1673 1778 1769
f 1779 1778 1673
f 1785 1667 1786
f 1668 1667 1785
f 1782 1669 1783
f 1676 1766 1765
f 1676 1675 1766
f 1759 1691 1690
f 1691 1759 1713
f 1693 1709 1705
f 1709 1693 1710
f 1693 1692 1710
f 1692 1712 1710
f 1712 1711 1710
f 1691 1712 1692
f 1712 1691 1713
f 1719 1716 1715
f 1666 1787 1786
f 1667 1666 1786
f 1658 1794 1659
f 1658 1795 1794
f 1795 1658 1657
f 1780 1671 1781
f 1672 1779 1673
f 1672 1780 1779
f 1780 1672 1671
f 1671 1670 1781
f 1670 1782 1781
f 1782 1670 1669
f 1677 1765 1764
f 1677 1676 1765
f 1706 1708 1707
f 1706 1709 1708
f 1709 1706 1705
f 1704 1693 1705
f 1716 1718 1717
f 1718 1716 1719
f 1666 1665 1787
f 1787 1665 1788
f 1665 1664 1788
f 1763 1678 1764
f 1678 1677 1764
f 1679 1763 1762
f 1679 1678 1763
f 1704 1694 1693
f 1699 1694 1704
f 1694 1699 1698
f 1694 1698 1695
f 1703 1699 1704
f 1680 1679 1762
f 1688 1680 1762
f 1687 1680 1688
f 1680 1687 1681
f 1700 1703 1702
f 1703 1700 1699
f 1701 1700 1702
f 1724 1729 1730
f 1724 1726 1727
f 1731 1724 1730
f 1741 1733 1734
f 1732 1741 1743
f 1735 1741 1734
f 1733 1741 1732
f 1741 1742 1743
f 1741 1737 1738
f 1737 1741 1736
f 1741 1735 1736
f 1739 1741 1738
f 1741 1739 1740
f 1799 1651 1650
f 1799 1650 1800
f 1651 1799 1652
f 1799 1798 1652
f 1789 1787 1788
f 1789 1800 1649
f 1794 1789 1793
f 1787 1789 1786
f 1789 1795 1796
f 1795 1789 1794
f 1799 1789 1798
f 1709 1711 1708
f 1712 1716 1717
f 1778 1780 1777
f 1721 1718 1720
f 1718 1722 1723
f 1722 1718 1721
f 1703 1707 1702
f 1699 1700 1698
f 1925 1926 1927
f 1924 1925 1927
f 1880 1908 1879
f 1882 1884 1885
f 1882 1885 1881
f 1895 1896 1897
f 1928 1924 1927
f 1952 1801 1802
f 1835 1836 1837
f 1837 1834 1835
f 1838 1834 1837
f 1841 1913 1840
f 1840 1913 1914
f 1912 1841 1842
f 1912 1913 1841
f 1890 1902 1889
f 1905 1886 1887
f 1903 1888 1889
f 1889 1902 1903
f 1878 1872 1873
f 1879 1872 1878
f 1883 1884 1882
f 1881 1885 1906
f 1885 1886 1906
f 1906 1886 1905
f 1894 1895 1897
f 1901 1902 1890
f 1900 1892 1899
f 1891 1892 1900
f 1901 1890 1891
f 1891 1900 1901
f 1833 1834 1838
f 1923 1924 1928
f 1912 1842 1911
f 1865 1910 1911
f 1887 1888 1904
f 1904 1905 1887
f 1904 1888 1903
f 1878 1873 1877
f 1907 1880 1881
f 1907 1881 1906
f 1907 1908 1880
f 1894 1897 1898
f 1833 1838 1839
f 1943 1813 1814
f 1812 1945 1811
f 1811 1945 1946
f 1877 1873 1874
f 1874 1875 1876
f 1876 1877 1874
f 1893 1894 1898
f 1899 1892 1893
f 1898 1899 1893
f 1920 1921 1826
f 1826 1921 1825
f 1826 1919 1920
f 1806 1804 1805
f 1950 1804 1806
f 1806 1807 1950
f 1814 1815 1942
f 1943 1814 1942
f 1944 1945 1812
f 1944 1813 1943
f 1812 1813 1944
f 1948 1809 1947
f 1950 1807 1949
f 1866 1910 1865
f 1909 1910 1866
f 1866 1867 1909
f 1922 1923 1929
f 1923 1928 1929
f 1820 1935 1936
f 1821 1935 1820
f 1936 1937 1820
f 1808 1809 1948
f 1808 1948 1949
f 1949 1807 1808
f 1918 1919 1827
f 1827 1919 1826
f 1942 1815 1941
f 1941 1815 1816
f 1816 1940 1941
f 1847 1848 1849
f 1850 1847 1849
f 1909 1867 1871
f 1871 1908 1909
f 1879 1908 1871
f 1871 1872 1879
f 1930 1921 1922
f 1930 1922 1929
f 1825 1921 1930
f 1931 1825 1930
f 1937 1938 1819
f 1820 1937 1819
f 1934 1935 1821
f 1828 1917 1918
f 1828 1918 1827
f 1911 1842 1843
f 1843 1865 1911
f 1845 1857 1861
f 1861 1862 1845
f 1845 1862 1844
f 1844 1862 1864
f 1864 1862 1863
f 1843 1844 1864
f 1864 1865 1843
f 1871 1867 1868
f 1818 1938 1939
f 1819 1938 1818
f 1810 1811 1946
f 1810 1946 1947
f 1947 1809 1810
f 1932 1933 1823
f 1824 1825 1931
f 1824 1931 1932
f 1932 1823 1824
f 1823 1933 1822
f 1822 1933 1934
f 1934 1821 1822
f 1829 1916 1917
f 1829 1917 1828
f 1858 1859 1860
f 1858 1860 1861
f 1861 1857 1858
f 1856 1857 1845
f 1868 1869 1870
f 1870 1871 1868
f 1818 1939 1817
f 1939 1940 1817
f 1817 1940 1816
f 1915 1916 1830
f 1830 1916 1829
f 1831 1914 1915
f 1831 1915 1830
f 1856 1845 1846
f 1851 1856 1846
f 1846 1850 1851
f 1846 1847 1850
f 1855 1856 1851
f 1832 1914 1831
f 1840 1914 1832
f 1839 1840 1832
f 1832 1833 1839
f 1852 1854 1855
f 1855 1851 1852
f 1853 1854 1852
f 1876 1882 1881
f 1876 1879 1878
f 1883 1882 1876
f 1893 1886 1885
f 1884 1895 1893
f 1887 1886 1893
f 1885 1884 1893
f 1893 1895 1894
f 1893 1890 1889
f 1889 1888 1893
f 1893 1888 1887
f 1891 1890 1893
f 1893 1892 1891
f 1951 1802 1803
f 1951 1952 1802
f 1803 1804 1951
f 1951 1804 1950
f 1941 1940 1939
f 1941 1801 1952
f 1946 1945 1941
f 1939 1938 1941
f 1941 1948 1947
f 1947 1946 1941
f 1951 1950 1941
f 1861 1860 1863
f 1864 1869 1868
f 1930 1929 1932
f 1873 1872 1870
f 1870 1875 1874
f 1874 1873 1870
f 1855 1854 1859
f 1851 1850 1852
f 1649 1650 1802
f 1649 1802 1801
f 1650 1651 1803
f 1650 1803 1802
f 1651 1652 1804
f 1651 1804 1803
f 1652 1653 1805
f 1652 1805 1804
f 1653 1654 1806
f 1653 1806 1805
f 1654 1655 1807
f 1654 1807 1806
f 1655 1656 1808
f 1655 1808 1807
f 1656 1657 1809
f 1656 1809 1808
f 1657 1658 1810
f 1657 1810 1809
f 1658 1659 1811
f 1658 1811 1810
f 1659 1660 1812
f 1659 1812 1811
f 1660 1661 1813
f 1660 1813 1812
f 1661 1662 1814
f 1661 1814 1813
f 1662 1663 1815
f 1662 1815 1814
f 1663 1664 1816
f 1663 1816 1815
f 1664 1665 1817
f 1664 1817 1816
f 1665 1666 1818
f 1665 1818 1817
f 1666 1667 1819
f 1666 1819 1818
f 1667 1668 1820
f 1667 1820 1819
f 1668 1669 1821
f 1668 1821 1820
f 1669 1670 1822
f 1669 1822 1821
f 1670 1671 1823
f 1670 1823 1822
f 1671 1672 1824
f 1671 1824 1823
f 1672 1673 1825
f 1672 1825 1824
f 1673 1674 1826
f 1673 1826 1825
f 1674 1675 1827
f 1674 1827 1826
f 1675 1676 1828
f 1675 1828 1827
f 1676 1677 1829
f 1676 1829 1828
f 1677 1678 1830
f 1677 1830 1829
f 1678 1679 1831
f 1678 1831 1830
f 1679 1680 1832
f 1679 1832 1831
f 1680 1681 1833
f 1680 1833 1832
f 1681 1682 1834
f 1681 1834 1833
f 1682 1683 1835
f 1682 1835 1834
f 1683 1684 1836
f 1683 1836 1835
f 1684 1685 1837
f 1684 1837 1836
f 1685 1686 1838
f 1685 1838 1837
f 1686 1687 1839
f 1686 1839 1838
f 1687 1688 1840
f 1687 1840 1839
f 1688 1689 1841
f 1688 1841 1840
f 1689 1690 1842
f 1689 1842 1841
f 1690 1691 1843
f 1690 1843 1842
f 1691 1692 1844
f 1691 1844 1843
f 1692 1693 1845
f 1692 1845 1844
f 1693 1694 1846
f 1693 1846 1845
f 1694 1695 1847
f 1694 1847 1846
f 1695 1696 1848
f 1695 1848 1847
f 1696 1697 1849
f 1696 1849 1848
f 1697 1698 1850
f 1697 1850 1849
f 1698 1699 1851
f 1698 1851 1850
f 1699 1700 1852
f 1699 1852 1851
f 1700 1701 1853
f 1700 1853 1852
f 1701 1702 1854
f 1701 1854 1853
f 1702 1703 1855
f 1702 1855 1854
f 1703 1704 1856
f 1703 1856 1855
f 1704 1705 1857
f 1704 1857 1856
f 1705 1706 1858
f 1705 1858 1857
f 1706 1707 1859
f 1706 1859 1858
f 1707 1708 1860
f 1707 1860 1859
f 1708 1709 1861
f 1708 1861 1860
f 1709 1710 1862
f 1709 1862 1861
f 1710 1711 1863
f 1710 1863 1862
f 1711 1712 1864
f 1711 1864 1863
f 1712 1713 1865
f 1712 1865 1864
f 1713 1714 1866
f 1713 1866 1865
f 1714 1715 1867
f 1714 1867 1866
f 1715 1716 1868
f 1715 1868 1867
f 1716 1717 1869
f 1716 1869 1868
f 1717 1718 1870
f 1717 1870 1869
f 1718 1719 1871
f 1718 1871 1870
f 1719 1720 1872
f 1719 1872 1871
f 1720 1721 1873
f 1720 1873 1872
f 1721 1722 1874
f 1721 1874 1873
f 1722 1723 1875
f 1722 1875 1874
f 1723 1724 1876
f 1723 1876 1875
f 1724 1725 1877
f 1724 1877 1876
f 1725 1726 1878
f 1725 1878 1877
f 1726 1727 1879
f 1726 1879 1878
f 1727 1728 1880
f 1727 1880 1879
f 1728 1729 1881
f 1728 1881 1880
f 1729 1730 1882
f 1729 1882 1881
f 1730 1731 1883
f 1730 1883 1882
f 1731 1732 1884
f 1731 1884 1883
f 1732 1733 1885
f 1732 1885 1884
f 1733 1734 1886
f 1733 1886 1885
f 1734 1735 1887
f 1734 1887 1886
f 1735 1736 1888
f 1735 1888 1887
f 1736 1737 1889
f 1736 1889 1888
f 1737 1738 1890
f 1737 1890 1889
f 1738 1739 1891
f 1738 1891 1890
f 1739 1740 1892
f 1739 1892 1891
f 1740 1741 1893
f 1740 1893 1892
f 1741 1742 1894
f 1741 1894 1893
f 1742 1743 1895
f 1742 1895 1894
f 1743 1744 1896
f 1743 1896 1895
f 1744 1745 1897
f 1744 1897 1896
f 1745 1746 1898
f 1745 1898 1897
f 1746 1747 1899
f 1746 1899 1898
f 1747 1748 1900
f 1747 1900 1899
f 1748 1749 1901
f 1748 1901 1900
f 1749 1750 1902
f 1749 1902 1901
f 1750 1751 1903
f 1750 1903 1902
f 1751 1752 1904
f 1751 1904 1903
f 1752 1753 1905
f 1752 1905 1904
f 1753 1754 1906
f 1753 1906 1905
f 1754 1755 1907
f 1754 1907 1906
f 1755 1756 1908
f 1755 1908 1907
f 1756 1757 1909
f 1756 1909 1908
f 1757 1758 1910
f 1757 1910 1909
f 1758 1759 1911
f 1758 1911 1910
f 1759 1760 1912
f 1759 1912 1911
f 1760 1761 1913
f 1760 1913 1912
f 1761 1762 1914
f 1761 1914 1913
f 1762 1763 1915
f 1762 1915 1914
f 1763 1764 1916
f 1763 1916 1915
f 1764 1765 1917
f 1764 1917 1916
f 1765 1766 1918
f 1765 1918 1917
f 1766 1767 1919
f 1766 1919 1918
f 1767 1768 1920
f 1767 1920 1919
f 1768 1769 1921
f 1768 1921 1920
f 1769 1770 1922
f 1769 1922 1921
f 1770 1771 1923
f 1770 1923 1922
f 1771 1772 1924
f 1771 1924 1923
f 1772 1773 1925
f 1772 1925 1924
f 1773 1774 1926
f 1773 1926 1925
f 1774 1775 1927
f 1774 1927 1926
f 1775 1776 1928
f 1775 1928 1927
f 1776 1777 1929
f 1776 1929 1928
f 1777 1778 1930
f 1777 1930 1929
f 1778 1779 1931
f 1778 1931 1930
f 1779 1780 1932
f 1779 1932 1931
f 1780 1781 1933
f 1780 1933 1932
f 1781 1782 1934
f 1781 1934 1933
f 1782 1783 1935
f 1782 1935 1934
f 1783 1784 1936
f 1783 1936 1935
f 1784 1785 1937
f 1784 1937 1936
f 1785 1786 1938
f 1785 1938 1937
f 1786 1787 1939
f 1786 1939 1938
f 1787 1788 1940
f 1787 1940 1939
f 1788 1789 1941
f 1788 1941 1940
f 1789 1790 1942
f 1789 1942 1941
f 1790 1791 1943
f 1790 1943 1942
f 1791 1792 1944
f 1791 1944 1943
f 1792 1793 1945
f 1792 1945 1944
f 1793 1794 1946
f 1793 1946 1945
f 1794 1795 1947
f 1794 1947 1946
f 1795 1796 1948
f 1795 1948 1947
f 1796 1797 1949
f 1796 1949 1948
f 1797 1798 1950
f 1797 1950 1949
f 1798 1799 1951
f 1798 1951 1950
f 1799 1800 1952
f 1799 1952 1951
f 1800 1649 1801
f 1800 1801 1952
f 2155 2098 2097
f 2096 2155 2097
f 2157 2095 2094
f 2156 2155 2096
f 2095 2156 2096
f 2156 2095 2157
f 2180 2062 2061
f 1959 1969 1960
f 2012 2011 2010
f 1997 1999 1998
f 2018 2020 2019
f 2007 2006 2005
f 2007 2210 2008
f 2210 2209 2013
f 2050 2049 2055
f 2049 2056 2055
f 1964 1963 1965
f 2127 2118 2128
f 2118 2127 2119
f 2122 2124 2123
f 2113 2133 2117
f 2098 2099 2100
f 2155 2154 2098
f 2154 2103 2098
f 2099 2101 2100
f 2139 2138 2108
f 2149 2139 2150
f 2077 2076 2168
f 2167 2077 2168
f 2174 2074 2073
f 2066 2065 2071
f 2065 2072 2071
f 2093 2157 2094
f 1985 1984 2229
f 2228 1985 2229
f 1986 2228 2227
f 2228 1986 1985
f 1981 2231 1982
f 2230 1983 1982
f 2231 2230 1982
f 2230 1984 1983
f 1984 2230 2229
f 1957 1981 1980
f 1987 1989 1988
f 1986 1989 1987
f 1989 1986 2227
f 1991 2224 1992
f 1989 2226 1990
f 2226 1989 2227
f 2009 2012 2010
f 2210 2009 2008
f 2012 2009 2013
f 2009 2210 2013
f 2000 1995 2001
f 1995 1994 2001
f 1994 2213 2001
f 2004 2003 2210
f 2004 2007 2005
f 2007 2004 2210
f 2014 2209 2015
f 2209 2014 2013
f 2209 2016 2015
f 2016 2209 2017
f 2209 2021 2017
f 2021 2018 2017
f 2018 2021 2020
f 2024 2208 2025
f 2209 2208 2024
f 2046 2045 2189
f 2042 2192 2043
f 2193 2042 2041
f 2042 2193 2192
f 2191 2044 2043
f 2192 2191 2043
f 2222 2218 2217
f 2182 2060 2059
f 2184 2058 2057
f 2028 2030 2029
f 2054 2050 2055
f 2040 2039 2195
f 1974 1973 1975
f 1977 1971 1978
f 1972 1971 1977
f 1961 1967 1962
f 2133 2132 2117
f 2132 2118 2117
f 2118 2132 2128
f 2121 2120 2125
f 2124 2121 2125
f 2121 2124 2122
f 2120 2126 2125
f 2126 2120 2119
f 2127 2126 2119
f 2114 2116 2115
f 2114 2117 2116
f 2114 2113 2117
f 2113 2134 2133
f 2111 2136 2135
f 2137 2109 2138
f 2138 2109 2108
f 2102 2101 2099
f 2103 2102 2098
f 2102 2099 2098
f 2140 2139 2149
f 2107 2106 2150
f 2107 2139 2108
f 2139 2107 2150
f 2175 2174 2073
f 2072 2175 2073
f 2070 2066 2071
f 2078 2077 2167
f 2159 2158 2088
f 2085 2084 2162
f 2084 2163 2162
f 2164 2163 2081
f 2074 2173 2075
f 2173 2074 2174
f 2170 2076 2075
f 2171 2170 2075
f 2093 2092 2157
f 2092 2158 2157
f 2158 2092 2091
f 1958 1957 1980
f 1979 1958 1980
f 1958 1979 1959
f 1981 2232 2231
f 1957 2232 1981
f 2225 1991 1990
f 2226 2225 1990
f 1991 2225 2224
f 1999 1996 2000
f 1996 1995 2000
f 1996 1999 1997
f 2213 2212 2001
f 2214 2213 1994
f 2022 2021 2209
f 2040 2194 2041
f 2194 2193 2041
f 2194 2040 2195
f 2191 2190 2044
f 2045 2190 2189
f 2190 2045 2044
f 2222 2221 2218
f 2219 2221 2220
f 2218 2221 2219
f 2223 2222 2217
f 2056 2185 2057
f 2185 2184 2057
f 2185 2056 2049
f 2186 2185 2049
f 2182 2181 2060
f 2060 2181 2061
f 2181 2180 2061
f 2051 2054 2053
f 2051 2053 2052
f 2054 2051 2050
f 2048 2186 2049
f 2048 2187 2186
f 1973 1976 1975
f 1976 1973 1972
f 1976 1972 1977
f 1970 1979 1978
f 1971 1970 1978
f 1959 1970 1969
f 1979 1970 1959
f 1963 1966 1965
f 1966 1963 1962
f 1967 1966 1962
f 1968 1967 1961
f 1968 1961 1960
f 1969 1968 1960
f 2132 2129 2128
f 2112 2134 2113
f 2134 2112 2135
f 2112 2111 2135
f 2136 2110 2137
f 2110 2109 2137
f 2110 2136 2111
f 2183 2058 2184
f 2058 2183 2059
f 2183 2182 2059
f 2106 2151 2150
f 2065 2176 2072
f 2176 2175 2072
f 2070 2067 2066
f 2067 2069 2068
f 2067 2070 2069
f 2090 2158 2091
f 2087 2159 2088
f 2161 2086 2085
f 2161 2085 2162
f 2081 2083 2082
f 2163 2083 2081
f 2084 2083 2163
f 2080 2164 2081
f 2078 2166 2079
f 2166 2078 2167
f 2172 2171 2075
f 2173 2172 2075
f 2076 2169 2168
f 2170 2169 2076
f 2212 2002 2001
f 2003 2211 2210
f 2002 2211 2003
f 2211 2002 2212
f 1993 2214 1994
f 2224 2215 1992
f 2215 1993 1992
f 1993 2215 2214
f 2023 2209 2024
f 2023 2022 2209
f 2208 2207 2025
f 2207 2026 2025
f 2026 2207 2206
f 2204 2030 2028
f 2030 2204 2031
f 2188 2046 2189
f 2048 2047 2187
f 2188 2047 2046
f 2047 2188 2187
f 2129 2131 2130
f 2131 2129 2132
f 2148 2147 2141
f 2140 2148 2141
f 2148 2140 2149
f 2144 2143 2145
f 2105 2104 2152
f 2105 2151 2106
f 2151 2105 2152
f 2153 2104 2103
f 2154 2153 2103
f 2104 2153 2152
f 2177 2065 2064
f 2177 2176 2065
f 2158 2089 2088
f 2090 2089 2158
f 2161 2160 2086
f 2160 2087 2086
f 2087 2160 2159
f 2166 2165 2079
f 2165 2080 2079
f 2080 2165 2164
f 2223 2216 2224
f 2216 2215 2224
f 2216 2223 2217
f 2027 2026 2206
f 2031 2203 2032
f 2204 2203 2031
f 2147 2142 2141
f 2143 2146 2145
f 2142 2146 2143
f 2146 2142 2147
f 2063 2178 2064
f 2178 2177 2064
f 2205 2027 2206
f 2027 2205 2028
f 2205 2204 2028
f 2202 2033 2032
f 2203 2202 2032
f 2179 2063 2062
f 2179 2178 2063
f 2179 2062 2180
f 2235 1954 1953
f 2033 2201 2034
f 2202 2201 2033
f 2034 2200 2035
f 2201 2200 2034
f 2199 2036 2035
f 2200 2199 2035
f 2198 2037 2036
f 2199 2198 2036
f 2037 2197 2038
f 2198 2197 2037
f 2197 2196 2038
f 2039 2196 2195
f 2196 2039 2038
f 1984 1986 1983
f 2009 2007 2008
f 2121 2118 2119
f 2118 2121 2117
f 2120 2121 2119
f 1976 1982 1975
f 1981 1976 1980
f 2129 2130 2123
f 2129 2126 2127
f 1999 2002 1998
f 2002 2005 1998
f 2002 2000 2001
f 2002 2004 2005
f 1993 1991 1992
f 1993 1996 1997
f 1995 1993 1994
f 2105 2114 2115
f 2105 2102 2103
f 2109 2105 2108
f 2112 2105 2111
f 2102 2105 2101
f 2107 2105 2106
f 2110 2105 2109
f 2082 2089 2097
f 2095 2089 2094
f 2089 2095 2096
f 2089 2093 2094
f 2089 2084 2085
f 2089 2092 2093
f 2026 2027 2025
f 2027 2028 2025
f 2233 1953 2220
f 2221 2233 2220
f 2232 2233 2231
f 2233 2225 2226
f 2233 2221 2222
f 1954 2235 2234
f 1954 2234 1955
f 1953 1956 1964
f 1956 1963 1964
f 1961 1956 1960
f 1963 1956 1962
f 1956 1958 1959
f 1954 1956 1953
f 1956 1954 1955
f 1956 2233 2232
f 1956 2232 1957
f 2233 1956 2234
f 2234 1956 1955
f 2438 2380 2381
f 2379 2380 2438
f 2440 2377 2378
f 2439 2379 2438
f 2378 2379 2439
f 2439 2440 2378
f 2463 2344 2345
f 2242 2243 2252
f 2295 2293 2294
f 2280 2281 2282
f 2301 2302 2303
f 2290 2288 2289
f 2290 2291 2493
f 2493 2296 2492
f 2333 2338 2332
f 2332 2338 2339
f 2247 2248 2246
f 2410 2411 2401
f 2401 2402 2410
f 2405 2406 2407
f 2396 2400 2416
f 2381 2383 2382
f 2438 2381 2437
f 2437 2381 2386
f 2382 2383 2384
f 2422 2391 2421
f 2432 2433 2422
f 2360 2451 2359
f 2450 2451 2360
f 2457 2356 2357
f 2349 2354 2348
f 2348 2354 2355
f 2376 2377 2440
f 2268 2512 2267
f 2511 2512 2268
f 2269 2510 2511
f 2511 2268 2269
f 2264 2265 2514
f 2513 2265 2266
f 2514 2265 2513
f 2513 2266 2267
f 2267 2512 2513
f 2240 2263 2264
f 2270 2271 2272
f 2269 2270 2272
f 2272 2510 2269
f 2274 2275 2507
f 2272 2273 2509
f 2509 2510 2272
f 2292 2293 2295
f 2493 2291 2292
f 2295 2296 2292
f 2292 2296 2493
f 2283 2284 2278
f 2278 2284 2277
f 2277 2284 2496
f 2287 2493 2286
f 2287 2288 2290
f 2290 2493 2287
f 2297 2298 2492
f 2492 2296 2297
f 2492 2298 2299
f 2299 2300 2492
f 2492 2300 2304
f 2304 2300 2301
f 2301 2303 2304
f 2307 2308 2491
f 2492 2307 2491
f 2329 2472 2328
f 2325 2326 2475
f 2476 2324 2325
f 2325 2475 2476
f 2474 2326 2327
f 2475 2326 2474
f 2505 2500 2501
f 2465 2342 2343
f 2467 2340 2341
f 2311 2312 2313
f 2337 2338 2333
f 2323 2478 2322
f 2257 2258 2256
f 2260 2261 2254
f 2255 2260 2254
f 2244 2245 2250
f 2416 2400 2415
f 2415 2400 2401
f 2401 2411 2415
f 2404 2408 2403
f 2407 2408 2404
f 2404 2405 2407
f 2403 2408 2409
f 2409 2402 2403
f 2410 2402 2409
f 2397 2398 2399
f 2397 2399 2400
f 2397 2400 2396
f 2396 2416 2417
f 2394 2418 2419
f 2420 2421 2392
f 2421 2391 2392
f 2385 2382 2384
f 2386 2381 2385
f 2385 2381 2382
f 2423 2432 2422
f 2390 2433 2389
f 2390 2391 2422
f 2422 2433 2390
f 2458 2356 2457
f 2355 2356 2458
f 2353 2354 2349
f 2361 2450 2360
f 2442 2371 2441
f 2368 2445 2367
f 2367 2445 2446
f 2447 2364 2446
f 2357 2358 2456
f 2456 2457 2357
f 2453 2358 2359
f 2454 2358 2453
f 2376 2440 2375
f 2375 2440 2441
f 2441 2374 2375
f 2241 2263 2240
f 2262 2263 2241
f 2241 2242 2262
f 2264 2514 2515
f 2240 2264 2515
f 2508 2273 2274
f 2509 2273 2508
f 2274 2507 2508
f 2282 2283 2279
f 2279 2283 2278
f 2279 2280 2282
f 2496 2284 2495
f 2497 2277 2496
f 2305 2492 2304
f 2323 2324 2477
f 2477 2324 2476
f 2477 2478 2323
f 2474 2327 2473
f 2328 2472 2473
f 2473 2327 2328
f 2505 2501 2504
f 2502 2503 2504
f 2501 2502 2504
f 2506 2500 2505
f 2339 2340 2468
f 2468 2340 2467
f 2468 2332 2339
f 2469 2332 2468
f 2465 2343 2464
f 2343 2344 2464
f 2464 2344 2463
f 2334 2336 2337
f 2334 2335 2336
f 2337 2333 2334
f 2331 2332 2469
f 2331 2469 2470
f 2256 2258 2259
f 2259 2255 2256
f 2259 2260 2255
f 2253 2261 2262
f 2254 2261 2253
f 2242 2252 2253
f 2262 2242 2253
f 2246 2248 2249
f 2249 2245 2246
f 2250 2245 2249
f 2251 2244 2250
f 2251 2243 2244
f 2252 2243 2251
f 2415 2411 2412
f 2395 2396 2417
f 2417 2418 2395
f 2395 2418 2394
f 2419 2420 2393
f 2393 2420 2392
f 2393 2394 2419
f 2466 2467 2341
f 2341 2342 2466
f 2466 2342 2465
f 2389 2433 2434
f 2348 2355 2459
f 2459 2355 2458
f 2353 2349 2350
f 2350 2351 2352
f 2350 2352 2353
f 2373 2374 2441
f 2370 2371 2442
f 2444 2368 2369
f 2444 2445 2368
f 2364 2365 2366
f 2446 2364 2366
f 2367 2446 2366
f 2363 2364 2447
f 2361 2362 2449
f 2449 2450 2361
f 2455 2358 2454
f 2456 2358 2455
f 2359 2451 2452
f 2453 2359 2452
f 2495 2284 2285
f 2286 2493 2494
f 2285 2286 2494
f 2494 2495 2285
f 2276 2277 2497
f 2507 2275 2498
f 2498 2275 2276
f 2276 2497 2498
f 2306 2307 2492
f 2306 2492 2305
f 2491 2308 2490
f 2490 2308 2309
f 2309 2489 2490
f 2487 2311 2313
f 2313 2314 2487
f 2471 2472 2329
f 2331 2470 2330
f 2471 2329 2330
f 2330 2470 2471
f 2412 2413 2414
f 2414 2415 2412
f 2431 2424 2430
f 2423 2424 2431
f 2431 2432 2423
f 2427 2428 2426
f 2388 2435 2387
f 2388 2389 2434
f 2434 2435 2388
f 2436 2386 2387
f 2437 2386 2436
f 2387 2435 2436
f 2460 2347 2348
f 2460 2348 2459
f 2441 2371 2372
f 2373 2441 2372
f 2444 2369 2443
f 2443 2369 2370
f 2370 2442 2443
f 2449 2362 2448
f 2448 2362 2363
f 2363 2447 2448
f 2506 2507 2499
f 2499 2507 2498
f 2499 2500 2506
f 2310 2489 2309
f 2314 2315 2486
f 2487 2314 2486
f 2430 2424 2425
f 2426 2428 2429
f 2425 2426 2429
f 2429 2430 2425
f 2346 2347 2461
f 2461 2347 2460
f 2488 2489 2310
f 2310 2311 2488
f 2488 2311 2487
f 2485 2315 2316
f 2486 2315 2485
f 2462 2345 2346
f 2462 2346 2461
f 2462 2463 2345
f 2518 2236 2237
f 2316 2317 2484
f 2485 2316 2484
f 2317 2318 2483
f 2484 2317 2483
f 2482 2318 2319
f 2483 2318 2482
f 2481 2319 2320
f 2482 2319 2481
f 2320 2321 2480
f 2481 2320 2480
f 2480 2321 2479
f 2322 2478 2479
f 2479 2321 2322
f 2267 2266 2269
f 2292 2291 2290
f 2404 2402 2401
f 2401 2400 2404
f 2403 2402 2404
f 2259 2258 2265
f 2264 2263 2259
f 2412 2406 2413
f 2412 2410 2409
f 2282 2281 2285
f 2285 2281 2288
f 2285 2284 2283
f 2285 2288 2287
f 2276 2275 2274
f 2276 2280 2279
f 2278 2277 2276
f 2388 2398 2397
f 2388 2386 2385
f 2392 2391 2388
f 2395 2394 2388
f 2385 2384 2388
f 2390 2389 2388
f 2393 2392 2388
f 2365 2380 2372
f 2378 2377 2372
f 2372 2379 2378
f 2372 2377 2376
f 2372 2368 2367
f 2372 2376 2375
f 2309 2308 2310
f 2310 2308 2311
f 2516 2503 2236
f 2504 2503 2516
f 2515 2514 2516
f 2516 2509 2508
f 2516 2505 2504
f 2237 2517 2518
f 2237 2238 2517
f 2236 2247 2239
f 2239 2247 2246
f 2244 2243 2239
f 2246 2245 2239
f 2239 2242 2241
f 2237 2236 2239
f 2239 2238 2237
f 2239 2515 2516
f 2239 2240 2515
f 2516 2517 2239
f 2517 2238 2239
f 1953 1954 2237
f 1953 2237 2236
f 1954 1955 2238
f 1954 2238 2237
f 1955 1956 2239
f 1955 2239 2238
f 1956 1957 2240
f 1956 2240 2239
f 1957 1958 2241
f 1957 2241 2240
f 1958 1959 2242
f 1958 2242 2241
f 1959 1960 2243
f 1959 2243 2242
f 1960 1961 2244
f 1960 2244 2243
f 1961 1962 2245
f 1961 2245 2244
f 1962 1963 2246
f 1962 2246 2245
f 1963 1964 2247
f 1963 2247 2246
f 1964 1965 2248
f 1964 2248 2247
f 1965 1966 2249
f 1965 2249 2248
f 1966 1967 2250
f 1966 2250 2249
f 1967 1968 2251
f 1967 2251 2250
f 1968 1969 2252
f 1968 2252 2251
f 1969 1970 2253
f 1969 2253 2252
f 1970 1971 2254
f 1970 2254 2253
f 1971 1972 2255
f 1971 2255 2254
f 1972 1973 2256
f 1972 2256 2255
f 1973 1974 2257
f 1973 2257 2256
f 1974 1975 2258
f 1974 2258 2257
f 1975 1976 2259
f 1975 2259 2258
f 1976 1977 2260
f 1976 2260 2259
f 1977 1978 2261
f 1977 2261 2260
f 1978 1979 2262
f 1978 2262 2261
f 1979 1980 2263
f 1979 2263 2262
f 1980 1981 2264
f 1980 2264 2263
f 1981 1982 2265
f 1981 2265 2264
f 1982 1983 2266
f 1982 2266 2265
f 1983 1984 2267
f 1983 2267 2266
f 1984 1985 2268
f 1984 2268 2267
f 1985 1986 2269
f 1985 2269 2268
f 1986 1987 2270
f 1986 2270 2269
f 1987 1988 2271
f 1987 2271 2270
f 1988 1989 2272
f 1988 2272 2271
f 1989 1990 2273
f 1989 2273 2272
f 1990 1991 2274
f 1990 2274 2273
f 1991 1992 2275
f 1991 2275 2274
f 1992 1993 2276
f 1992 2276 2275
f 1993 1994 2277
f 1993 2277 2276
f 1994 1995 2278
f 1994 2278 2277
f 1995 1996 2279
f 1995 2279 2278
f 1996 1997 2280
f 1996 2280 2279
f 1997 1998 2281
f 1997 2281 2280
f 1998 1999 2282
f 1998 2282 2281
f 1999 2000 2283
f 1999 2283 2282
f 2000 2001 2284
f 2000 2284 2283
f 2001 2002 2285
f 2001 2285 2284
f 2002 2003 2286
f 2002 2286 2285
f 2003 2004 2287
f 2003 2287 2286
f 2004 2005 2288
f 2004 2288 2287
f 2005 2006 2289
f 2005 2289 2288
f 2006 2007 2290
f 2006 2290 2289
f 2007 2008 2291
f 2007 2291 2290
f 2008 2009 2292
f 2008 2292 2291
f 2009 2010 2293
f 2009 2293 2292
f 2010 2011 2294
f 2010 2294 2293
f 2011 2012 2295
f 2011 2295 2294
f 2012 2013 2296
f 2012 2296 2295
f 2013 2014 2297
f 2013 2297 2296
f 2014 2015 2298
f 2014 2298 2297
f 2015 2016 2299
f 2015 2299 2298
f 2016 2017 2300
f 2016 2300 2299
f 2017 2018 2301
f 2017 2301 2300
f 2018 2019 2302
f 2018 2302 2301
f 2019 2020 2303
f 2019 2303 2302
f 2020 2021 2304
f 2020 2304 2303
f 2021 2022 2305
f 2021 2305 2304
f 2022 2023 2306
f 2022 2306 2305
f 2023 2024 2307
f 2023 2307 2306
f 2024 2025 2308
f 2024 2308 2307
f 2025 2026 2309
f 2025 2309 2308
f 2026 2027 2310
f 2026 2310 2309
f 2027 2028 2311
f 2027 2311 2310
f 2028 2029 2312
f 2028 2312 2311
f 2029 2030 2313
f 2029 2313 2312
f 2030 2031 2314
f 2030 2314 2313
f 2031 2032 2315
f 2031 2315 2314
f 2032 2033 2316
f 2032 2316 2315
f 2033 2034 2317
f 2033 2317 2316
f 2034 2035 2318
f 2034 2318 2317
f 2035 2036 2319
f 2035 2319 2318
f 2036 2037 2320
f 2036 2320 2319
f 2037 2038 2321
f 2037 2321 2320
f 2038 2039 2322
f 2038 2322 2321
f 2039 2040 2323
f 2039 2323 2322
f 2040 2041 2324
f 2040 2324 2323
f 2041 2042 2325
f 2041 2325 2324
f 2042 2043 2326
f 2042 2326 2325
f 2043 2044 2327
f 2043 2327 2326
f 2044 2045 2328
f 2044 2328 2327
f 2045 2046 2329
f 2045 2329 2328
f 2046 2047 2330
f 2046 2330 2329
f 2047 2048 2331
f 2047 2331 2330
f 2048 2049 2332
f 2048 2332 2331
f 2049 2050 2333
f 2049 2333 2332
f 2050 2051 2334
f 2050 2334 2333
f 2051 2052 2335
f 2051 2335 2334
f 2052 2053 2336
f 2052 2336 2335
f 2053 2054 2337
f 2053 2337 2336
f 2054 2055 2338
f 2054 2338 2337
f 2055 2056 2339
f 2055 2339 2338
f 2056 2057 2340
f 2056 2340 2339
f 2057 2058 2341
f 2057 2341 2340
f 2058 2059 2342
f 2058 2342 2341
f 2059 2060 2343
f 2059 2343 2342
f 2060 2061 2344
f 2060 2344 2343
f 2061 2062 2345
f 2061 2345 2344
f 2062 2063 2346
f 2062 2346 2345
f 2063 2064 2347
f 2063 2347 2346
f 2064 2065 2348
f 2064 2348 2347
f 2065 2066 2349
f 2065 2349 2348
f 2066 2067 2350
f 2066 2350 2349
f 2067 2068 2351
f 2067 2351 2350
f 2068 2069 2352
f 2068 2352 2351
f 2069 2070 2353
f 2069 2353 2352
f 2070 2071 2354
f 2070 2354 2353
f 2071 2072 2355
f 2071 2355 2354
f 2072 2073 2356
f 2072 2356 2355
f 2073 2074 2357
f 2073 2357 2356
f 2074 2075 2358
f 2074 2358 2357
f 2075 2076 2359
f 2075 2359 2358
f 2076 2077 2360
f 2076 2360 2359
f 2077 2078 2361
f 2077 2361 2360
f 2078 2079 2362
f 2078 2362 2361
f 2079 2080 2363
f 2079 2363 2362
f 2080 2081 2364
f 2080 2364 2363
f 2081 2082 2365
f 2081 2365 2364
f 2082 2083 2366
f 2082 2366 2365
f 2083 2084 2367
f 2083 2367 2366
f 2084 2085 2368
f 2084 2368 2367
f 2085 2086 2369
f 2085 2369 2368
f 2086 2087 2370
f 2086 2370 2369
f 2087 2088 2371
f 2087 2371 2370
f 2088 2089 2372
f 2088 2372 2371
f 2089 2090 2373
f 2089 2373 2372
f 2090 2091 2374
f 2090 2374 2373
f 2091 2092 2375
f 2091 2375 2374
f 2092 2093 2376
f 2092 2376 2375
f 2093 2094 2377
f 2093 2377 2376
f 2094 2095 2378
f 2094 2378 2377
f 2095 2096 2379
f 2095 2379 2378
f 2096 2097 2380
f 2096 2380 2379
f 2097 2098 2381
f 2097 2381 2380
f 2098 2099 2382
f 2098 2382 2381
f 2099 2100 2383
f 2099 2383 2382
f 2100 2101 2384
f 2100 2384 2383
f 2101 2102 2385
f 2101 2385 2384
f 2102 2103 2386
f 2102 2386 2385
f 2103 2104 2387
f 2103 2387 2386
f 2104 2105 2388
f 2104 2388 2387
f 2105 2106 2389
f 2105 2389 2388
f 2106 2107 2390
f 2106 2390 2389
f 2107 2108 2391
f 2107 2391 2390
f 2108 2109 2392
f 2108 2392 2391
f 2109 2110 2393
f 2109 2393 2392
f 2110 2111 2394
f 2110 2394 2393
f 2111 2112 2395
f 2111 2395 2394
f 2112 2113 2396
f 2112 2396 2395
f 2113 2114 2397
f 2113 2397 2396
f 2114 2115 2398
f 2114 2398 2397
f 2115 2116 2399
f 2115 2399 2398
f 2116 2117 2400
f 2116 2400 2399
f 2117 2118 2401
f 2117 2401 2400
f 2118 2119 2402
f 2118 2402 2401
f 2119 2120 2403
f 2119 2403 2402
f 2120 2121 2404
f 2120 2404 2403
f 2121 2122 2405
f 2121 2405 2404
f 2122 2123 2406
f 2122 2406 2405
f 2123 2124 2407
f 2123 2407 2406
f 2124 2125 2408
f 2124 2408 2407
f 2125 2126 2409
f 2125 2409 2408
f 2126 2127 2410
f 2126 2410 2409
f 2127 2128 2411
f 2127 2411 2410
f 2128 2129 2412
f 2128 2412 2411
f 2129 2130 2413
f 2129 2413 2412
f 2130 2131 2414
f 2130 2414 2413
f 2131 2132 2415
f 2131 2415 2414
f 2132 2133 2416
f 2132 2416 2415
f 2133 2134 2417
f 2133 2417 2416
f 2134 2135 2418
f 2134 2418 2417
f 2135 2136 2419
f 2135 2419 2418
f 2136 2137 2420
f 2136 2420 2419
f 2137 2138 2421
f 2137 2421 2420
f 2138 2139 2422
f 2138 2422 2421
f 2139 2140 2423
f 2139 2423 2422
f 2140 2141 2424
f 2140 2424 2423
f 2141 2142 2425
f 2141 2425 2424
f 2142 2143 2426
f 2142 2426 2425
f 2143 2144 2427
f 2143 2427 2426
f 2144 2145 2428
f 2144 2428 2427
f 2145 2146 2429
f 2145 2429 2428
f 2146 2147 2430
f 2146 2430 2429
f 2147 2148 2431
f 2147 2431 2430
f 2148 2149 2432
f 2148 2432 2431
f 2149 2150 2433
f 2149 2433 2432
f 2150 2151 2434
f 2150 2434 2433
f 2151 2152 2435
f 2151 2435 2434
f 2152 2153 2436
f 2152 2436 2435
f 2153 2154 2437
f 2153 2437 2436
f 2154 2155 2438
f 2154 2438 2437
f 2155 2156 2439
f 2155 2439 2438
f 2156 2157 2440
f 2156 2440 2439
f 2157 2158 2441
f 2157 2441 2440
f 2158 2159 2442
f 2158 2442 2441
f 2159 2160 2443
f 2159 2443 2442
f 2160 2161 2444
f 2160 2444 2443
f 2161 2162 2445
f 2161 2445 2444
f 2162 2163 2446
f 2162 2446 2445
f 2163 2164 2447
f 2163 2447 2446
f 2164 2165 2448
f 2164 2448 2447
f 2165 2166 2449
f 2165 2449 2448
f 2166 2167 2450
f 2166 2450 2449
f 2167 2168 2451
f 2167 2451 2450
f 2168 2169 2452
f 2168 2452 2451
f 2169 2170 2453
f 2169 2453 2452
f 2170 2171 2454
f 2170 2454 2453
f 2171 2172 2455
f 2171 2455 2454
f 2172 2173 2456
f 2172 2456 2455
f 2173 2174 2457
f 2173 2457 2456
f 2174 2175 2458
f 2174 2458 2457
f 2175 2176 2459
f 2175 2459 2458
f 2176 2177 2460
f 2176 2460 2459
f 2177 2178 2461
f 2177 2461 2460
f 2178 2179 2462
f 2178 2462 2461
f 2179 2180 2463
f 2179 2463 2462
f 2180 2181 2464
f 2180 2464 2463
f 2181 2182 2465
f 2181 2465 2464
f 2182 2183 2466
f 2182 2466 2465
f 2183 2184 2467
f 2183 2467 2466
f 2184 2185 2468
f 2184 2468 2467
f 2185 2186 2469
f 2185 2469 2468
f 2186 2187 2470
f 2186 2470 2469
f 2187 2188 2471
f 2187 2471 2470
f 2188 2189 2472
f 2188 2472 2471
f 2189 2190 2473
f 2189 2473 2472
f 2190 2191 2474
f 2190 2474 2473
f 2191 2192 2475
f 2191 2475 2474
f 2192 2193 2476
f 2192 2476 2475
f 2193 2194 2477
f 2193 2477 2476
f 2194 2195 2478
f 2194 2478 2477
f 2195 2196 2479
f 2195 2479 2478
f 2196 2197 2480
f 2196 2480 2479
f 2197 2198 2481
f 2197 2481 2480
f 2198 2199 2482
f 2198 2482 2481
f 2199 2200 2483
f 2199 2483 2482
f 2200 2201 2484
f 2200 2484 2483
f 2201 2202 2485
f 2201 2485 2484
f 2202 2203 2486
f 2202 2486 2485
f 2203 2204 2487
f 2203 2487 2486
f 2204 2205 2488
f 2204 2488 2487
f 2205 2206 2489
f 2205 2489 2488
f 2206 2207 2490
f 2206 2490 2489
f 2207 2208 2491
f 2207 2491 2490
f 2208 2209 2492
f 2208 2492 2491
f 2209 2210 2493
f 2209 2493 2492
f 2210 2211 2494
f 2210 2494 2493
f 2211 2212 2495
f 2211 2495 2494
f 2212 2213 2496
f 2212 2496 2495
f 2213 2214 2497
f 2213 2497 2496
f 2214 2215 2498
f 2214 2498 2497
f 2215 2216 2499
f 2215 2499 2498
f 2216 2217 2500
f 2216 2500 2499
f 2217 2218 2501
f 2217 2501 2500
f 2218 2219 2502
f 2218 2502 2501
f 2219 2220 2503
f 2219 2503 2502
f 2220 2221 2504
f 2220 2504 2503
f 2221 2222 2505
f 2221 2505 2504
f 2222 2223 2506
f 2222 2506 2505
f 2223 2224 2507
f 2223 2507 2506
f 2224 2225 2508
f 2224 2508 2507
f 2225 2226 2509
f 2225 2509 2508
f 2226 2227 2510
f 2226 2510 2509
f 2227 2228 2511
f 2227 2511 2510
f 2228 2229 2512
f 2228 2512 2511
f 2229 2230 2513
f 2229 2513 2512
f 2230 2231 2514
f 2230 2514 2513
f 2231 2232 2515
f 2231 2515 2514
f 2232 2233 2516
f 2232 2516 2515
f 2233 2234 2517
f 2233 2517 2516
f 2234 2235 2518
f 2234 2518 2517
f 2235 1953 2236
f 2235 2236 2518
f 2527 2526 2528
f 2635 2632 2636
f 2633 2635 2634
f 2633 2632 2635
f 2539 2646 2608
f 2619 2618 2620
f 2578 2580 2579
f 2578 2581 2580
f 2581 2578 2577
f 2576 2575 2574
f 2621 2618 2617
f 2622 2621 2617
f 2618 2621 2620
f 2605 2604 2542
f 2607 2539 2608
f 2605 2541 2606
f 2541 2605 2542
f 2544 2603 2599
f 2604 2543 2542
f 2603 2543 2604
f 2543 2603 2544
f 2539 2647 2646
f 2597 2546 2545
f 2596 2595 2548
f 2598 2597 2545
f 2544 2598 2545
f 2598 2544 2599
f 2592 2551 2593
f 2587 2556 2555
f 2572 2562 2583
f 2646 2609 2608
f 2626 2612 2627
f 2636 2639 2637
f 2637 2639 2638
f 2540 2607 2606
f 2541 2540 2606
f 2607 2540 2539
f 2603 2600 2599
f 2648 2520 2519
f 2538 2521 2647
f 2538 2647 2539
f 2582 2581 2577
f 2572 2582 2577
f 2582 2572 2583
f 2576 2573 2577
f 2573 2572 2577
f 2573 2576 2574
f 2550 2594 2593
f 2551 2550 2593
f 2547 2596 2548
f 2596 2547 2597
f 2547 2546 2597
f 2552 2592 2591
f 2592 2552 2551
f 2586 2585 2557
f 2556 2586 2557
f 2586 2556 2587
f 2562 2561 2583
f 2609 2645 2610
f 2645 2644 2610
f 2645 2609 2646
f 2644 2611 2610
f 2611 2643 2628
f 2643 2611 2644
f 2616 2622 2617
f 2626 2613 2612
f 2624 2615 2614
f 2632 2631 2636
f 2631 2639 2636
f 2639 2631 2640
f 2631 2630 2640
f 2600 2602 2601
f 2602 2600 2603
f 2525 2524 2530
f 2525 2529 2526
f 2526 2529 2528
f 2529 2525 2530
f 2536 2535 2523
f 2522 2536 2523
f 2538 2537 2521
f 2537 2522 2521
f 2522 2537 2536
f 2550 2549 2594
f 2594 2549 2595
f 2595 2549 2548
f 2590 2589 2553
f 2552 2590 2553
f 2590 2552 2591
f 2589 2554 2553
f 2588 2587 2555
f 2554 2588 2555
f 2588 2554 2589
f 2570 2564 2571
f 2564 2563 2571
f 2563 2572 2571
f 2563 2562 2572
f 2566 2568 2567
f 2561 2584 2583
f 2641 2630 2642
f 2630 2641 2640
f 2630 2629 2642
f 2629 2643 2642
f 2643 2629 2628
f 2613 2625 2614
f 2625 2613 2626
f 2625 2624 2614
f 2623 2616 2615
f 2624 2623 2615
f 2616 2623 2622
f 2566 2569 2568
f 2584 2558 2585
f 2585 2558 2557
f 2558 2584 2561
f 2535 2531 2523
f 2531 2524 2523
f 2524 2531 2530
f 2565 2569 2566
f 2569 2565 2570
f 2570 2565 2564
f 2560 2559 2561
f 2559 2558 2561
f 2534 2531 2535
f 2532 2534 2533
f 2534 2532 2531
f 2578 2576 2577
f 2600 2601 2591
f 2596 2600 2595
f 2594 2600 2593
f 2600 2596 2597
f 2600 2592 2593
f 2647 2520 2648
f 2521 2520 2647
f 2611 2628 2627
f 2612 2611 2627
f 2565 2566 2567
f 2563 2565 2562
f 2565 2561 2562
f 2565 2563 2564
f 2560 2565 2567
f 2552 2559 2551
f 2549 2559 2548
f 2559 2554 2555
f 2559 2547 2548
f 2559 2556 2557
f 2559 2550 2551
f 2547 2559 2546
f 2559 2552 2553
f 2559 2549 2550
f 2657 2658 2656
f 2765 2766 2762
f 2763 2764 2765
f 2763 2765 2762
f 2669 2738 2776
f 2749 2750 2748
f 2708 2709 2710
f 2708 2710 2711
f 2711 2707 2708
f 2706 2704 2705
f 2751 2747 2748
f 2752 2747 2751
f 2748 2750 2751
f 2735 2672 2734
f 2737 2738 2669
f 2735 2736 2671
f 2671 2672 2735
f 2674 2729 2733
f 2734 2672 2673
f 2733 2734 2673
f 2673 2674 2733
f 2669 2776 2777
f 2727 2675 2676
f 2726 2678 2725
f 2728 2675 2727
f 2674 2675 2728
f 2728 2729 2674
f 2722 2723 2681
f 2717 2685 2686
f 2702 2713 2692
f 2776 2738 2739
f 2756 2757 2742
f 2766 2767 2769
f 2767 2768 2769
f 2670 2736 2737
f 2671 2736 2670
f 2737 2669 2670
f 2733 2729 2730
f 2778 2649 2650
f 2668 2777 2651
f 2668 2669 2777
f 2712 2707 2711
f 2702 2707 2712
f 2712 2713 2702
f 2706 2707 2703
f 2703 2707 2702
f 2703 2704 2706
f 2680 2723 2724
f 2681 2723 2680
f 2677 2678 2726
f 2726 2727 2677
f 2677 2727 2676
f 2682 2721 2722
f 2722 2681 2682
f 2716 2687 2715
f 2686 2687 2716
f 2716 2717 2686
f 2692 2713 2691
f 2739 2740 2775
f 2775 2740 2774
f 2775 2776 2739
f 2774 2740 2741
f 2741 2758 2773
f 2773 2774 2741
f 2746 2747 2752
f 2756 2742 2743
f 2754 2744 2745
f 2762 2766 2761
f 2761 2766 2769
f 2769 2770 2761
f 2761 2770 2760
f 2730 2731 2732
f 2732 2733 2730
f 2655 2660 2654
f 2655 2656 2659
f 2656 2658 2659
f 2659 2660 2655
f 2666 2653 2665
f 2652 2653 2666
f 2668 2651 2667
f 2667 2651 2652
f 2652 2666 2667
f 2680 2724 2679
f 2724 2725 2679
f 2725 2678 2679
f 2720 2683 2719
f 2682 2683 2720
f 2720 2721 2682
f 2719 2683 2684
f 2718 2685 2717
f 2684 2685 2718
f 2718 2719 2684
f 2700 2701 2694
f 2694 2701 2693
f 2693 2701 2702
f 2693 2702 2692
f 2696 2697 2698
f 2691 2713 2714
f 2771 2772 2760
f 2760 2770 2771
f 2760 2772 2759
f 2759 2772 2773
f 2773 2758 2759
f 2743 2744 2755
f 2755 2756 2743
f 2755 2744 2754
f 2753 2745 2746
f 2754 2745 2753
f 2746 2752 2753
f 2696 2698 2699
f 2714 2715 2688
f 2715 2687 2688
f 2688 2691 2714
f 2665 2653 2661
f 2661 2653 2654
f 2654 2660 2661
f 2695 2696 2699
f 2699 2700 2695
f 2700 2694 2695
f 2690 2691 2689
f 2689 2691 2688
f 2664 2665 2661
f 2662 2663 2664
f 2664 2661 2662
f 2708 2707 2706
f 2730 2721 2731
f 2726 2725 2730
f 2724 2723 2730
f 2730 2727 2726
f 2730 2723 2722
f 2777 2778 2650
f 2651 2777 2650
f 2741 2757 2758
f 2742 2757 2741
f 2695 2697 2696
f 2693 2692 2695
f 2695 2692 2691
f 2695 2694 2693
f 2690 2697 2695
f 2682 2681 2689
f 2679 2678 2689
f 2689 2685 2684
f 2689 2678 2677
f 2689 2687 2686
f 2689 2681 2680
f 2677 2676 2689
f 2689 2683 2682
f 2689 2680 2679
f 2519 2520 2650
f 2519 2650 2649
f 2520 2521 2651
f 2520 2651 2650
f 2521 2522 2652
f 2521 2652 2651
f 2522 2523 2653
f 2522 2653 2652
f 2523 2524 2654
f 2523 2654 2653
f 2524 2525 2655
f 2524 2655 2654
f 2525 2526 2656
f 2525 2656 2655
f 2526 2527 2657
f 2526 2657 2656
f 2527 2528 2658
f 2527 2658 2657
f 2528 2529 2659
f 2528 2659 2658
f 2529 2530 2660
f 2529 2660 2659
f 2530 2531 2661
f 2530 2661 2660
f 2531 2532 2662
f 2531 2662 2661
f 2532 2533 2663
f 2532 2663 2662
f 2533 2534 2664
f 2533 2664 2663
f 2534 2535 2665
f 2534 2665 2664
f 2535 2536 2666
f 2535 2666 2665
f 2536 2537 2667
f 2536 2667 2666
f 2537 2538 2668
f 2537 2668 2667
f 2538 2539 2669
f 2538 2669 2668
f 2539 2540 2670
f 2539 2670 2669
f 2540 2541 2671
f 2540 2671 2670
f 2541 2542 2672
f 2541 2672 2671
f 2542 2543 2673
f 2542 2673 2672
f 2543 2544 2674
f 2543 2674 2673
f 2544 2545 2675
f 2544 2675 2674
f 2545 2546 2676
f 2545 2676 2675
f 2546 2547 2677
f 2546 2677 2676
f 2547 2548 2678
f 2547 2678 2677
f 2548 2549 2679
f 2548 2679 2678
f 2549 2550 2680
f 2549 2680 2679
f 2550 2551 2681
f 2550 2681 2680
f 2551 2552 2682
f 2551 2682 2681
f 2552 2553 2683
f 2552 2683 2682
f 2553 2554 2684
f 2553 2684 2683
f 2554 2555 2685
f 2554 2685 2684
f 2555 2556 2686
f 2555 2686 2685
f 2556 2557 2687
f 2556 2687 2686
f 2557 2558 2688
f 2557 2688 2687
f 2558 2559 2689
f 2558 2689 2688
f 2559 2560 2690
f 2559 2690 2689
f 2560 2561 2691
f 2560 2691 2690
f 2561 2562 2692
f 2561 2692 2691
f 2562 2563 2693
f 2562 2693 2692
f 2563 2564 2694
f 2563 2694 2693
f 2564 2565 2695
f 2564 2695 2694
f 2565 2566 2696
f 2565 2696 2695
f 2566 2567 2697
f 2566 2697 2696
f 2567 2568 2698
f 2567 2698 2697
f 2568 2569 2699
f 2568 2699 2698
f 2569 2570 2700
f 2569 2700 2699
f 2570 2571 2701
f 2570 2701 2700
f 2571 2572 2702
f 2571 2702 2701
f 2572 2573 2703
f 2572 2703 2702
f 2573 2574 2704
f 2573 2704 2703
f 2574 2575 2705
f 2574 2705 2704
f 2575 2576 2706
f 2575 2706 2705
f 2576 2577 2707
f 2576 2707 2706
f 2577 2578 2708
f 2577 2708 2707
f 2578 2579 2709
f 2578 2709 2708
f 2579 2580 2710
f 2579 2710 2709
f 2580 2581 2711
f 2580 2711 2710
f 2581 2582 2712
f 2581 2712 2711
f 2582 2583 2713
f 2582 2713 2712
f 2583 2584 2714
f 2583 2714 2713
f 2584 2585 2715
f 2584 2715 2714
f 2585 2586 2716
f 2585 2716 2715
f 2586 2587 2717
f 2586 2717 2716
f 2587 2588 2718
f 2587 2718 2717
f 2588 2589 2719
f 2588 2719 2718
f 2589 2590 2720
f 2589 2720 2719
f 2590 2591 2721
f 2590 2721 2720
f 2591 2592 2722
f 2591 2722 2721
f 2592 2593 2723
f 2592 2723 2722
f 2593 2594 2724
f 2593 2724 2723
f 2594 2595 2725
f 2594 2725 2724
f 2595 2596 2726
f 2595 2726 2725
f 2596 2597 2727
f 2596 2727 2726
f 2597 2598 2728
f 2597 2728 2727
f 2598 2599 2729
f 2598 2729 2728
f 2599 2600 2730
f 2599 2730 2729
f 2600 2601 2731
f 2600 2731 2730
f 2601 2602 2732
f 2601 2732 2731
f 2602 2603 2733
f 2602 2733 2732
f 2603 2604 2734
f 2603 2734 2733
f 2604 2605 2735
f 2604 2735 2734
f 2605 2606 2736
f 2605 2736 2735
f 2606 2607 2737
f 2606 2737 2736
f 2607 2608 2738
f 2607 2738 2737
f 2608 2609 2739
f 2608 2739 2738
f 2609 2610 2740
f 2609 2740 2739
f 2610 2611 2741
f 2610 2741 2740
f 2611 2612 2742
f 2611 2742 2741
f 2612 2613 2743
f 2612 2743 2742
f 2613 2614 2744
f 2613 2744 2743
f 2614 2615 2745
f 2614 2745 2744
f 2615 2616 2746
f 2615 2746 2745
f 2616 2617 2747
f 2616 2747 2746
f 2617 2618 2748
f 2617 2748 2747
f 2618 2619 2749
f 2618 2749 2748
f 2619 2620 2750
f 2619 2750 2749
f 2620 2621 2751
f 2620 2751 2750
f 2621 2622 2752
f 2621 2752 2751
f 2622 2623 2753
f 2622 2753 2752
f 2623 2624 2754
f 2623 2754 2753
f 2624 2625 2755
f 2624 2755 2754
f 2625 2626 2756
f 2625 2756 2755
f 2626 2627 2757
f 2626 2757 2756
f 2627 2628 2758
f 2627 2758 2757
f 2628 2629 2759
f 2628 2759 2758
f 2629 2630 2760
f 2629 2760 2759
f 2630 2631 2761
f 2630 2761 2760
f 2631 2632 2762
f 2631 2762 2761
f 2632 2633 2763
f 2632 2763 2762
f 2633 2634 2764
f 2633 2764 2763
f 2634 2635 2765
f 2634 2765 2764
f 2635 2636 2766
f 2635 2766 2765
f 2636 2637 2767
f 2636 2767 2766
f 2637 2638 2768
f 2637 2768 2767
f 2638 2639 2769
f 2638 2769 2768
f 2639 2640 2770
f 2639 2770 2769
f 2640 2641 2771
f 2640 2771 2770
f 2641 2642 2772
f 2641 2772 2771
f 2642 2643 2773
f 2642 2773 2772
f 2643 2644 2774
f 2643 2774 2773
f 2644 2645 2775
f 2644 2775 2774
f 2645 2646 2776
f 2645 2776 2775
f 2646 2647 2777
f 2646 2777 2776
f 2647 2648 2778
f 2647 2778 2777
f 2648 2519 2649
f 2648 2649 2778
f 2813 2819 2818
f 2855 2788 2856
f 2819 2812 2820
f 2813 2812 2819
f 2814 2816 2815
f 2813 2814 2815
f 2805 2829 2828
f 2837 2839 2838
f 2839 2837 2836
f 2860 2859 2783
f 2786 2857 2856
f 2788 2786 2856
f 2789 2788 2855
f 2843 2833 2799
f 2833 2843 2834
f 2817 2813 2818
f 2817 2814 2813
f 2816 2817 2818
f 2814 2817 2816
f 2806 2805 2828
f 2833 2800 2799
f 2800 2833 2831
f 2830 2800 2831
f 2800 2830 2801
f 2829 2804 2803
f 2804 2829 2805
f 2782 2781 2783
f 2781 2860 2783
f 2858 2784 2859
f 2859 2784 2783
f 2787 2786 2788
f 2789 2854 2790
f 2854 2789 2855
f 2833 2832 2831
f 2839 2841 2840
f 2841 2839 2836
f 2826 2808 2807
f 2812 2821 2820
f 2811 2821 2812
f 2821 2811 2822
f 2827 2806 2828
f 2806 2827 2807
f 2827 2826 2807
f 2802 2829 2803
f 2802 2830 2829
f 2830 2802 2801
f 2785 2784 2858
f 2785 2858 2857
f 2786 2785 2857
f 2854 2853 2790
f 2792 2791 2852
f 2791 2853 2852
f 2853 2791 2790
f 2850 2849 2794
f 2795 2849 2848
f 2849 2795 2794
f 2793 2850 2794
f 2851 2792 2852
f 2851 2793 2792
f 2793 2851 2850
f 2842 2835 2834
f 2843 2842 2834
f 2835 2842 2836
f 2842 2841 2836
f 2825 2808 2826
f 2808 2825 2809
f 2809 2825 2824
f 2811 2810 2822
f 2810 2823 2822
f 2810 2809 2824
f 2823 2810 2824
f 2861 2780 2779
f 2844 2798 2845
f 2798 2844 2843
f 2798 2843 2799
f 2796 2795 2848
f 2846 2798 2797
f 2798 2846 2845
f 2796 2847 2797
f 2847 2846 2797
f 2847 2796 2848
f 2789 2793 2788
f 2793 2789 2790
f 2793 2791 2792
f 2842 2844 2841
f 2844 2842 2843
f 2804 2810 2803
f 2810 2806 2807
f 2806 2810 2805
f 2780 2782 2779
f 2780 2861 2860
f 2781 2780 2860
f 2796 2800 2801
f 2800 2796 2799
f 2796 2798 2799
f 2798 2796 2797
f 2896 2901 2902
f 2938 2939 2871
f 2902 2903 2895
f 2896 2902 2895
f 2897 2898 2899
f 2896 2898 2897
f 2888 2911 2912
f 2920 2921 2922
f 2922 2919 2920
f 2943 2866 2942
f 2869 2939 2940
f 2871 2939 2869
f 2872 2938 2871
f 2926 2882 2916
f 2916 2917 2926
f 2900 2901 2896
f 2900 2896 2897
f 2899 2901 2900
f 2897 2899 2900
f 2889 2911 2888
f 2916 2882 2883
f 2883 2914 2916
f 2913 2914 2883
f 2883 2884 2913
f 2912 2886 2887
f 2887 2888 2912
f 2865 2866 2864
f 2864 2866 2943
f 2941 2942 2867
f 2942 2866 2867
f 2870 2871 2869
f 2872 2873 2937
f 2937 2938 2872
f 2916 2914 2915
f 2922 2923 2924
f 2924 2919 2922
f 2909 2890 2891
f 2895 2903 2904
f 2894 2895 2904
f 2904 2905 2894
f 2910 2911 2889
f 2889 2890 2910
f 2910 2890 2909
f 2885 2886 2912
f 2885 2912 2913
f 2913 2884 2885
f 2868 2941 2867
f 2868 2940 2941
f 2869 2940 2868
f 2937 2873 2936
f 2875 2935 2874
f 2874 2935 2936
f 2936 2873 2874
f 2933 2877 2932
f 2878 2931 2932
f 2932 2877 2878
f 2876 2877 2933
f 2934 2935 2875
f 2934 2875 2876
f 2876 2933 2934
f 2925 2917 2918
f 2926 2917 2925
f 2918 2919 2925
f 2925 2919 2924
f 2908 2909 2891
f 2891 2892 2908
f 2892 2907 2908
f 2894 2905 2893
f 2893 2905 2906
f 2893 2907 2892
f 2906 2907 2893
f 2944 2862 2863
f 2927 2928 2881
f 2881 2926 2927
f 2881 2882 2926
f 2879 2931 2878
f 2929 2880 2881
f 2881 2928 2929
f 2879 2880 2930
f 2930 2880 2929
f 2930 2931 2879
f 2872 2871 2876
f 2876 2873 2872
f 2876 2875 2874
f 2925 2924 2927
f 2927 2926 2925
f 2887 2886 2893
f 2893 2890 2889
f 2889 2888 2893
f 2863 2862 2865
f 2863 2943 2944
f 2864 2943 2863
f 2879 2884 2883
f 2883 2882 2879
f 2879 2882 2881
f 2881 2880 2879
f 2779 2780 2863
f 2779 2863 2862
f 2780 2781 2864
f 2780 2864 2863
f 2781 2782 2865
f 2781 2865 2864
f 2782 2783 2866
f 2782 2866 2865
f 2783 2784 2867
f 2783 2867 2866
f 2784 2785 2868
f 2784 2868 2867
f 2785 2786 2869
f 2785 2869 2868
f 2786 2787 2870
f 2786 2870 2869
f 2787 2788 2871
f 2787 2871 2870
f 2788 2789 2872
f 2788 2872 2871
f 2789 2790 2873
f 2789 2873 2872
f 2790 2791 2874
f 2790 2874 2873
f 2791 2792 2875
f 2791 2875 2874
f 2792 2793 2876
f 2792 2876 2875
f 2793 2794 2877
f 2793 2877 2876
f 2794 2795 2878
f 2794 2878 2877
f 2795 2796 2879
f 2795 2879 2878
f 2796 2797 2880
f 2796 2880 2879
f 2797 2798 2881
f 2797 2881 2880
f 2798 2799 2882
f 2798 2882 2881
f 2799 2800 2883
f 2799 2883 2882
f 2800 2801 2884
f 2800 2884 2883
f 2801 2802 2885
f 2801 2885 2884
f 2802 2803 2886
f 2802 2886 2885
f 2803 2804 2887
f 2803 2887 2886
f 2804 2805 2888
f 2804 2888 2887
f 2805 2806 2889
f 2805 2889 2888
f 2806 2807 2890
f 2806 2890 2889
f 2807 2808 2891
f 2807 2891 2890
f 2808 2809 2892
f 2808 2892 2891
f 2809 2810 2893
f 2809 2893 2892
f 2810 2811 2894
f 2810 2894 2893
f 2811 2812 2895
f 2811 2895 2894
f 2812 2813 2896
f 2812 2896 2895
f 2813 2814 2897
f 2813 2897 2896
f 2814 2815 2898
f 2814 2898 2897
f 2815 2816 2899
f 2815 2899 2898
f 2816 2817 2900
f 2816 2900 2899
f 2817 2818 2901
f 2817 2901 2900
f 2818 2819 2902
f 2818 2902 2901
f 2819 2820 2903
f 2819 2903 2902
f 2820 2821 2904
f 2820 2904 2903
f 2821 2822 2905
f 2821 2905 2904
f 2822 2823 2906
f 2822 2906 2905
f 2823 2824 2907
f 2823 2907 2906
f 2824 2825 2908
f 2824 2908 2907
f 2825 2826 2909
f 2825 2909 2908
f 2826 2827 2910
f 2826 2910 2909
f 2827 2828 2911
f 2827 2911 2910
f 2828 2829 2912
f 2828 2912 2911
f 2829 2830 2913
f 2829 2913 2912
f 2830 2831 2914
f 2830 2914 2913
f 2831 2832 2915
f 2831 2915 2914
f 2832 2833 2916
f 2832 2916 2915
f 2833 2834 2917
f 2833 2917 2916
f 2834 2835 2918
f 2834 2918 2917
f 2835 2836 2919
f 2835 2919 2918
f 2836 2837 2920
f 2836 2920 2919
f 2837 2838 2921
f 2837 2921 2920
f 2838 2839 2922
f 2838 2922 2921
f 2839 2840 2923
f 2839 2923 2922
f 2840 2841 2924
f 2840 2924 2923
f 2841 2842 2925
f 2841 2925 2924
f 2842 2843 2926
f 2842 2926 2925
f 2843 2844 2927
f 2843 2927 2926
f 2844 2845 2928
f 2844 2928 2927
f 2845 2846 2929
f 2845 2929 2928
f 2846 2847 2930
f 2846 2930 2929
f 2847 2848 2931
f 2847 2931 2930
f 2848 2849 2932
f 2848 2932 2931
f 2849 2850 2933
f 2849 2933 2932
f 2850 2851 2934
f 2850 2934 2933
f 2851 2852 2935
f 2851 2935 2934
f 2852 2853 2936
f 2852 2936 2935
f 2853 2854 2937
f 2853 2937 2936
f 2854 2855 2938
f 2854 2938 2937
f 2855 2856 2939
f 2855 2939 2938
f 2856 2857 2940
f 2856 2940 2939
f 2857 2858 2941
f 2857 2941 2940
f 2858 2859 2942
f 2858 2942 2941
f 2859 2860 2943
f 2859 2943 2942
f 2860 2861 2944
f 2860 2944 2943
f 2861 2779 2862
f 2861 2862 2944
f 3114 3011 3228
f 3051 3035 3030
f 3035 3031 3030
f 3082 3076 3083
f 3078 3080 3079
f 3078 3081 3080
f 3076 3075 3083
f 3089 3070 3069
f 3085 3084 3074
f 3084 3075 3074
f 3075 3084 3083
f 3073 3085 3074
f 3086 3072 3087
f 3086 3073 3072
f 3073 3086 3085
f 3088 3070 3089
f 3090 3089 3069
f 3036 3049 3037
f 3052 3051 3030
f 3034 3031 3035
f 3031 3034 3032
f 3032 3034 3033
f 3078 3077 3081
f 3077 3082 3081
f 3082 3077 3076
f 3157 3156 3155
f 3160 3151 3161
f 3072 3071 3087
f 3071 3088 3087
f 3088 3071 3070
f 3022 3021 3105
f 3024 3103 3102
f 3103 3024 3023
f 3110 3016 3111
f 3111 3015 3112
f 3016 3015 3111
f 3021 3106 3105
f 3068 3090 3069
f 3090 3068 3091
f 3011 3010 3228
f 3235 3004 3003
f 3128 3205 3129
f 3221 3220 3122
f 3117 3225 3118
f 3225 3116 3115
f 3116 3225 3117
f 3205 3204 3129
f 3132 3131 3199
f 3255 3254 2977
f 3248 2984 2983
f 3165 3177 3166
f 3177 3165 3178
f 3174 3168 3175
f 3170 3172 3171
f 3168 3167 3175
f 3039 3038 3047
f 3050 3049 3036
f 3050 3036 3035
f 3050 3035 3051
f 3063 3055 3064
f 3052 3067 3066
f 3068 3067 3091
f 3053 3052 3066
f 3165 3164 3178
f 3198 3197 3133
f 3198 3132 3199
f 3198 3133 3132
f 3197 3134 3133
f 3134 3196 3135
f 3196 3134 3197
f 3141 3190 3142
f 3190 3141 3191
f 3162 3180 3163
f 3104 3022 3105
f 3022 3104 3023
f 3104 3103 3023
f 3095 3024 3102
f 3093 3026 3094
f 3014 3113 3112
f 3015 3014 3112
f 3108 3018 3109
f 3229 3010 3009
f 3010 3229 3228
f 3231 3008 3007
f 3244 3243 2988
f 2987 3244 2988
f 3244 2987 3245
f 3237 3002 2995
f 3207 3127 3126
f 3125 3124 3209
f 3121 3120 3222
f 3221 3121 3222
f 3121 3221 3122
f 3226 3225 3115
f 3226 3115 3114
f 3227 3114 3228
f 3227 3226 3114
f 3225 3224 3118
f 3131 3200 3199
f 3200 3131 3203
f 3131 3130 3203
f 3204 3130 3129
f 3130 3204 3203
f 3217 3216 3123
f 3220 3219 3122
f 3214 3213 3123
f 3213 3212 3123
f 3212 3211 3123
f 3255 3265 3264
f 3265 3255 2977
f 2980 2979 3252
f 3256 3255 3264
f 3251 2981 2980
f 3251 2980 3252
f 3247 3246 2985
f 2984 3247 2985
f 3247 2984 3248
f 3246 2986 2985
f 2987 2986 3245
f 2986 3246 3245
f 3177 3176 3166
f 3176 3167 3166
f 3167 3176 3175
f 3170 3173 3172
f 3046 3039 3047
f 3042 3044 3043
f 3041 3044 3042
f 3044 3041 3045
f 3038 3048 3047
f 3048 3038 3037
f 3049 3048 3037
f 3061 3057 3062
f 3057 3056 3062
f 3056 3063 3062
f 3063 3056 3055
f 3065 3053 3066
f 3055 3054 3064
f 3054 3065 3064
f 3065 3054 3053
f 3137 3195 3194
f 3196 3195 3135
f 3138 3137 3194
f 3193 3138 3194
f 3138 3193 3139
f 3190 3189 3142
f 3193 3192 3139
f 3186 3146 3145
f 3184 3183 3148
f 3187 3186 3145
f 3187 3144 3188
f 3144 3187 3145
f 3183 3149 3148
f 3189 3143 3142
f 3144 3143 3188
f 3143 3189 3188
f 3153 3159 3158
f 3181 3162 3161
f 3181 3180 3162
f 3151 3181 3161
f 3180 3179 3163
f 3179 3164 3163
f 3164 3179 3178
f 3026 3025 3094
f 3025 3095 3094
f 3095 3025 3024
f 3092 3027 3093
f 3027 3026 3093
f 3113 3013 3114
f 3014 3013 3113
f 3019 3108 3107
f 3019 3018 3108
f 3018 3017 3109
f 3017 3110 3109
f 3110 3017 3016
f 3230 3229 3009
f 3008 3230 3009
f 3230 3008 3231
f 3233 3006 3005
f 3232 3231 3007
f 3006 3232 3007
f 3232 3006 3233
f 3234 3233 3005
f 3004 3234 3005
f 3234 3004 3235
f 3002 2996 2995
f 2997 3000 2998
f 2998 3000 2999
f 3243 2989 2988
f 2992 2991 3240
f 2989 3242 2990
f 3242 2989 3243
f 3002 3236 3003
f 3237 3236 3002
f 3236 3235 3003
f 2994 2993 3238
f 2994 3237 2995
f 3237 2994 3238
f 3239 2993 2992
f 3239 2992 3240
f 2993 3239 3238
f 3224 3119 3118
f 3206 3127 3207
f 3128 3206 3205
f 3127 3206 3128
f 3208 3207 3126
f 3125 3208 3126
f 3208 3125 3209
f 3202 3201 3203
f 3201 3200 3203
f 3218 3123 3122
f 3219 3218 3122
f 3218 3217 3123
f 3211 3210 3123
f 3124 3210 3209
f 3210 3124 3123
f 2969 3272 2970
f 2970 3272 3271
f 3265 2976 3266
f 2976 3265 2977
f 3270 3269 2972
f 2971 3270 2972
f 3270 2971 3271
f 2971 2970 3271
f 3267 2974 3268
f 2974 2973 3268
f 2973 3269 3268
f 3269 2973 2972
f 3254 2978 2977
f 2979 3253 3252
f 2978 3253 2979
f 3253 2978 3254
f 3263 3262 3257
f 3263 3256 3264
f 3256 3263 3257
f 3262 3258 3257
f 3251 3250 2981
f 3169 3173 3170
f 3174 3169 3168
f 3173 3169 3174
f 3046 3040 3039
f 3040 3046 3045
f 3041 3040 3045
f 3058 3061 3060
f 3061 3058 3057
f 3058 3060 3059
f 3195 3136 3135
f 3136 3195 3137
f 3192 3140 3139
f 3141 3140 3191
f 3140 3192 3191
f 3147 3184 3148
f 3150 3181 3151
f 3153 3152 3159
f 3159 3152 3160
f 3152 3151 3160
f 3154 3157 3155
f 3157 3154 3158
f 3154 3153 3158
f 3028 3092 3091
f 3028 3027 3092
f 3114 3012 3011
f 3013 3012 3114
f 3020 3106 3021
f 3106 3020 3107
f 3020 3019 3107
f 2996 3001 2997
f 3001 2996 3002
f 3001 3000 2997
f 3241 2991 2990
f 3242 3241 2990
f 2991 3241 3240
f 3215 3214 3123
f 3216 3215 3123
f 3120 3223 3222
f 3119 3223 3120
f 3223 3119 3224
f 2966 3272 2969
f 2968 2966 2969
f 2966 2968 2967
f 2976 2975 3266
f 2975 3267 3266
f 3267 2975 2974
f 3261 3258 3262
f 3250 2982 2981
f 3249 3248 2983
f 2982 3249 2983
f 3249 2982 3250
f 3096 3101 3100
f 3101 3095 3102
f 3101 3096 3095
f 3185 3146 3186
f 3185 3147 3146
f 3147 3185 3184
f 3150 3182 3181
f 3182 3149 3183
f 3182 3150 3149
f 3097 3096 3100
f 3099 3097 3100
f 3097 3099 3098
f 3029 3052 3030
f 3029 3067 3052
f 3067 3029 3091
f 3029 3028 3091
f 3259 3261 3260
f 3261 3259 3258
f 3292 2946 2945
f 3273 2964 3274
f 2964 3273 2965
f 3283 2954 3284
f 2954 3283 2955
f 3284 2954 3285
f 2954 2953 3285
f 2956 3283 3282
f 3283 2956 2955
f 3040 3036 3037
f 3040 3042 3033
f 3038 3040 3037
f 3036 3040 3035
f 3040 3034 3035
f 2949 3288 2950
f 3288 2949 3289
f 2951 3288 3287
f 3288 2951 2950
f 2956 3281 2957
f 3281 2956 3282
f 2958 3281 3280
f 3281 2958 2957
f 3273 2966 2965
f 3272 2966 3273
f 3277 2961 2960
f 3277 2960 3278
f 2961 3277 2962
f 3277 3276 2962
f 2964 3275 3274
f 2963 3275 2964
f 3275 2963 2962
f 3276 3275 2962
f 2982 2994 2995
f 2982 2991 2992
f 2975 2982 2974
f 2982 2987 2988
f 2989 2982 2988
f 2982 2969 2970
f 2982 2986 2987
f 2991 2982 2990
f 2982 2978 2979
f 2982 2975 2976
f 3004 3029 3003
f 3031 3029 3030
f 3025 3029 3024
f 3029 3031 3032
f 3000 3029 2999
f 3029 3001 3002
f 3029 3015 3016
f 3029 3004 3005
f 3029 3025 3026
f 3027 3029 3026
f 3006 3029 3005
f 3028 3029 3027
f 3001 3029 3000
f 3290 2949 2948
f 2949 3290 3289
f 3260 3292 2945
f 3292 3284 3285
f 3292 3263 3264
f 3292 3267 3268
f 3290 3292 3289
f 3292 3277 3278
f 3292 3265 3266
f 3275 3292 3274
f 3279 3292 3278
f 3292 3272 3273
f 3292 3269 3270
f 3267 3292 3266
f 3263 3292 3262
f 3261 3292 3260
f 3277 3292 3276
f 3292 3275 3276
f 3292 3261 3262
f 3292 3286 3287
f 3290 2947 3291
f 2947 3290 2948
f 2947 3292 3291
f 3292 2947 2946
f 2953 2952 3285
f 2952 3286 3285
f 2952 2951 3287
f 3286 2952 3287
f 2959 2964 2965
f 2959 2954 2955
f 2959 2967 2945
f 2956 2959 2955
f 2959 2952 2953
f 2959 2949 2950
f 2951 2959 2950
f 2963 2959 2962
f 2959 2956 2957
f 2959 2961 2962
f 2958 2959 2957
f 2959 2966 2967
f 2947 2959 2946
f 2952 2959 2951
f 2960 2959 3278
f 2959 3279 3278
f 2959 2958 3280
f 3279 2959 3280
f 3462 3576 3359
f 3399 3378 3383
f 3383 3378 3379
f 3430 3431 3424
f 3426 3427 3428
f 3426 3428 3429
f 3424 3431 3423
f 3437 3417 3418
f 3433 3422 3432
f 3432 3422 3423
f 3423 3431 3432
f 3421 3422 3433
f 3434 3435 3420
f 3434 3420 3421
f 3421 3433 3434
f 3436 3437 3418
f 3438 3417 3437
f 3384 3385 3397
f 3400 3378 3399
f 3382 3383 3379
f 3379 3380 3382
f 3380 3381 3382
f 3426 3429 3425
f 3425 3429 3430
f 3430 3424 3425
f 3505 3503 3504
f 3508 3509 3499
f 3420 3435 3419
f 3419 3435 3436
f 3436 3418 3419
f 3370 3453 3369
f 3372 3450 3451
f 3451 3371 3372
f 3458 3459 3364
f 3459 3460 3363
f 3364 3459 3363
f 3369 3453 3454
f 3416 3417 3438
f 3438 3439 3416
f 3359 3576 3358
f 3583 3351 3352
f 3476 3477 3553
f 3569 3470 3568
f 3465 3466 3573
f 3573 3463 3464
f 3464 3465 3573
f 3553 3477 3552
f 3480 3547 3479
f 3603 3325 3602
f 3596 3331 3332
f 3513 3514 3525
f 3525 3526 3513
f 3522 3523 3516
f 3518 3519 3520
f 3516 3523 3515
f 3387 3395 3386
f 3398 3384 3397
f 3398 3383 3384
f 3398 3399 3383
f 3411 3412 3403
f 3400 3414 3415
f 3416 3439 3415
f 3401 3414 3400
f 3513 3526 3512
f 3546 3481 3545
f 3546 3547 3480
f 3546 3480 3481
f 3545 3481 3482
f 3482 3483 3544
f 3544 3545 3482
f 3489 3490 3538
f 3538 3539 3489
f 3510 3511 3528
f 3452 3453 3370
f 3370 3371 3452
f 3452 3371 3451
f 3443 3450 3372
f 3441 3442 3374
f 3362 3460 3461
f 3363 3460 3362
f 3456 3457 3366
f 3577 3357 3358
f 3358 3576 3577
f 3579 3355 3356
f 3592 3336 3591
f 3335 3336 3592
f 3592 3593 3335
f 3585 3343 3350
f 3555 3474 3475
f 3473 3557 3472
f 3469 3570 3468
f 3569 3570 3469
f 3469 3470 3569
f 3574 3463 3573
f 3574 3462 3463
f 3575 3576 3462
f 3575 3462 3574
f 3573 3466 3572
f 3479 3547 3548
f 3548 3551 3479
f 3479 3551 3478
f 3552 3477 3478
f 3478 3551 3552
f 3565 3471 3564
f 3568 3470 3567
f 3562 3471 3561
f 3561 3471 3560
f 3560 3471 3559
f 3603 3612 3613
f 3613 3325 3603
f 3328 3600 3327
f 3604 3612 3603
f 3599 3328 3329
f 3599 3600 3328
f 3595 3333 3594
f 3332 3333 3595
f 3595 3596 3332
f 3594 3333 3334
f 3335 3593 3334
f 3334 3593 3594
f 3525 3514 3524
f 3524 3514 3515
f 3515 3523 3524
f 3518 3520 3521
f 3394 3395 3387
f 3390 3391 3392
f 3389 3390 3392
f 3392 3393 3389
f 3386 3395 3396
f 3396 3385 3386
f 3397 3385 3396
f 3409 3410 3405
f 3405 3410 3404
f 3404 3410 3411
f 3411 3403 3404
f 3413 3414 3401
f 3403 3412 3402
f 3402 3412 3413
f 3413 3401 3402
f 3485 3542 3543
f 3544 3483 3543
f 3486 3542 3485
f 3541 3542 3486
f 3486 3487 3541
f 3538 3490 3537
f 3541 3487 3540
f 3534 3493 3494
f 3532 3496 3531
f 3535 3493 3534
f 3535 3536 3492
f 3492 3493 3535
f 3531 3496 3497
f 3537 3490 3491
f 3492 3536 3491
f 3491 3536 3537
f 3501 3506 3507
f 3529 3509 3510
f 3529 3510 3528
f 3499 3509 3529
f 3528 3511 3527
f 3527 3511 3512
f 3512 3526 3527
f 3374 3442 3373
f 3373 3442 3443
f 3443 3372 3373
f 3440 3441 3375
f 3375 3441 3374
f 3461 3462 3361
f 3362 3461 3361
f 3367 3455 3456
f 3367 3456 3366
f 3366 3457 3365
f 3365 3457 3458
f 3458 3364 3365
f 3578 3357 3577
f 3356 3357 3578
f 3578 3579 3356
f 3581 3353 3354
f 3580 3355 3579
f 3354 3355 3580
f 3580 3581 3354
f 3582 3353 3581
f 3352 3353 3582
f 3582 3583 3352
f 3350 3343 3344
f 3345 3346 3348
f 3346 3347 3348
f 3591 3336 3337
f 3340 3588 3339
f 3337 3338 3590
f 3590 3591 3337
f 3350 3351 3584
f 3585 3350 3584
f 3584 3351 3583
f 3342 3586 3341
f 3342 3343 3585
f 3585 3586 3342
f 3587 3340 3341
f 3587 3588 3340
f 3341 3586 3587
f 3572 3466 3467
f 3554 3555 3475
f 3476 3553 3554
f 3475 3476 3554
f 3556 3474 3555
f 3473 3474 3556
f 3556 3557 3473
f 3550 3551 3549
f 3549 3551 3548
f 3566 3470 3471
f 3567 3470 3566
f 3566 3471 3565
f 3559 3471 3558
f 3472 3557 3558
f 3558 3471 3472
f 3317 3318 3620
f 3318 3619 3620
f 3613 3614 3324
f 3324 3325 3613
f 3618 3320 3617
f 3319 3320 3618
f 3618 3619 3319
f 3319 3619 3318
f 3615 3616 3322
f 3322 3616 3321
f 3321 3616 3617
f 3617 3320 3321
f 3602 3325 3326
f 3327 3600 3601
f 3326 3327 3601
f 3601 3602 3326
f 3611 3605 3610
f 3611 3612 3604
f 3604 3605 3611
f 3610 3605 3606
f 3599 3329 3598
f 3517 3518 3521
f 3522 3516 3517
f 3521 3522 3517
f 3394 3387 3388
f 3388 3393 3394
f 3389 3393 3388
f 3406 3408 3409
f 3409 3405 3406
f 3406 3407 3408
f 3543 3483 3484
f 3484 3485 3543
f 3540 3487 3488
f 3489 3539 3488
f 3488 3539 3540
f 3495 3496 3532
f 3498 3499 3529
f 3501 3507 3500
f 3507 3508 3500
f 3500 3508 3499
f 3502 3503 3505
f 3505 3506 3502
f 3502 3506 3501
f 3376 3439 3440
f 3376 3440 3375
f 3462 3359 3360
f 3361 3462 3360
f 3368 3369 3454
f 3454 3455 3368
f 3368 3455 3367
f 3344 3345 3349
f 3349 3350 3344
f 3349 3345 3348
f 3589 3338 3339
f 3590 3338 3589
f 3339 3588 3589
f 3563 3471 3562
f 3564 3471 3563
f 3468 3570 3571
f 3467 3468 3571
f 3571 3572 3467
f 3314 3317 3620
f 3316 3317 3314
f 3314 3315 3316
f 3324 3614 3323
f 3323 3614 3615
f 3615 3322 3323
f 3609 3610 3606
f 3598 3329 3330
f 3597 3331 3596
f 3330 3331 3597
f 3597 3598 3330
f 3444 3448 3449
f 3449 3450 3443
f 3449 3443 3444
f 3533 3534 3494
f 3533 3494 3495
f 3495 3532 3533
f 3498 3529 3530
f 3530 3531 3497
f 3530 3497 3498
f 3445 3448 3444
f 3447 3448 3445
f 3445 3446 3447
f 3377 3378 3400
f 3377 3400 3415
f 3415 3439 3377
f 3377 3439 3376
f 3607 3608 3609
f 3609 3606 3607
f 3640 3293 3294
f 3621 3622 3312
f 3312 3313 3621
f 3631 3632 3302
f 3302 3303 3631
f 3632 3633 3302
f 3302 3633 3301
f 3304 3630 3631
f 3631 3303 3304
f 3388 3385 3384
f 3388 3381 3390
f 3386 3385 3388
f 3384 3383 3388
f 3388 3383 3382
f 3297 3298 3636
f 3636 3637 3297
f 3299 3635 3636
f 3636 3298 3299
f 3304 3305 3629
f 3629 3630 3304
f 3306 3628 3629
f 3629 3305 3306
f 3621 3313 3314
f 3620 3621 3314
f 3625 3308 3309
f 3625 3626 3308
f 3309 3310 3625
f 3625 3310 3624
f 3312 3622 3623
f 3311 3312 3623
f 3623 3310 3311
f 3624 3310 3623
f 3330 3343 3342
f 3330 3340 3339
f 3323 3322 3330
f 3330 3336 3335
f 3337 3336 3330
f 3330 3318 3317
f 3330 3335 3334
f 3339 3338 3330
f 3330 3327 3326
f 3330 3324 3323
f 3352 3351 3377
f 3379 3378 3377
f 3373 3372 3377
f 3377 3380 3379
f 3348 3347 3377
f 3377 3350 3349
f 3377 3364 3363
f 3377 3353 3352
f 3377 3374 3373
f 3375 3374 3377
f 3354 3353 3377
f 3376 3375 3377
f 3349 3348 3377
f 3638 3296 3297
f 3297 3637 3638
f 3608 3293 3640
f 3640 3633 3632
f 3640 3612 3611
f 3640 3616 3615
f 3638 3637 3640
f 3640 3626 3625
f 3640 3614 3613
f 3623 3622 3640
f 3627 3626 3640
f 3640 3621 3620
f 3640 3618 3617
f 3615 3614 3640
f 3611 3610 3640
f 3609 3608 3640
f 3625 3624 3640
f 3640 3624 3623
f 3640 3610 3609
f 3640 3635 3634
f 3638 3639 3295
f 3295 3296 3638
f 3295 3639 3640
f 3640 3294 3295
f 3301 3633 3300
f 3300 3633 3634
f 3300 3635 3299
f 3634 3635 3300
f 3307 3313 3312
f 3307 3303 3302
f 3307 3293 3315
f 3304 3303 3307
f 3307 3301 3300
f 3307 3298 3297
f 3299 3298 3307
f 3311 3310 3307
f 3307 3305 3304
f 3307 3310 3309
f 3306 3305 3307
f 3307 3315 3314
f 3295 3294 3307
f 3300 3299 3307
f 3308 3626 3307
f 3307 3626 3627
f 3307 3628 3306
f 3627 3628 3307
f 2945 2946 3294
f 2945 3294 3293
f 2946 2947 3295
f 2946 3295 3294
f 2947 2948 3296
f 2947 3296 3295
f 2948 2949 3297
f 2948 3297 3296
f 2949 2950 3298
f 2949 3298 3297
f 2950 2951 3299
f 2950 3299 3298
f 2951 2952 3300
f 2951 3300 3299
f 2952 2953 3301
f 2952 3301 3300
f 2953 2954 3302
f 2953 3302 3301
f 2954 2955 3303
f 2954 3303 3302
f 2955 2956 3304
f 2955 3304 3303
f 2956 2957 3305
f 2956 3305 3304
f 2957 2958 3306
f 2957 3306 3305
f 2958 2959 3307
f 2958 3307 3306
f 2959 2960 3308
f 2959 3308 3307
f 2960 2961 3309
f 2960 3309 3308
f 2961 2962 3310
f 2961 3310 3309
f 2962 2963 3311
f 2962 3311 3310
f 2963 2964 3312
f 2963 3312 3311
f 2964 2965 3313
f 2964 3313 3312
f 2965 2966 3314
f 2965 3314 3313
f 2966 2967 3315
f 2966 3315 3314
f 2967 2968 3316
f 2967 3316 3315
f 2968 2969 3317
f 2968 3317 3316
f 2969 2970 3318
f 2969 3318 3317
f 2970 2971 3319
f 2970 3319 3318
f 2971 2972 3320
f 2971 3320 3319
f 2972 2973 3321
f 2972 3321 3320
f 2973 2974 3322
f 2973 3322 3321
f 2974 2975 3323
f 2974 3323 3322
f 2975 2976 3324
f 2975 3324 3323
f 2976 2977 3325
f 2976 3325 3324
f 2977 2978 3326
f 2977 3326 3325
f 2978 2979 3327
f 2978 3327 3326
f 2979 2980 3328
f 2979 3328 3327
f 2980 2981 3329
f 2980 3329 3328
f 2981 2982 3330
f 2981 3330 3329
f 2982 2983 3331
f 2982 3331 3330
f 2983 2984 3332
f 2983 3332 3331
f 2984 2985 3333
f 2984 3333 3332
f 2985 2986 3334
f 2985 3334 3333
f 2986 2987 3335
f 2986 3335 3334
f 2987 2988 3336
f 2987 3336 3335
f 2988 2989 3337
f 2988 3337 3336
f 2989 2990 3338
f 2989 3338 3337
f 2990 2991 3339
f 2990 3339 3338
f 2991 2992 3340
f 2991 3340 3339
f 2992 2993 3341
f 2992 3341 3340
f 2993 2994 3342
f 2993 3342 3341
f 2994 2995 3343
f 2994 3343 3342
f 2995 2996 3344
f 2995 3344 3343
f 2996 2997 3345
f 2996 3345 3344
f 2997 2998 3346
f 2997 3346 3345
f 2998 2999 3347
f 2998 3347 3346
f 2999 3000 3348
f 2999 3348 3347
f 3000 3001 3349
f 3000 3349 3348
f 3001 3002 3350
f 3001 3350 3349
f 3002 3003 3351
f 3002 3351 3350
f 3003 3004 3352
f 3003 3352 3351
f 3004 3005 3353
f 3004 3353 3352
f 3005 3006 3354
f 3005 3354 3353
f 3006 3007 3355
f 3006 3355 3354
f 3007 3008 3356
f 3007 3356 3355
f 3008 3009 3357
f 3008 3357 3356
f 3009 3010 3358
f 3009 3358 3357
f 3010 3011 3359
f 3010 3359 3358
f 3011 3012 3360
f 3011 3360 3359
f 3012 3013 3361
f 3012 3361 3360
f 3013 3014 3362
f 3013 3362 3361
f 3014 3015 3363
f 3014 3363 3362
f 3015 3016 3364
f 3015 3364 3363
f 3016 3017 3365
f 3016 3365 3364
f 3017 3018 3366
f 3017 3366 3365
f 3018 3019 3367
f 3018 3367 3366
f 3019 3020 3368
f 3019 3368 3367
f 3020 3021 3369
f 3020 3369 3368
f 3021 3022 3370
f 3021 3370 3369
f 3022 3023 3371
f 3022 3371 3370
f 3023 3024 3372
f 3023 3372 3371
f 3024 3025 3373
f 3024 3373 3372
f 3025 3026 3374
f 3025 3374 3373
f 3026 3027 3375
f 3026 3375 3374
f 3027 3028 3376
f 3027 3376 3375
f 3028 3029 3377
f 3028 3377 3376
f 3029 3030 3378
f 3029 3378 3377
f 3030 3031 3379
f 3030 3379 3378
f 3031 3032 3380
f 3031 3380 3379
f 3032 3033 3381
f 3032 3381 3380
f 3033 3034 3382
f 3033 3382 3381
f 3034 3035 3383
f 3034 3383 3382
f 3035 3036 3384
f 3035 3384 3383
f 3036 3037 3385
f 3036 3385 3384
f 3037 3038 3386
f 3037 3386 3385
f 3038 3039 3387
f 3038 3387 3386
f 3039 3040 3388
f 3039 3388 3387
f 3040 3041 3389
f 3040 3389 3388
f 3041 3042 3390
f 3041 3390 3389
f 3042 3043 3391
f 3042 3391 3390
f 3043 3044 3392
f 3043 3392 3391
f 3044 3045 3393
f 3044 3393 3392
f 3045 3046 3394
f 3045 3394 3393
f 3046 3047 3395
f 3046 3395 3394
f 3047 3048 3396
f 3047 3396 3395
f 3048 3049 3397
f 3048 3397 3396
f 3049 3050 3398
f 3049 3398 3397
f 3050 3051 3399
f 3050 3399 3398
f 3051 3052 3400
f 3051 3400 3399
f 3052 3053 3401
f 3052 3401 3400
f 3053 3054 3402
f 3053 3402 3401
f 3054 3055 3403
f 3054 3403 3402
f 3055 3056 3404
f 3055 3404 3403
f 3056 3057 3405
f 3056 3405 3404
f 3057 3058 3406
f 3057 3406 3405
f 3058 3059 3407
f 3058 3407 3406
f 3059 3060 3408
f 3059 3408 3407
f 3060 3061 3409
f 3060 3409 3408
f 3061 3062 3410
f 3061 3410 3409
f 3062 3063 3411
f 3062 3411 3410
f 3063 3064 3412
f 3063 3412 3411
f 3064 3065 3413
f 3064 3413 3412
f 3065 3066 3414
f 3065 3414 3413
f 3066 3067 3415
f 3066 3415 3414
f 3067 3068 3416
f 3067 3416 3415
f 3068 3069 3417
f 3068 3417 3416
f 3069 3070 3418
f 3069 3418 3417
f 3070 3071 3419
f 3070 3419 3418
f 3071 3072 3420
f 3071 3420 3419
f 3072 3073 3421
f 3072 3421 3420
f 3073 3074 3422
f 3073 3422 3421
f 3074 3075 3423
f 3074 3423 3422
f 3075 3076 3424
f 3075 3424 3423
f 3076 3077 3425
f 3076 3425 3424
f 3077 3078 3426
f 3077 3426 3425
f 3078 3079 3427
f 3078 3427 3426
f 3079 3080 3428
f 3079 3428 3427
f 3080 3081 3429
f 3080 3429 3428
f 3081 3082 3430
f 3081 3430 3429
f 3082 3083 3431
f 3082 3431 3430
f 3083 3084 3432
f 3083 3432 3431
f 3084 3085 3433
f 3084 3433 3432
f 3085 3086 3434
f 3085 3434 3433
f 3086 3087 3435
f 3086 3435 3434
f 3087 3088 3436
f 3087 3436 3435
f 3088 3089 3437
f 3088 3437 3436
f 3089 3090 3438
f 3089 3438 3437
f 3090 3091 3439
f 3090 3439 3438
f 3091 3092 3440
f 3091 3440 3439
f 3092 3093 3441
f 3092 3441 3440
f 3093 3094 3442
f 3093 3442 3441
f 3094 3095 3443
f 3094 3443 3442
f 3095 3096 3444
f 3095 3444 3443
f 3096 3097 3445
f 3096 3445 3444
f 3097 3098 3446
f 3097 3446 3445
f 3098 3099 3447
f 3098 3447 3446
f 3099 3100 3448
f 3099 3448 3447
f 3100 3101 3449
f 3100 3449 3448
f 3101 3102 3450
f 3101 3450 3449
f 3102 3103 3451
f 3102 3451 3450
f 3103 3104 3452
f 3103 3452 3451
f 3104 3105 3453
f 3104 3453 3452
f 3105 3106 3454
f 3105 3454 3453
f 3106 3107 3455
f 3106 3455 3454
f 3107 3108 3456
f 3107 3456 3455
f 3108 3109 3457
f 3108 3457 3456
f 3109 3110 3458
f 3109 3458 3457
f 3110 3111 3459
f 3110 3459 3458
f 3111 3112 3460
f 3111 3460 3459
f 3112 3113 3461
f 3112 3461 3460
f 3113 3114 3462
f 3113 3462 3461
f 3114 3115 3463
f 3114 3463 3462
f 3115 3116 3464
f 3115 3464 3463
f 3116 3117 3465
f 3116 3465 3464
f 3117 3118 3466
f 3117 3466 3465
f 3118 3119 3467
f 3118 3467 3466
f 3119 3120 3468
f 3119 3468 3467
f 3120 3121 3469
f 3120 3469 3468
f 3121 3122 3470
f 3121 3470 3469
f 3122 3123 3471
f 3122 3471 3470
f 3123 3124 3472
f 3123 3472 3471
f 3124 3125 3473
f 3124 3473 3472
f 3125 3126 3474
f 3125 3474 3473
f 3126 3127 3475
f 3126 3475 3474
f 3127 3128 3476
f 3127 3476 3475
f 3128 3129 3477
f 3128 3477 3476
f 3129 3130 3478
f 3129 3478 3477
f 3130 3131 3479
f 3130 3479 3478
f 3131 3132 3480
f 3131 3480 3479
f 3132 3133 3481
f 3132 3481 3480
f 3133 3134 3482
f 3133 3482 3481
f 3134 3135 3483
f 3134 3483 3482
f 3135 3136 3484
f 3135 3484 3483
f 3136 3137 3485
f 3136 3485 3484
f 3137 3138 3486
f 3137 3486 3485
f 3138 3139 3487
f 3138 3487 3486
f 3139 3140 3488
f 3139 3488 3487
f 3140 3141 3489
f 3140 3489 3488
f 3141 3142 3490
f 3141 3490 3489
f 3142 3143 3491
f 3142 3491 3490
f 3143 3144 3492
f 3143 3492 3491
f 3144 3145 3493
f 3144 3493 3492
f 3145 3146 3494
f 3145 3494 3493
f 3146 3147 3495
f 3146 3495 3494
f 3147 3148 3496
f 3147 3496 3495
f 3148 3149 3497
f 3148 3497 3496
f 3149 3150 3498
f 3149 3498 3497
f 3150 3151 3499
f 3150 3499 3498
f 3151 3152 3500
f 3151 3500 3499
f 3152 3153 3501
f 3152 3501 3500
f 3153 3154 3502
f 3153 3502 3501
f 3154 3155 3503
f 3154 3503 3502
f 3155 3156 3504
f 3155 3504 3503
f 3156 3157 3505
f 3156 3505 3504
f 3157 3158 3506
f 3157 3506 3505
f 3158 3159 3507
f 3158 3507 3506
f 3159 3160 3508
f 3159 3508 3507
f 3160 3161 3509
f 3160 3509 3508
f 3161 3162 3510
f 3161 3510 3509
f 3162 3163 3511
f 3162 3511 3510
f 3163 3164 3512
f 3163 3512 3511
f 3164 3165 3513
f 3164 3513 3512
f 3165 3166 3514
f 3165 3514 3513
f 3166 3167 3515
f 3166 3515 3514
f 3167 3168 3516
f 3167 3516 3515
f 3168 3169 3517
f 3168 3517 3516
f 3169 3170 3518
f 3169 3518 3517
f 3170 3171 3519
f 3170 3519 3518
f 3171 3172 3520
f 3171 3520 3519
f 3172 3173 3521
f 3172 3521 3520
f 3173 3174 3522
f 3173 3522 3521
f 3174 3175 3523
f 3174 3523 3522
f 3175 3176 3524
f 3175 3524 3523
f 3176 3177 3525
f 3176 3525 3524
f 3177 3178 3526
f 3177 3526 3525
f 3178 3179 3527
f 3178 3527 3526
f 3179 3180 3528
f 3179 3528 3527
f 3180 3181 3529
f 3180 3529 3528
f 3181 3182 3530
f 3181 3530 3529
f 3182 3183 3531
f 3182 3531 3530
f 3183 3184 3532
f 3183 3532 3531
f 3184 3185 3533
f 3184 3533 3532
f 3185 3186 3534
f 3185 3534 3533
f 3186 3187 3535
f 3186 3535 3534
f 3187 3188 3536
f 3187 3536 3535
f 3188 3189 3537
f 3188 3537 3536
f 3189 3190 3538
f 3189 3538 3537
f 3190 3191 3539
f 3190 3539 3538
f 3191 3192 3540
f 3191 3540 3539
f 3192 3193 3541
f 3192 3541 3540
f 3193 3194 3542
f 3193 3542 3541
f 3194 3195 3543
f 3194 3543 3542
f 3195 3196 3544
f 3195 3544 3543
f 3196 3197 3545
f 3196 3545 3544
f 3197 3198 3546
f 3197 3546 3545
f 3198 3199 3547
f 3198 3547 3546
f 3199 3200 3548
f 3199 3548 3547
f 3200 3201 3549
f 3200 3549 3548
f 3201 3202 3550
f 3201 3550 3549
f 3202 3203 3551
f 3202 3551 3550
f 3203 3204 3552
f 3203 3552 3551
f 3204 3205 3553
f 3204 3553 3552
f 3205 3206 3554
f 3205 3554 3553
f 3206 3207 3555
f 3206 3555 3554
f 3207 3208 3556
f 3207 3556 3555
f 3208 3209 3557
f 3208 3557 3556
f 3209 3210 3558
f 3209 3558 3557
f 3210 3211 3559
f 3210 3559 3558
f 3211 3212 3560
f 3211 3560 3559
f 3212 3213 3561
f 3212 3561 3560
f 3213 3214 3562
f 3213 3562 3561
f 3214 3215 3563
f 3214 3563 3562
f 3215 3216 3564
f 3215 3564 3563
f 3216 3217 3565
f 3216 3565 3564
f 3217 3218 3566
f 3217 3566 3565
f 3218 3219 3567
f 3218 3567 3566
f 3219 3220 3568
f 3219 3568 3567
f 3220 3221 3569
f 3220 3569 3568
f 3221 3222 3570
f 3221 3570 3569
f 3222 3223 3571
f 3222 3571 3570
f 3223 3224 3572
f 3223 3572 3571
f 3224 3225 3573
f 3224 3573 3572
f 3225 3226 3574
f 3225 3574 3573
f 3226 3227 3575
f 3226 3575 3574
f 3227 3228 3576
f 3227 3576 3575
f 3228 3229 3577
f 3228 3577 3576
f 3229 3230 3578
f 3229 3578 3577
f 3230 3231 3579
f 3230 3579 3578
f 3231 3232 3580
f 3231 3580 3579
f 3232 3233 3581
f 3232 3581 3580
f 3233 3234 3582
f 3233 3582 3581
f 3234 3235 3583
f 3234 3583 3582
f 3235 3236 3584
f 3235 3584 3583
f 3236 3237 3585
f 3236 3585 3584
f 3237 3238 3586
f 3237 3586 3585
f 3238 3239 3587
f 3238 3587 3586
f 3239 3240 3588
f 3239 3588 3587
f 3240 3241 3589
f 3240 3589 3588
f 3241 3242 3590
f 3241 3590 3589
f 3242 3243 3591
f 3242 3591 3590
f 3243 3244 3592
f 3243 3592 3591
f 3244 3245 3593
f 3244 3593 3592
f 3245 3246 3594
f 3245 3594 3593
f 3246 3247 3595
f 3246 3595 3594
f 3247 3248 3596
f 3247 3596 3595
f 3248 3249 3597
f 3248 3597 3596
f 3249 3250 3598
f 3249 3598 3597
f 3250 3251 3599
f 3250 3599 3598
f 3251 3252 3600
f 3251 3600 3599
f 3252 3253 3601
f 3252 3601 3600
f 3253 3254 3602
f 3253 3602 3601
f 3254 3255 3603
f 3254 3603 3602
f 3255 3256 3604
f 3255 3604 3603
f 3256 3257 3605
f 3256 3605 3604
f 3257 3258 3606
f 3257 3606 3605
f 3258 3259 3607
f 3258 3607 3606
f 3259 3260 3608
f 3259 3608 3607
f 3260 3261 3609
f 3260 3609 3608
f 3261 3262 3610
f 3261 3610 3609
f 3262 3263 3611
f 3262 3611 3610
f 3263 3264 3612
f 3263 3612 3611
f 3264 3265 3613
f 3264 3613 3612
f 3265 3266 3614
f 3265 3614 3613
f 3266 3267 3615
f 3266 3615 3614
f 3267 3268 3616
f 3267 3616 3615
f 3268 3269 3617
f 3268 3617 3616
f 3269 3270 3618
f 3269 3618 3617
f 3270 3271 3619
f 3270 3619 3618
f 3271 3272 3620
f 3271 3620 3619
f 3272 3273 3621
f 3272 3621 3620
f 3273 3274 3622
f 3273 3622 3621
f 3274 3275 3623
f 3274 3623 3622
f 3275 3276 3624
f 3275 3624 3623
f 3276 3277 3625
f 3276 3625 3624
f 3277 3278 3626
f 3277 3626 3625
f 3278 3279 3627
f 3278 3627 3626
f 3279 3280 3628
f 3279 3628 3627
f 3280 3281 3629
f 3280 3629 3628
f 3281 3282 3630
f 3281 3630 3629
f 3282 3283 3631
f 3282 3631 3630
f 3283 3284 3632
f 3283 3632 3631
f 3284 3285 3633
f 3284 3633 3632
f 3285 3286 3634
f 3285 3634 3633
f 3286 3287 3635
f 3286 3635 3634
f 3287 3288 3636
f 3287 3636 3635
f 3288 3289 3637
f 3288 3637 3636
f 3289 3290 3638
f 3289 3638 3637
f 3290 3291 3639
f 3290 3639 3638
f 3291 3292 3640
f 3291 3640 3639
f 3292 2945 3293
f 3292 3293 3640
f 3646 3645 3647
f 3685 3687 3686
f 3645 3644 3647
f 3683 3682 3681
f 3648 3644 3643
f 3644 3648 3647
f 3651 3650 3737
f 3741 3642 3641
f 3690 3715 3714
f 3684 3687 3685
f 3715 3673 3672
f 3673 3715 3690
f 3668 3667 3723
f 3740 3648 3643
f 3648 3740 3739
f 3650 3738 3737
f 3649 3648 3739
f 3738 3649 3739
f 3649 3738 3650
f 3662 3726 3664
f 3736 3651 3737
f 3719 3718 3672
f 3718 3715 3672
f 3722 3668 3723
f 3698 3697 3699
f 3700 3697 3696
f 3697 3700 3699
f 3706 3705 3711
f 3704 3696 3695
f 3705 3704 3695
f 3725 3724 3666
f 3724 3667 3666
f 3667 3724 3723
f 3665 3725 3666
f 3725 3665 3726
f 3726 3665 3664
f 3728 3727 3660
f 3663 3662 3664
f 3658 3657 3730
f 3729 3658 3730
f 3670 3669 3721
f 3669 3722 3721
f 3722 3669 3668
f 3720 3670 3721
f 3671 3719 3672
f 3671 3720 3719
f 3720 3671 3670
f 3713 3692 3714
f 3710 3706 3711
f 3704 3703 3696
f 3689 3673 3690
f 3678 3689 3688
f 3684 3679 3687
f 3679 3688 3687
f 3679 3678 3688
f 3661 3727 3726
f 3662 3661 3726
f 3727 3661 3660
f 3657 3731 3730
f 3731 3656 3732
f 3656 3731 3657
f 3659 3658 3729
f 3659 3729 3728
f 3659 3728 3660
f 3654 3734 3733
f 3734 3653 3735
f 3653 3734 3654
f 3717 3716 3718
f 3718 3716 3715
f 3691 3690 3714
f 3692 3691 3714
f 3693 3692 3713
f 3707 3710 3709
f 3710 3707 3706
f 3708 3707 3709
f 3701 3703 3702
f 3700 3701 3699
f 3689 3674 3673
f 3674 3689 3678
f 3680 3684 3683
f 3680 3679 3684
f 3680 3683 3681
f 3732 3655 3733
f 3656 3655 3732
f 3655 3654 3733
f 3652 3736 3735
f 3653 3652 3735
f 3736 3652 3651
f 3712 3693 3713
f 3694 3705 3695
f 3705 3694 3711
f 3694 3712 3711
f 3712 3694 3693
f 3677 3674 3678
f 3675 3677 3676
f 3677 3675 3674
f 3642 3740 3643
f 3741 3740 3642
f 3734 3736 3737
f 3734 3741 3641
f 3740 3734 3739
f 3738 3734 3737
f 3727 3734 3726
f 3724 3734 3723
f 3734 3740 3741
f 3734 3738 3739
f 3736 3734 3735
f 3691 3689 3690
f 3688 3691 3687
f 3706 3707 3705
f 3707 3704 3705
f 3707 3703 3704
f 3701 3700 3696
f 3703 3701 3696
f 3747 3748 3746
f 3786 3787 3788
f 3746 3748 3745
f 3784 3782 3783
f 3749 3744 3745
f 3745 3748 3749
f 3752 3838 3751
f 3842 3742 3743
f 3791 3815 3816
f 3785 3786 3788
f 3816 3773 3774
f 3774 3791 3816
f 3769 3824 3768
f 3841 3744 3749
f 3749 3840 3841
f 3751 3838 3839
f 3750 3840 3749
f 3839 3840 3750
f 3750 3751 3839
f 3763 3765 3827
f 3837 3838 3752
f 3820 3773 3819
f 3819 3773 3816
f 3823 3824 3769
f 3799 3800 3798
f 3801 3797 3798
f 3798 3800 3801
f 3807 3812 3806
f 3805 3796 3797
f 3806 3796 3805
f 3826 3767 3825
f 3825 3767 3768
f 3768 3824 3825
f 3766 3767 3826
f 3826 3827 3766
f 3827 3765 3766
f 3829 3761 3828
f 3764 3765 3763
f 3759 3831 3758
f 3830 3831 3759
f 3771 3822 3770
f 3770 3822 3823
f 3823 3769 3770
f 3821 3822 3771
f 3772 3773 3820
f 3772 3820 3821
f 3821 3771 3772
f 3814 3815 3793
f 3811 3812 3807
f 3805 3797 3804
f 3790 3791 3774
f 3779 3789 3790
f 3785 3788 3780
f 3780 3788 3789
f 3780 3789 3779
f 3762 3827 3828
f 3763 3827 3762
f 3828 3761 3762
f 3758 3831 3832
f 3832 3833 3757
f 3757 3758 3832
f 3760 3830 3759
f 3760 3829 3830
f 3760 3761 3829
f 3755 3834 3835
f 3835 3836 3754
f 3754 3755 3835
f 3818 3819 3817
f 3819 3816 3817
f 3792 3815 3791
f 3793 3815 3792
f 3794 3814 3793
f 3808 3810 3811
f 3811 3807 3808
f 3809 3810 3808
f 3802 3803 3804
f 3801 3800 3802
f 3790 3774 3775
f 3775 3779 3790
f 3781 3784 3785
f 3781 3785 3780
f 3781 3782 3784
f 3833 3834 3756
f 3757 3833 3756
f 3756 3834 3755
f 3753 3836 3837
f 3754 3836 3753
f 3837 3752 3753
f 3813 3814 3794
f 3795 3796 3806
f 3806 3812 3795
f 3795 3812 3813
f 3813 3794 3795
f 3778 3779 3775
f 3776 3777 3778
f 3778 3775 3776
f 3743 3744 3841
f 3842 3743 3841
f 3835 3838 3837
f 3835 3742 3842
f 3841 3840 3835
f 3839 3838 3835
f 3828 3827 3835
f 3825 3824 3835
f 3835 3842 3841
f 3835 3840 3839
f 3837 3836 3835
f 3792 3791 3790
f 3789 3788 3792
f 3807 3806 3808
f 3808 3806 3805
f 3808 3805 3804
f 3802 3797 3801
f 3804 3797 3802
f 3641 3642 3743
f 3641 3743 3742
f 3642 3643 3744
f 3642 3744 3743
f 3643 3644 3745
f 3643 3745 3744
f 3644 3645 3746
f 3644 3746 3745
f 3645 3646 3747
f 3645 3747 3746
f 3646 3647 3748
f 3646 3748 3747
f 3647 3648 3749
f 3647 3749 3748
f 3648 3649 3750
f 3648 3750 3749
f 3649 3650 3751
f 3649 3751 3750
f 3650 3651 3752
f 3650 3752 3751
f 3651 3652 3753
f 3651 3753 3752
f 3652 3653 3754
f 3652 3754 3753
f 3653 3654 3755
f 3653 3755 3754
f 3654 3655 3756
f 3654 3756 3755
f 3655 3656 3757
f 3655 3757 3756
f 3656 3657 3758
f 3656 3758 3757
f 3657 3658 3759
f 3657 3759 3758
f 3658 3659 3760
f 3658 3760 3759
f 3659 3660 3761
f 3659 3761 3760
f 3660 3661 3762
f 3660 3762 3761
f 3661 3662 3763
f 3661 3763 3762
f 3662 3663 3764
f 3662 3764 3763
f 3663 3664 3765
f 3663 3765 3764
f 3664 3665 3766
f 3664 3766 3765
f 3665 3666 3767
f 3665 3767 3766
f 3666 3667 3768
f 3666 3768 3767
f 3667 3668 3769
f 3667 3769 3768
f 3668 3669 3770
f 3668 3770 3769
f 3669 3670 3771
f 3669 3771 3770
f 3670 3671 3772
f 3670 3772 3771
f 3671 3672 3773
f 3671 3773 3772
f 3672 3673 3774
f 3672 3774 3773
f 3673 3674 3775
f 3673 3775 3774
f 3674 3675 3776
f 3674 3776 3775
f 3675 3676 3777
f 3675 3777 3776
f 3676 3677 3778
f 3676 3778 3777
f 3677 3678 3779
f 3677 3779 3778
f 3678 3679 3780
f 3678 3780 3779
f 3679 3680 3781
f 3679 3781 3780
f 3680 3681 3782
f 3680 3782 3781
f 3681 3682 3783
f 3681 3783 3782
f 3682 3683 3784
f 3682 3784 3783
f 3683 3684 3785
f 3683 3785 3784
f 3684 3685 3786
f 3684 3786 3785
f 3685 3686 3787
f 3685 3787 3786
f 3686 3687 3788
f 3686 3788 3787
f 3687 3688 3789
f 3687 3789 3788
f 3688 3689 3790
f 3688 3790 3789
f 3689 3690 3791
f 3689 3791 3790
f 3690 3691 3792
f 3690 3792 3791
f 3691 3692 3793
f 3691 3793 3792
f 3692 3693 3794
f 3692 3794 3793
f 3693 3694 3795
f 3693 3795 3794
f 3694 3695 3796
f 3694 3796 3795
f 3695 3696 3797
f 3695 3797 3796
f 3696 3697 3798
f 3696 3798 3797
f 3697 3698 3799
f 3697 3799 3798
f 3698 3699 3800
f 3698 3800 3799
f 3699 3700 3801
f 3699 3801 3800
f 3700 3701 3802
f 3700 3802 3801
f 3701 3702 3803
f 3701 3803 3802
f 3702 3703 3804
f 3702 3804 3803
f 3703 3704 3805
f 3703 3805 3804
f 3704 3705 3806
f 3704 3806 3805
f 3705 3706 3807
f 3705 3807 3806
f 3706 3707 3808
f 3706 3808 3807
f 3707 3708 3809
f 3707 3809 3808
f 3708 3709 3810
f 3708 3810 3809
f 3709 3710 3811
f 3709 3811 3810
f 3710 3711 3812
f 3710 3812 3811
f 3711 3712 3813
f 3711 3813 3812
f 3712 3713 3814
f 3712 3814 3813
f 3713 3714 3815
f 3713 3815 3814
f 3714 3715 3816
f 3714 3816 3815
f 3715 3716 3817
f 3715 3817 3816
f 3716 3717 3818
f 3716 3818 3817
f 3717 3718 3819
f 3717 3819 3818
f 3718 3719 3820
f 3718 3820 3819
f 3719 3720 3821
f 3719 3821 3820
f 3720 3721 3822
f 3720 3822 3821
f 3721 3722 3823
f 3721 3823 3822
f 3722 3723 3824
f 3722 3824 3823
f 3723 3724 3825
f 3723 3825 3824
f 3724 3725 3826
f 3724 3826 3825
f 3725 3726 3827
f 3725 3827 3826
f 3726 3727 3828
f 3726 3828 3827
f 3727 3728 3829
f 3727 3829 3828
f 3728 3729 3830
f 3728 3830 3829
f 3729 3730 3831
f 3729 3831 3830
f 3730 3731 3832
f 3730 3832 3831
f 3731 3732 3833
f 3731 3833 3832
f 3732 3733 3834
f 3732 3834 3833
f 3733 3734 3835
f 3733 3835 3834
f 3734 3735 3836
f 3734 3836 3835
f 3735 3736 3837
f 3735 3837 3836
f 3736 3737 3838
f 3736 3838 3837
f 3737 3738 3839
f 3737 3839 3838
f 3738 3739 3840
f 3738 3840 3839
f 3739 3740 3841
f 3739 3841 3840
f 3740 3741 3842
f 3740 3842 3841
f 3741 3641 3742
f 3741 3742 3842
f 3897 3894 3898
f 3894 3893 3898
f 3904 3903 3884
f 3899 3893 3892
f 3893 3899 3898
f 3864 3854 3853
f 3869 3868 3870
f 3868 3871 3870
f 3906 3881 3907
f 3904 3883 3905
f 3883 3904 3884
f 3895 3897 3896
f 3897 3895 3894
f 3900 3899 3892
f 3888 3890 3889
f 3890 3888 3887
f 3887 3886 3901
f 3861 3856 3855
f 3854 3863 3855
f 3863 3854 3864
f 3863 3861 3855
f 3863 3862 3861
f 3882 3906 3905
f 3883 3882 3905
f 3906 3882 3881
f 3908 3852 3851
f 3846 3845 3851
f 3900 3891 3901
f 3891 3900 3892
f 3891 3887 3901
f 3891 3890 3887
f 3886 3902 3901
f 3903 3885 3884
f 3902 3885 3903
f 3885 3902 3886
f 3860 3856 3861
f 3868 3867 3871
f 3845 3909 3851
f 3909 3908 3851
f 3850 3846 3851
f 3860 3857 3856
f 3878 3877 3865
f 3878 3865 3864
f 3878 3864 3853
f 3852 3880 3853
f 3880 3878 3853
f 3878 3880 3879
f 3908 3880 3852
f 3880 3908 3907
f 3881 3880 3907
f 3847 3850 3849
f 3850 3847 3846
f 3848 3847 3849
f 3857 3859 3858
f 3859 3857 3860
f 3876 3875 3867
f 3866 3876 3867
f 3876 3866 3877
f 3877 3866 3865
f 3910 3844 3843
f 3867 3872 3871
f 3875 3872 3867
f 3872 3875 3874
f 3873 3872 3874
f 3856 3857 3855
f 3875 3878 3874
f 3844 3910 3909
f 3844 3909 3845
f 3871 3872 3870
f 3965 3966 3962
f 3962 3966 3961
f 3972 3952 3971
f 3967 3960 3961
f 3961 3966 3967
f 3932 3921 3922
f 3937 3938 3936
f 3936 3938 3939
f 3974 3975 3949
f 3972 3973 3951
f 3951 3952 3972
f 3963 3964 3965
f 3965 3962 3963
f 3968 3960 3967
f 3956 3957 3958
f 3958 3955 3956
f 3955 3969 3954
f 3929 3923 3924
f 3922 3923 3931
f 3931 3932 3922
f 3931 3923 3929
f 3931 3929 3930
f 3950 3973 3974
f 3951 3973 3950
f 3974 3949 3950
f 3976 3919 3920
f 3914 3919 3913
f 3968 3969 3959
f 3959 3960 3968
f 3959 3969 3955
f 3959 3955 3958
f 3954 3969 3970
f 3971 3952 3953
f 3970 3971 3953
f 3953 3954 3970
f 3928 3929 3924
f 3936 3939 3935
f 3913 3919 3977
f 3977 3919 3976
f 3918 3919 3914
f 3928 3924 3925
f 3946 3933 3945
f 3946 3932 3933
f 3946 3921 3932
f 3920 3921 3948
f 3948 3921 3946
f 3946 3947 3948
f 3976 3920 3948
f 3948 3975 3976
f 3949 3975 3948
f 3915 3917 3918
f 3918 3914 3915
f 3916 3917 3915
f 3925 3926 3927
f 3927 3928 3925
f 3944 3935 3943
f 3934 3935 3944
f 3944 3945 3934
f 3945 3933 3934
f 3978 3911 3912
f 3935 3939 3940
f 3943 3935 3940
f 3940 3942 3943
f 3941 3942 3940
f 3924 3923 3925
f 3943 3942 3946
f 3912 3977 3978
f 3912 3913 3977
f 3939 3938 3940
f 3843 3844 3912
f 3843 3912 3911
f 3844 3845 3913
f 3844 3913 3912
f 3845 3846 3914
f 3845 3914 3913
f 3846 3847 3915
f 3846 3915 3914
f 3847 3848 3916
f 3847 3916 3915
f 3848 3849 3917
f 3848 3917 3916
f 3849 3850 3918
f 3849 3918 3917
f 3850 3851 3919
f 3850 3919 3918
f 3851 3852 3920
f 3851 3920 3919
f 3852 3853 3921
f 3852 3921 3920
f 3853 3854 3922
f 3853 3922 3921
f 3854 3855 3923
f 3854 3923 3922
f 3855 3856 3924
f 3855 3924 3923
f 3856 3857 3925
f 3856 3925 3924
f 3857 3858 3926
f 3857 3926 3925
f 3858 3859 3927
f 3858 3927 3926
f 3859 3860 3928
f 3859 3928 3927
f 3860 3861 3929
f 3860 3929 3928
f 3861 3862 3930
f 3861 3930 3929
f 3862 3863 3931
f 3862 3931 3930
f 3863 3864 3932
f 3863 3932 3931
f 3864 3865 3933
f 3864 3933 3932
f 3865 3866 3934
f 3865 3934 3933
f 3866 3867 3935
f 3866 3935 3934
f 3867 3868 3936
f 3867 3936 3935
f 3868 3869 3937
f 3868 3937 3936
f 3869 3870 3938
f 3869 3938 3937
f 3870 3871 3939
f 3870 3939 3938
f 3871 3872 3940
f 3871 3940 3939
f 3872 3873 3941
f 3872 3941 3940
f 3873 3874 3942
f 3873 3942 3941
f 3874 3875 3943
f 3874 3943 3942
f 3875 3876 3944
f 3875 3944 3943
f 3876 3877 3945
f 3876 3945 3944
f 3877 3878 3946
f 3877 3946 3945
f 3878 3879 3947
f 3878 3947 3946
f 3879 3880 3948
f 3879 3948 3947
f 3880 3881 3949
f 3880 3949 3948
f 3881 3882 3950
f 3881 3950 3949
f 3882 3883 3951
f 3882 3951 3950
f 3883 3884 3952
f 3883 3952 3951
f 3884 3885 3953
f 3884 3953 3952
f 3885 3886 3954
f 3885 3954 3953
f 3886 3887 3955
f 3886 3955 3954
f 3887 3888 3956
f 3887 3956 3955
f 3888 3889 3957
f 3888 3957 3956
f 3889 3890 3958
f 3889 3958 3957
f 3890 3891 3959
f 3890 3959 3958
f 3891 3892 3960
f 3891 3960 3959
f 3892 3893 3961
f 3892 3961 3960
f 3893 3894 3962
f 3893 3962 3961
f 3894 3895 3963
f 3894 3963 3962
f 3895 3896 3964
f 3895 3964 3963
f 3896 3897 3965
f 3896 3965 3964
f 3897 3898 3966
f 3897 3966 3965
f 3898 3899 3967
f 3898 3967 3966
f 3899 3900 3968
f 3899 3968 3967
f 3900 3901 3969
f 3900 3969 3968
f 3901 3902 3970
f 3901 3970 3969
f 3902 3903 3971
f 3902 3971 3970
f 3903 3904 3972
f 3903 3972 3971
f 3904 3905 3973
f 3904 3973 3972
f 3905 3906 3974
f 3905 3974 3973
f 3906 3907 3975
f 3906 3975 3974
f 3907 3908 3976
f 3907 3976 3975
f 3908 3909 3977
f 3908 3977 3976
f 3909 3910 3978
f 3909 3978 3977
f 3910 3843 3911
f 3910 3911 3978
f 4020 4075 4074
f 4020 4019 4075
f 4019 4076 4075
f 4048 4047 4046
f 4053 4055 4054
f 4032 4065 4064
f 4021 4020 4074
f 4019 4018 4076
f 3994 4084 4083
f 4085 4084 3994
f 4050 4043 4051
f 4048 4045 4049
f 4045 4048 4046
f 4053 4056 4055
f 4073 4071 4022
f 4021 4073 4022
f 4073 4021 4074
f 4071 4070 4022
f 4028 4027 4029
f 4027 4030 4029
f 4025 4068 4067
f 4023 4070 4069
f 4070 4023 4022
f 4082 3994 4083
f 4082 3995 3994
f 4086 4085 3994
f 3993 4086 3994
f 4086 3993 4087
f 3991 4089 4088
f 3990 4089 3991
f 4080 4001 4000
f 4007 4001 4080
f 3999 4080 4000
f 3997 4081 3998
f 4081 3999 3998
f 3999 4081 4080
f 4081 3997 3996
f 3995 4081 3996
f 4082 4081 3995
f 4044 4050 4049
f 4045 4044 4049
f 4050 4044 4043
f 4062 4061 4034
f 4033 4062 4034
f 4033 4032 4064
f 4057 4052 4051
f 4052 4057 4056
f 4052 4056 4053
f 4066 4031 4030
f 4032 4031 4065
f 4031 4066 4065
f 4073 4072 4071
f 4027 4026 4030
f 4026 4025 4067
f 4066 4026 4067
f 4026 4066 4030
f 4024 4023 4069
f 4068 4024 4069
f 4024 4068 4025
f 4014 4016 4015
f 4001 4006 4002
f 4006 4001 4007
f 4009 4011 4010
f 4079 4007 4080
f 4079 4078 4012
f 4013 4078 4017
f 4078 4013 4012
f 4016 4013 4017
f 4013 4016 4014
f 4077 4018 4017
f 4078 4077 4017
f 4018 4077 4076
f 3993 3992 4087
f 3992 3991 4088
f 4087 3992 4088
f 3983 4089 3990
f 4061 4035 4034
f 4035 4061 4060
f 4036 4035 4060
f 4063 4033 4064
f 4033 4063 4062
f 4059 4036 4060
f 4038 4041 4039
f 4042 4041 4038
f 4039 4041 4040
f 4092 3980 3979
f 4002 4005 4003
f 4006 4005 4002
f 4003 4005 4004
f 4008 4079 4012
f 4079 4008 4007
f 4011 4008 4012
f 4008 4011 4009
f 3988 3985 3984
f 3989 3988 3984
f 3983 3989 3984
f 3989 3983 3990
f 4037 4042 4038
f 4059 4037 4036
f 4042 4058 4043
f 4037 4058 4042
f 4058 4037 4059
f 4043 4058 4051
f 4058 4057 4051
f 3985 3987 3986
f 3987 3985 3988
f 3981 4090 3982
f 3981 4091 4090
f 4018 4016 4017
f 4013 4011 4012
f 4090 3983 3982
f 4089 3983 4090
f 4092 3981 3980
f 3981 4092 4091
f 4008 4009 4004
f 4008 4006 4007
f 3980 3985 3979
f 3981 3985 3980
f 3983 3985 3982
f 3985 3983 3984
f 4134 4188 4189
f 4134 4189 4133
f 4133 4189 4190
f 4162 4160 4161
f 4167 4168 4169
f 4146 4178 4179
f 4135 4188 4134
f 4133 4190 4132
f 4108 4197 4198
f 4199 4108 4198
f 4164 4165 4157
f 4162 4163 4159
f 4159 4160 4162
f 4167 4169 4170
f 4187 4136 4185
f 4135 4136 4187
f 4187 4188 4135
f 4185 4136 4184
f 4142 4143 4141
f 4141 4143 4144
f 4139 4181 4182
f 4137 4183 4184
f 4184 4136 4137
f 4196 4197 4108
f 4196 4108 4109
f 4200 4108 4199
f 4107 4108 4200
f 4200 4201 4107
f 4105 4202 4203
f 4104 4105 4203
f 4194 4114 4115
f 4121 4194 4115
f 4113 4114 4194
f 4111 4112 4195
f 4195 4112 4113
f 4113 4194 4195
f 4195 4110 4111
f 4109 4110 4195
f 4196 4109 4195
f 4158 4163 4164
f 4159 4163 4158
f 4164 4157 4158
f 4176 4148 4175
f 4147 4148 4176
f 4147 4178 4146
f 4171 4165 4166
f 4166 4170 4171
f 4166 4167 4170
f 4180 4144 4145
f 4146 4179 4145
f 4145 4179 4180
f 4187 4185 4186
f 4141 4144 4140
f 4140 4181 4139
f 4180 4181 4140
f 4140 4144 4180
f 4138 4183 4137
f 4182 4183 4138
f 4138 4139 4182
f 4128 4129 4130
f 4115 4116 4120
f 4120 4121 4115
f 4123 4124 4125
f 4193 4194 4121
f 4193 4126 4192
f 4127 4131 4192
f 4192 4126 4127
f 4130 4131 4127
f 4127 4128 4130
f 4191 4131 4132
f 4192 4131 4191
f 4132 4190 4191
f 4107 4201 4106
f 4106 4202 4105
f 4201 4202 4106
f 4097 4104 4203
f 4175 4148 4149
f 4149 4174 4175
f 4150 4174 4149
f 4177 4178 4147
f 4147 4176 4177
f 4173 4174 4150
f 4152 4153 4155
f 4156 4152 4155
f 4153 4154 4155
f 4206 4093 4094
f 4116 4117 4119
f 4120 4116 4119
f 4117 4118 4119
f 4122 4126 4193
f 4193 4121 4122
f 4125 4126 4122
f 4122 4123 4125
f 4102 4098 4099
f 4103 4098 4102
f 4097 4098 4103
f 4103 4104 4097
f 4151 4152 4156
f 4173 4150 4151
f 4156 4157 4172
f 4151 4156 4172
f 4172 4173 4151
f 4157 4165 4172
f 4172 4165 4171
f 4099 4100 4101
f 4101 4102 4099
f 4095 4096 4204
f 4095 4204 4205
f 4132 4131 4130
f 4127 4126 4125
f 4204 4096 4097
f 4203 4204 4097
f 4206 4094 4095
f 4095 4205 4206
f 4122 4118 4123
f 4122 4121 4120
f 4094 4093 4099
f 4095 4094 4099
f 4097 4096 4099
f 4099 4098 4097
f 3979 3980 4094
f 3979 4094 4093
f 3980 3981 4095
f 3980 4095 4094
f 3981 3982 4096
f 3981 4096 4095
f 3982 3983 4097
f 3982 4097 4096
f 3983 3984 4098
f 3983 4098 4097
f 3984 3985 4099
f 3984 4099 4098
f 3985 3986 4100
f 3985 4100 4099
f 3986 3987 4101
f 3986 4101 4100
f 3987 3988 4102
f 3987 4102 4101
f 3988 3989 4103
f 3988 4103 4102
f 3989 3990 4104
f 3989 4104 4103
f 3990 3991 4105
f 3990 4105 4104
f 3991 3992 4106
f 3991 4106 4105
f 3992 3993 4107
f 3992 4107 4106
f 3993 3994 4108
f 3993 4108 4107
f 3994 3995 4109
f 3994 4109 4108
f 3995 3996 4110
f 3995 4110 4109
f 3996 3997 4111
f 3996 4111 4110
f 3997 3998 4112
f 3997 4112 4111
f 3998 3999 4113
f 3998 4113 4112
f 3999 4000 4114
f 3999 4114 4113
f 4000 4001 4115
f 4000 4115 4114
f 4001 4002 4116
f 4001 4116 4115
f 4002 4003 4117
f 4002 4117 4116
f 4003 4004 4118
f 4003 4118 4117
f 4004 4005 4119
f 4004 4119 4118
f 4005 4006 4120
f 4005 4120 4119
f 4006 4007 4121
f 4006 4121 4120
f 4007 4008 4122
f 4007 4122 4121
f 4008 4009 4123
f 4008 4123 4122
f 4009 4010 4124
f 4009 4124 4123
f 4010 4011 4125
f 4010 4125 4124
f 4011 4012 4126
f 4011 4126 4125
f 4012 4013 4127
f 4012 4127 4126
f 4013 4014 4128
f 4013 4128 4127
f 4014 4015 4129
f 4014 4129 4128
f 4015 4016 4130
f 4015 4130 4129
f 4016 4017 4131
f 4016 4131 4130
f 4017 4018 4132
f 4017 4132 4131
f 4018 4019 4133
f 4018 4133 4132
f 4019 4020 4134
f 4019 4134 4133
f 4020 4021 4135
f 4020 4135 4134
f 4021 4022 4136
f 4021 4136 4135
f 4022 4023 4137
f 4022 4137 4136
f 4023 4024 4138
f 4023 4138 4137
f 4024 4025 4139
f 4024 4139 4138
f 4025 4026 4140
f 4025 4140 4139
f 4026 4027 4141
f 4026 4141 4140
f 4027 4028 4142
f 4027 4142 4141
f 4028 4029 4143
f 4028 4143 4142
f 4029 4030 4144
f 4029 4144 4143
f 4030 4031 4145
f 4030 4145 4144
f 4031 4032 4146
f 4031 4146 4145
f 4032 4033 4147
f 4032 4147 4146
f 4033 4034 4148
f 4033 4148 4147
f 4034 4035 4149
f 4034 4149 4148
f 4035 4036 4150
f 4035 4150 4149
f 4036 4037 4151
f 4036 4151 4150
f 4037 4038 4152
f 4037 4152 4151
f 4038 4039 4153
f 4038 4153 4152
f 4039 4040 4154
f 4039 4154 4153
f 4040 4041 4155
f 4040 4155 4154
f 4041 4042 4156
f 4041 4156 4155
f 4042 4043 4157
f 4042 4157 4156
f 4043 4044 4158
f 4043 4158 4157
f 4044 4045 4159
f 4044 4159 4158
f 4045 4046 4160
f 4045 4160 4159
f 4046 4047 4161
f 4046 4161 4160
f 4047 4048 4162
f 4047 4162 4161
f 4048 4049 4163
f 4048 4163 4162
f 4049 4050 4164
f 4049 4164 4163
f 4050 4051 4165
f 4050 4165 4164
f 4051 4052 4166
f 4051 4166 4165
f 4052 4053 4167
f 4052 4167 4166
f 4053 4054 4168
f 4053 4168 4167
f 4054 4055 4169
f 4054 4169 4168
f 4055 4056 4170
f 4055 4170 4169
f 4056 4057 4171
f 4056 4171 4170
f 4057 4058 4172
f 4057 4172 4171
f 4058 4059 4173
f 4058 4173 4172
f 4059 4060 4174
f 4059 4174 4173
f 4060 4061 4175
f 4060 4175 4174
f 4061 4062 4176
f 4061 4176 4175
f 4062 4063 4177
f 4062 4177 4176
f 4063 4064 4178
f 4063 4178 4177
f 4064 4065 4179
f 4064 4179 4178
f 4065 4066 4180
f 4065 4180 4179
f 4066 4067 4181
f 4066 4181 4180
f 4067 4068 4182
f 4067 4182 4181
f 4068 4069 4183
f 4068 4183 4182
f 4069 4070 4184
f 4069 4184 4183
f 4070 4071 4185
f 4070 4185 4184
f 4071 4072 4186
f 4071 4186 4185
f 4072 4073 4187
f 4072 4187 4186
f 4073 4074 4188
f 4073 4188 4187
f 4074 4075 4189
f 4074 4189 4188
f 4075 4076 4190
f 4075 4190 4189
f 4076 4077 4191
f 4076 4191 4190
f 4077 4078 4192
f 4077 4192 4191
f 4078 4079 4193
f 4078 4193 4192
f 4079 4080 4194
f 4079 4194 4193
f 4080 4081 4195
f 4080 4195 4194
f 4081 4082 4196
f 4081 4196 4195
f 4082 4083 4197
f 4082 4197 4196
f 4083 4084 4198
f 4083 4198 4197
f 4084 4085 4199
f 4084 4199 4198
f 4085 4086 4200
f 4085 4200 4199
f 4086 4087 4201
f 4086 4201 4200
f 4087 4088 4202
f 4087 4202 4201
f 4088 4089 4203
f 4088 4203 4202
f 4089 4090 4204
f 4089 4204 4203
f 4090 4091 4205
f 4090 4205 4204
f 4091 4092 4206
f 4091 4206 4205
f 4092 3979 4093
f 4092 4093 4206
f 4283 4282 4284
f 4332 4220 4219
f 4243 4239 4238
f 4235 4237 4236
f 4303 4302 4266
f 4330 4329 4249
f 4329 4250 4249
f 4250 4329 4328
f 4220 4331 4221
f 4331 4330 4221
f 4331 4220 4332
f 4243 4242 4239
f 4239 4242 4240
f 4240 4242 4241
f 4237 4244 4238
f 4244 4243 4238
f 4235 4244 4237
f 4244 4235 4245
f 4248 4330 4249
f 4330 4248 4221
f 4248 4247 4221
f 4247 4222 4221
f 4307 4303 4266
f 4308 4307 4266
f 4307 4304 4303
f 4286 4278 4287
f 4313 4260 4314
f 4316 4315 4314
f 4327 4326 4260
f 4319 4326 4320
f 4319 4318 4260
f 4326 4319 4260
f 4326 4325 4320
f 4293 4272 4294
f 4268 4300 4299
f 4298 4268 4299
f 4268 4298 4297
f 4269 4268 4297
f 4300 4268 4301
f 4274 4291 4290
f 4333 4332 4219
f 4235 4234 4245
f 4304 4306 4305
f 4307 4306 4304
f 4309 4264 4310
f 4264 4263 4310
f 4263 4311 4310
f 4276 4289 4288
f 4279 4286 4285
f 4279 4278 4286
f 4260 4317 4314
f 4317 4316 4314
f 4318 4317 4260
f 4325 4321 4320
f 4224 4229 4225
f 4232 4230 4223
f 4230 4224 4223
f 4224 4230 4229
f 4230 4232 4231
f 4226 4228 4227
f 4229 4228 4225
f 4225 4228 4226
f 4273 4293 4274
f 4273 4272 4293
f 4296 4295 4270
f 4296 4269 4297
f 4296 4270 4269
f 4271 4295 4294
f 4272 4271 4294
f 4295 4271 4270
f 4267 4302 4301
f 4268 4267 4301
f 4302 4267 4266
f 4293 4292 4274
f 4292 4291 4274
f 4333 4218 4334
f 4218 4333 4219
f 4246 4222 4247
f 4246 4234 4222
f 4234 4246 4245
f 4222 4233 4223
f 4234 4233 4222
f 4233 4232 4223
f 4261 4313 4312
f 4313 4261 4260
f 4265 4309 4308
f 4265 4264 4309
f 4265 4308 4266
f 4254 4256 4255
f 4277 4276 4288
f 4277 4288 4287
f 4278 4277 4287
f 4289 4275 4290
f 4276 4275 4289
f 4275 4274 4290
f 4280 4282 4281
f 4280 4279 4285
f 4280 4285 4284
f 4282 4280 4284
f 4259 4251 4250
f 4259 4250 4328
f 4327 4259 4328
f 4259 4327 4260
f 4321 4324 4322
f 4324 4321 4325
f 4324 4323 4322
f 4342 4208 4207
f 4334 4217 4216
f 4218 4217 4334
f 4262 4311 4263
f 4311 4262 4312
f 4262 4261 4312
f 4253 4256 4254
f 4257 4253 4252
f 4256 4253 4257
f 4258 4257 4252
f 4251 4258 4252
f 4259 4258 4251
f 4215 4334 4216
f 4334 4215 4335
f 4316 4321 4322
f 4317 4321 4316
f 4298 4292 4297
f 4292 4293 4294
f 4292 4296 4297
f 4295 4292 4294
f 4296 4292 4295
f 4340 4211 4210
f 4211 4340 4339
f 4336 4214 4337
f 4337 4214 4213
f 4215 4214 4335
f 4214 4336 4335
f 4340 4209 4341
f 4209 4340 4210
f 4209 4342 4341
f 4342 4209 4208
f 4212 4209 4210
f 4212 4216 4207
f 4208 4212 4207
f 4212 4215 4216
f 4211 4212 4210
f 4214 4212 4213
f 4212 4214 4215
f 4209 4212 4208
f 4212 4338 4337
f 4212 4337 4213
f 4212 4211 4339
f 4338 4212 4339
f 4253 4248 4249
f 4253 4244 4245
f 4242 4253 4241
f 4250 4253 4249
f 4251 4253 4250
f 4253 4251 4252
f 4419 4420 4418
f 4468 4355 4356
f 4379 4374 4375
f 4371 4372 4373
f 4439 4402 4438
f 4466 4385 4465
f 4465 4385 4386
f 4386 4464 4465
f 4356 4357 4467
f 4467 4357 4466
f 4467 4468 4356
f 4379 4375 4378
f 4375 4376 4378
f 4376 4377 4378
f 4373 4374 4380
f 4380 4374 4379
f 4371 4373 4380
f 4380 4381 4371
f 4384 4385 4466
f 4466 4357 4384
f 4384 4357 4383
f 4383 4357 4358
f 4443 4402 4439
f 4444 4402 4443
f 4443 4439 4440
f 4422 4423 4414
f 4449 4450 4396
f 4452 4450 4451
f 4463 4396 4462
f 4455 4456 4462
f 4455 4396 4454
f 4462 4396 4455
f 4462 4456 4461
f 4429 4430 4408
f 4404 4435 4436
f 4434 4435 4404
f 4404 4433 4434
f 4405 4433 4404
f 4436 4437 4404
f 4410 4426 4427
f 4469 4355 4468
f 4371 4381 4370
f 4440 4441 4442
f 4443 4440 4442
f 4445 4446 4400
f 4400 4446 4399
f 4399 4446 4447
f 4412 4424 4425
f 4415 4421 4422
f 4415 4422 4414
f 4396 4450 4453
f 4453 4450 4452
f 4454 4396 4453
f 4461 4456 4457
f 4360 4361 4365
f 4368 4359 4366
f 4366 4359 4360
f 4360 4365 4366
f 4366 4367 4368
f 4362 4363 4364
f 4365 4361 4364
f 4361 4362 4364
f 4409 4410 4429
f 4409 4429 4408
f 4432 4406 4431
f 4432 4433 4405
f 4432 4405 4406
f 4407 4430 4431
f 4408 4430 4407
f 4431 4406 4407
f 4403 4437 4438
f 4404 4437 4403
f 4438 4402 4403
f 4429 4410 4428
f 4428 4410 4427
f 4469 4470 4354
f 4354 4355 4469
f 4382 4383 4358
f 4382 4358 4370
f 4370 4381 4382
f 4358 4359 4369
f 4370 4358 4369
f 4369 4359 4368
f 4397 4448 4449
f 4449 4396 4397
f 4401 4444 4445
f 4401 4445 4400
f 4401 4402 4444
f 4390 4391 4392
f 4413 4424 4412
f 4413 4423 4424
f 4414 4423 4413
f 4425 4426 4411
f 4412 4425 4411
f 4411 4426 4410
f 4416 4417 4418
f 4416 4421 4415
f 4416 4420 4421
f 4418 4420 4416
f 4395 4386 4387
f 4395 4464 4386
f 4463 4464 4395
f 4395 4396 4463
f 4457 4458 4460
f 4460 4461 4457
f 4460 4458 4459
f 4478 4343 4344
f 4470 4352 4353
f 4354 4470 4353
f 4398 4399 4447
f 4447 4448 4398
f 4398 4448 4397
f 4389 4390 4392
f 4393 4388 4389
f 4392 4393 4389
f 4394 4388 4393
f 4387 4388 4394
f 4395 4387 4394
f 4351 4352 4470
f 4470 4471 4351
f 4452 4458 4457
f 4453 4452 4457
f 4434 4433 4428
f 4428 4430 4429
f 4428 4433 4432
f 4431 4430 4428
f 4432 4431 4428
f 4476 4346 4347
f 4347 4475 4476
f 4472 4473 4350
f 4473 4349 4350
f 4351 4471 4350
f 4350 4471 4472
f 4476 4477 4345
f 4345 4346 4476
f 4345 4477 4478
f 4478 4344 4345
f 4348 4346 4345
f 4348 4343 4352
f 4344 4343 4348
f 4348 4352 4351
f 4347 4346 4348
f 4350 4349 4348
f 4348 4351 4350
f 4345 4344 4348
f 4348 4473 4474
f 4348 4349 4473
f 4348 4475 4347
f 4474 4475 4348
f 4389 4385 4384
f 4389 4381 4380
f 4378 4377 4389
f 4386 4385 4389
f 4387 4386 4389
f 4389 4388 4387
f 4207 4208 4344
f 4207 4344 4343
f 4208 4209 4345
f 4208 4345 4344
f 4209 4210 4346
f 4209 4346 4345
f 4210 4211 4347
f 4210 4347 4346
f 4211 4212 4348
f 4211 4348 4347
f 4212 4213 4349
f 4212 4349 4348
f 4213 4214 4350
f 4213 4350 4349
f 4214 4215 4351
f 4214 4351 4350
f 4215 4216 4352
f 4215 4352 4351
f 4216 4217 4353
f 4216 4353 4352
f 4217 4218 4354
f 4217 4354 4353
f 4218 4219 4355
f 4218 4355 4354
f 4219 4220 4356
f 4219 4356 4355
f 4220 4221 4357
f 4220 4357 4356
f 4221 4222 4358
f 4221 4358 4357
f 4222 4223 4359
f 4222 4359 4358
f 4223 4224 4360
f 4223 4360 4359
f 4224 4225 4361
f 4224 4361 4360
f 4225 4226 4362
f 4225 4362 4361
f 4226 4227 4363
f 4226 4363 4362
f 4227 4228 4364
f 4227 4364 4363
f 4228 4229 4365
f 4228 4365 4364
f 4229 4230 4366
f 4229 4366 4365
f 4230 4231 4367
f 4230 4367 4366
f 4231 4232 4368
f 4231 4368 4367
f 4232 4233 4369
f 4232 4369 4368
f 4233 4234 4370
f 4233 4370 4369
f 4234 4235 4371
f 4234 4371 4370
f 4235 4236 4372
f 4235 4372 4371
f 4236 4237 4373
f 4236 4373 4372
f 4237 4238 4374
f 4237 4374 4373
f 4238 4239 4375
f 4238 4375 4374
f 4239 4240 4376
f 4239 4376 4375
f 4240 4241 4377
f 4240 4377 4376
f 4241 4242 4378
f 4241 4378 4377
f 4242 4243 4379
f 4242 4379 4378
f 4243 4244 4380
f 4243 4380 4379
f 4244 4245 4381
f 4244 4381 4380
f 4245 4246 4382
f 4245 4382 4381
f 4246 4247 4383
f 4246 4383 4382
f 4247 4248 4384
f 4247 4384 4383
f 4248 4249 4385
f 4248 4385 4384
f 4249 4250 4386
f 4249 4386 4385
f 4250 4251 4387
f 4250 4387 4386
f 4251 4252 4388
f 4251 4388 4387
f 4252 4253 4389
f 4252 4389 4388
f 4253 4254 4390
f 4253 4390 4389
f 4254 4255 4391
f 4254 4391 4390
f 4255 4256 4392
f 4255 4392 4391
f 4256 4257 4393
f 4256 4393 4392
f 4257 4258 4394
f 4257 4394 4393
f 4258 4259 4395
f 4258 4395 4394
f 4259 4260 4396
f 4259 4396 4395
f 4260 4261 4397
f 4260 4397 4396
f 4261 4262 4398
f 4261 4398 4397
f 4262 4263 4399
f 4262 4399 4398
f 4263 4264 4400
f 4263 4400 4399
f 4264 4265 4401
f 4264 4401 4400
f 4265 4266 4402
f 4265 4402 4401
f 4266 4267 4403
f 4266 4403 4402
f 4267 4268 4404
f 4267 4404 4403
f 4268 4269 4405
f 4268 4405 4404
f 4269 4270 4406
f 4269 4406 4405
f 4270 4271 4407
f 4270 4407 4406
f 4271 4272 4408
f 4271 4408 4407
f 4272 4273 4409
f 4272 4409 4408
f 4273 4274 4410
f 4273 4410 4409
f 4274 4275 4411
f 4274 4411 4410
f 4275 4276 4412
f 4275 4412 4411
f 4276 4277 4413
f 4276 4413 4412
f 4277 4278 4414
f 4277 4414 4413
f 4278 4279 4415
f 4278 4415 4414
f 4279 4280 4416
f 4279 4416 4415
f 4280 4281 4417
f 4280 4417 4416
f 4281 4282 4418
f 4281 4418 4417
f 4282 4283 4419
f 4282 4419 4418
f 4283 4284 4420
f 4283 4420 4419
f 4284 4285 4421
f 4284 4421 4420
f 4285 4286 4422
f 4285 4422 4421
f 4286 4287 4423
f 4286 4423 4422
f 4287 4288 4424
f 4287 4424 4423
f 4288 4289 4425
f 4288 4425 4424
f 4289 4290 4426
f 4289 4426 4425
f 4290 4291 4427
f 4290 4427 4426
f 4291 4292 4428
f 4291 4428 4427
f 4292 4293 4429
f 4292 4429 4428
f 4293 4294 4430
f 4293 4430 4429
f 4294 4295 4431
f 4294 4431 4430
f 4295 4296 4432
f 4295 4432 4431
f 4296 4297 4433
f 4296 4433 4432
f 4297 4298 4434
f 4297 4434 4433
f 4298 4299 4435
f 4298 4435 4434
f 4299 4300 4436
f 4299 4436 4435
f 4300 4301 4437
f 4300 4437 4436
f 4301 4302 4438
f 4301 4438 4437
f 4302 4303 4439
f 4302 4439 4438
f 4303 4304 4440
f 4303 4440 4439
f 4304 4305 4441
f 4304 4441 4440
f 4305 4306 4442
f 4305 4442 4441
f 4306 4307 4443
f 4306 4443 4442
f 4307 4308 4444
f 4307 4444 4443
f 4308 4309 4445
f 4308 4445 4444
f 4309 4310 4446
f 4309 4446 4445
f 4310 4311 4447
f 4310 4447 4446
f 4311 4312 4448
f 4311 4448 4447
f 4312 4313 4449
f 4312 4449 4448
f 4313 4314 4450
f 4313 4450 4449
f 4314 4315 4451
f 4314 4451 4450
f 4315 4316 4452
f 4315 4452 4451
f 4316 4317 4453
f 4316 4453 4452
f 4317 4318 4454
f 4317 4454 4453
f 4318 4319 4455
f 4318 4455 4454
f 4319 4320 4456
f 4319 4456 4455
f 4320 4321 4457
f 4320 4457 4456
f 4321 4322 4458
f 4321 4458 4457
f 4322 4323 4459
f 4322 4459 4458
f 4323 4324 4460
f 4323 4460 4459
f 4324 4325 4461
f 4324 4461 4460
f 4325 4326 4462
f 4325 4462 4461
f 4326 4327 4463
f 4326 4463 4462
f 4327 4328 4464
f 4327 4464 4463
f 4328 4329 4465
f 4328 4465 4464
f 4329 4330 4466
f 4329 4466 4465
f 4330 4331 4467
f 4330 4467 4466
f 4331 4332 4468
f 4331 4468 4467
f 4332 4333 4469
f 4332 4469 4468
f 4333 4334 4470
f 4333 4470 4469
f 4334 4335 4471
f 4334 4471 4470
f 4335 4336 4472
f 4335 4472 4471
f 4336 4337 4473
f 4336 4473 4472
f 4337 4338 4474
f 4337 4474 4473
f 4338 4339 4475
f 4338 4475 4474
f 4339 4340 4476
f 4339 4476 4475
f 4340 4341 4477
f 4340 4477 4476
f 4341 4342 4478
f 4341 4478 4477
f 4342 4207 4343
f 4342 4343 4478
f 4632 4634 4633
f 4546 4598 4547
f 4682 4681 4602
f 4636 4635 4631
f 4635 4632 4631
f 4635 4634 4632
f 4630 4636 4631
f 4630 4637 4636
f 4637 4630 4629
f 4645 4644 4623
f 4639 4629 4628
f 4640 4639 4628
f 4639 4637 4629
f 4637 4639 4638
f 4644 4624 4623
f 4627 4640 4628
f 4553 4552 4588
f 4552 4589 4588
f 4589 4552 4551
f 4614 4613 4615
f 4601 4600 4546
f 4601 4682 4602
f 4682 4601 4546
f 4597 4596 4547
f 4598 4597 4547
f 4600 4599 4546
f 4599 4598 4546
f 4683 4546 4545
f 4683 4682 4546
f 4691 4497 4692
f 4544 4543 4685
f 4587 4553 4588
f 4586 4585 4555
f 4652 4649 4653
f 4649 4648 4653
f 4643 4624 4644
f 4627 4641 4640
f 4641 4627 4626
f 4642 4641 4626
f 4596 4595 4547
f 4593 4548 4547
f 4669 4613 4612
f 4606 4677 4676
f 4677 4606 4605
f 4681 4603 4602
f 4622 4658 4623
f 4657 4645 4623
f 4658 4657 4623
f 4659 4622 4621
f 4622 4659 4658
f 4497 4496 4692
f 4498 4497 4691
f 4498 4691 4690
f 4498 4690 4499
f 4694 4693 4495
f 4693 4496 4495
f 4496 4693 4692
f 4494 4694 4495
f 4699 4485 4484
f 4699 4698 4485
f 4698 4486 4485
f 4684 4544 4685
f 4684 4683 4545
f 4544 4684 4545
f 4689 4500 4499
f 4689 4688 4500
f 4690 4689 4499
f 4515 4514 4530
f 4567 4566 4575
f 4554 4586 4555
f 4554 4587 4586
f 4587 4554 4553
f 4585 4582 4555
f 4650 4652 4651
f 4650 4649 4652
f 4643 4625 4624
f 4625 4643 4642
f 4625 4642 4626
f 4591 4550 4549
f 4594 4593 4547
f 4595 4594 4547
f 4675 4606 4676
f 4606 4675 4607
f 4666 4618 4617
f 4679 4678 4605
f 4678 4677 4605
f 4680 4603 4681
f 4604 4679 4605
f 4604 4680 4679
f 4680 4604 4603
f 4645 4656 4646
f 4657 4656 4645
f 4660 4620 4663
f 4620 4660 4621
f 4660 4659 4621
f 4492 4488 4487
f 4489 4491 4490
f 4488 4491 4489
f 4491 4488 4492
f 4494 4695 4694
f 4483 4700 4484
f 4700 4699 4484
f 4697 4486 4698
f 4486 4697 4487
f 4487 4697 4696
f 4506 4540 4507
f 4540 4506 4505
f 4503 4542 4541
f 4503 4502 4542
f 4502 4686 4542
f 4543 4686 4685
f 4542 4686 4543
f 4688 4501 4500
f 4559 4578 4577
f 4578 4559 4579
f 4535 4534 4533
f 4529 4515 4530
f 4574 4567 4575
f 4566 4576 4575
f 4583 4585 4584
f 4583 4582 4585
f 4592 4591 4549
f 4548 4592 4549
f 4592 4548 4593
f 4550 4590 4551
f 4591 4590 4550
f 4590 4589 4551
f 4616 4667 4617
f 4667 4666 4617
f 4618 4665 4619
f 4666 4665 4618
f 4672 4610 4609
f 4655 4647 4646
f 4656 4655 4646
f 4695 4493 4696
f 4493 4695 4494
f 4493 4487 4696
f 4493 4492 4487
f 4540 4508 4507
f 4504 4540 4505
f 4540 4504 4541
f 4504 4503 4541
f 4687 4501 4688
f 4501 4687 4502
f 4687 4686 4502
f 4558 4580 4579
f 4559 4558 4579
f 4561 4566 4565
f 4532 4535 4533
f 4556 4582 4581
f 4582 4556 4555
f 4511 4510 4512
f 4512 4510 4509
f 4514 4531 4530
f 4537 4531 4514
f 4513 4537 4514
f 4513 4512 4538
f 4537 4513 4538
f 4529 4527 4515
f 4524 4523 4522
f 4572 4569 4573
f 4574 4568 4567
f 4568 4574 4573
f 4569 4568 4573
f 4613 4668 4615
f 4669 4668 4613
f 4668 4616 4615
f 4668 4667 4616
f 4665 4664 4619
f 4664 4620 4619
f 4620 4664 4663
f 4670 4612 4611
f 4670 4669 4612
f 4608 4673 4609
f 4673 4672 4609
f 4647 4654 4648
f 4655 4654 4647
f 4648 4654 4653
f 4662 4661 4663
f 4661 4660 4663
f 4508 4539 4509
f 4539 4508 4540
f 4539 4512 4509
f 4512 4539 4538
f 4560 4559 4577
f 4576 4560 4577
f 4560 4576 4566
f 4561 4560 4566
f 4562 4564 4563
f 4564 4562 4565
f 4562 4561 4565
f 4580 4557 4581
f 4557 4556 4581
f 4558 4557 4580
f 4532 4536 4535
f 4531 4536 4532
f 4536 4531 4537
f 4516 4527 4526
f 4527 4516 4515
f 4517 4516 4526
f 4528 4527 4529
f 4521 4524 4522
f 4525 4517 4526
f 4517 4525 4520
f 4525 4521 4520
f 4521 4525 4524
f 4570 4572 4571
f 4572 4570 4569
f 4671 4670 4611
f 4610 4671 4611
f 4672 4671 4610
f 4674 4673 4608
f 4674 4608 4607
f 4675 4674 4607
f 4519 4518 4517
f 4519 4517 4520
f 4703 4480 4479
f 4634 4637 4638
f 4637 4635 4636
f 4645 4650 4644
f 4650 4647 4648
f 4643 4650 4642
f 4650 4641 4642
f 4493 4494 4495
f 4493 4496 4497
f 4498 4493 4497
f 4501 4493 4500
f 4493 4503 4490
f 4503 4493 4502
f 4493 4501 4502
f 4506 4510 4505
f 4510 4506 4507
f 4510 4504 4505
f 4703 4695 4696
f 4682 4703 4681
f 4677 4703 4676
f 4703 4691 4692
f 4691 4703 4690
f 4683 4703 4682
f 4703 4684 4685
f 4686 4703 4685
f 4697 4703 4696
f 4703 4689 4690
f 4703 4693 4694
f 4699 4703 4698
f 4689 4703 4688
f 4695 4703 4694
f 4700 4703 4699
f 4701 4703 4700
f 4703 4687 4688
f 4703 4701 4702
f 4480 4703 4481
f 4481 4703 4702
f 4482 4483 4479
f 4482 4480 4481
f 4482 4701 4700
f 4482 4700 4483
f 4701 4482 4702
f 4482 4481 4702
f 4857 4858 4859
f 4771 4772 4823
f 4907 4827 4906
f 4861 4856 4860
f 4860 4856 4857
f 4860 4857 4859
f 4855 4856 4861
f 4855 4861 4862
f 4862 4854 4855
f 4870 4848 4869
f 4864 4853 4854
f 4865 4853 4864
f 4864 4854 4862
f 4862 4863 4864
f 4869 4848 4849
f 4852 4853 4865
f 4778 4813 4777
f 4777 4813 4814
f 4814 4776 4777
f 4839 4840 4838
f 4826 4771 4825
f 4826 4827 4907
f 4907 4771 4826
f 4822 4772 4821
f 4823 4772 4822
f 4825 4771 4824
f 4824 4771 4823
f 4908 4770 4771
f 4908 4771 4907
f 4916 4917 4722
f 4769 4910 4768
f 4812 4813 4778
f 4811 4780 4810
f 4877 4878 4874
f 4874 4878 4873
f 4868 4869 4849
f 4852 4865 4866
f 4866 4851 4852
f 4867 4851 4866
f 4821 4772 4820
f 4818 4772 4773
f 4894 4837 4838
f 4831 4901 4902
f 4902 4830 4831
f 4906 4827 4828
f 4847 4848 4883
f 4882 4848 4870
f 4883 4848 4882
f 4884 4846 4847
f 4847 4883 4884
f 4722 4917 4721
f 4723 4916 4722
f 4723 4915 4916
f 4723 4724 4915
f 4919 4720 4918
f 4918 4720 4721
f 4721 4917 4918
f 4719 4720 4919
f 4924 4709 4710
f 4924 4710 4923
f 4923 4710 4711
f 4909 4910 4769
f 4909 4770 4908
f 4769 4770 4909
f 4914 4724 4725
f 4914 4725 4913
f 4915 4724 4914
f 4740 4755 4739
f 4792 4800 4791
f 4779 4780 4811
f 4779 4811 4812
f 4812 4778 4779
f 4810 4780 4807
f 4875 4876 4877
f 4875 4877 4874
f 4868 4849 4850
f 4850 4867 4868
f 4850 4851 4867
f 4816 4774 4775
f 4819 4772 4818
f 4820 4772 4819
f 4900 4901 4831
f 4831 4832 4900
f 4891 4842 4843
f 4904 4830 4903
f 4903 4830 4902
f 4905 4906 4828
f 4829 4830 4904
f 4829 4904 4905
f 4905 4828 4829
f 4870 4871 4881
f 4882 4870 4881
f 4885 4888 4845
f 4845 4846 4885
f 4885 4846 4884
f 4717 4712 4713
f 4714 4715 4716
f 4713 4714 4716
f 4716 4717 4713
f 4719 4919 4920
f 4708 4709 4925
f 4925 4709 4924
f 4922 4923 4711
f 4711 4712 4922
f 4712 4921 4922
f 4731 4732 4765
f 4765 4730 4731
f 4728 4766 4767
f 4728 4767 4727
f 4727 4767 4911
f 4768 4910 4911
f 4767 4768 4911
f 4913 4725 4726
f 4784 4802 4803
f 4803 4804 4784
f 4760 4758 4759
f 4754 4755 4740
f 4799 4800 4792
f 4791 4800 4801
f 4808 4809 4810
f 4808 4810 4807
f 4817 4774 4816
f 4773 4774 4817
f 4817 4818 4773
f 4775 4776 4815
f 4816 4775 4815
f 4815 4776 4814
f 4841 4842 4892
f 4892 4842 4891
f 4843 4844 4890
f 4891 4843 4890
f 4897 4834 4835
f 4880 4871 4872
f 4881 4871 4880
f 4920 4921 4718
f 4718 4719 4920
f 4718 4921 4712
f 4718 4712 4717
f 4765 4732 4733
f 4729 4730 4765
f 4765 4766 4729
f 4729 4766 4728
f 4912 4913 4726
f 4726 4727 4912
f 4912 4727 4911
f 4783 4804 4805
f 4784 4804 4783
f 4786 4790 4791
f 4757 4758 4760
f 4781 4806 4807
f 4807 4780 4781
f 4736 4737 4735
f 4737 4734 4735
f 4739 4755 4756
f 4762 4739 4756
f 4738 4739 4762
f 4738 4763 4737
f 4762 4763 4738
f 4754 4740 4752
f 4749 4747 4748
f 4797 4798 4794
f 4799 4792 4793
f 4793 4798 4799
f 4794 4798 4793
f 4838 4840 4893
f 4894 4838 4893
f 4893 4840 4841
f 4893 4841 4892
f 4890 4844 4889
f 4889 4844 4845
f 4845 4888 4889
f 4895 4836 4837
f 4895 4837 4894
f 4833 4834 4898
f 4898 4834 4897
f 4872 4873 4879
f 4880 4872 4879
f 4873 4878 4879
f 4887 4888 4886
f 4886 4888 4885
f 4733 4734 4764
f 4764 4765 4733
f 4764 4734 4737
f 4737 4763 4764
f 4785 4802 4784
f 4801 4802 4785
f 4785 4791 4801
f 4786 4791 4785
f 4787 4788 4789
f 4789 4790 4787
f 4787 4790 4786
f 4805 4806 4782
f 4782 4806 4781
f 4783 4805 4782
f 4757 4760 4761
f 4756 4757 4761
f 4761 4762 4756
f 4741 4751 4752
f 4752 4740 4741
f 4742 4751 4741
f 4753 4754 4752
f 4746 4747 4749
f 4750 4751 4742
f 4742 4745 4750
f 4750 4745 4746
f 4746 4749 4750
f 4795 4796 4797
f 4797 4794 4795
f 4896 4836 4895
f 4835 4836 4896
f 4897 4835 4896
f 4899 4833 4898
f 4899 4832 4833
f 4900 4832 4899
f 4744 4742 4743
f 4744 4745 4742
f 4928 4704 4705
f 4859 4863 4862
f 4862 4861 4860
f 4870 4869 4875
f 4875 4873 4872
f 4868 4867 4875
f 4875 4867 4866
f 4718 4720 4719
f 4718 4722 4721
f 4723 4722 4718
f 4726 4725 4718
f 4718 4715 4728
f 4728 4727 4718
f 4718 4727 4726
f 4731 4730 4735
f 4735 4732 4731
f 4735 4730 4729
f 4928 4921 4920
f 4907 4906 4928
f 4902 4901 4928
f 4928 4917 4916
f 4916 4915 4928
f 4908 4907 4928
f 4928 4910 4909
f 4911 4910 4928
f 4922 4921 4928
f 4928 4915 4914
f 4928 4919 4918
f 4924 4923 4928
f 4914 4913 4928
f 4920 4919 4928
f 4925 4924 4928
f 4926 4925 4928
f 4928 4913 4912
f 4928 4927 4926
f 4705 4706 4928
f 4706 4927 4928
f 4707 4704 4708
f 4707 4706 4705
f 4707 4925 4926
f 4707 4708 4925
f 4926 4927 4707
f 4707 4927 4706
f 4479 4480 4705
f 4479 4705 4704
f 4480 4481 4706
f 4480 4706 4705
f 4481 4482 4707
f 4481 4707 4706
f 4482 4483 4708
f 4482 4708 4707
f 4483 4484 4709
f 4483 4709 4708
f 4484 4485 4710
f 4484 4710 4709
f 4485 4486 4711
f 4485 4711 4710
f 4486 4487 4712
f 4486 4712 4711
f 4487 4488 4713
f 4487 4713 4712
f 4488 4489 4714
f 4488 4714 4713
f 4489 4490 4715
f 4489 4715 4714
f 4490 4491 4716
f 4490 4716 4715
f 4491 4492 4717
f 4491 4717 4716
f 4492 4493 4718
f 4492 4718 4717
f 4493 4494 4719
f 4493 4719 4718
f 4494 4495 4720
f 4494 4720 4719
f 4495 4496 4721
f 4495 4721 4720
f 4496 4497 4722
f 4496 4722 4721
f 4497 4498 4723
f 4497 4723 4722
f 4498 4499 4724
f 4498 4724 4723
f 4499 4500 4725
f 4499 4725 4724
f 4500 4501 4726
f 4500 4726 4725
f 4501 4502 4727
f 4501 4727 4726
f 4502 4503 4728
f 4502 4728 4727
f 4503 4504 4729
f 4503 4729 4728
f 4504 4505 4730
f 4504 4730 4729
f 4505 4506 4731
f 4505 4731 4730
f 4506 4507 4732
f 4506 4732 4731
f 4507 4508 4733
f 4507 4733 4732
f 4508 4509 4734
f 4508 4734 4733
f 4509 4510 4735
f 4509 4735 4734
f 4510 4511 4736
f 4510 4736 4735
f 4511 4512 4737
f 4511 4737 4736
f 4512 4513 4738
f 4512 4738 4737
f 4513 4514 4739
f 4513 4739 4738
f 4514 4515 4740
f 4514 4740 4739
f 4515 4516 4741
f 4515 4741 4740
f 4516 4517 4742
f 4516 4742 4741
f 4517 4518 4743
f 4517 4743 4742
f 4518 4519 4744
f 4518 4744 4743
f 4519 4520 4745
f 4519 4745 4744
f 4520 4521 4746
f 4520 4746 4745
f 4521 4522 4747
f 4521 4747 4746
f 4522 4523 4748
f 4522 4748 4747
f 4523 4524 4749
f 4523 4749 4748
f 4524 4525 4750
f 4524 4750 4749
f 4525 4526 4751
f 4525 4751 4750
f 4526 4527 4752
f 4526 4752 4751
f 4527 4528 4753
f 4527 4753 4752
f 4528 4529 4754
f 4528 4754 4753
f 4529 4530 4755
f 4529 4755 4754
f 4530 4531 4756
f 4530 4756 4755
f 4531 4532 4757
f 4531 4757 4756
f 4532 4533 4758
f 4532 4758 4757
f 4533 4534 4759
f 4533 4759 4758
f 4534 4535 4760
f 4534 4760 4759
f 4535 4536 4761
f 4535 4761 4760
f 4536 4537 4762
f 4536 4762 4761
f 4537 4538 4763
f 4537 4763 4762
f 4538 4539 4764
f 4538 4764 4763
f 4539 4540 4765
f 4539 4765 4764
f 4540 4541 4766
f 4540 4766 4765
f 4541 4542 4767
f 4541 4767 4766
f 4542 4543 4768
f 4542 4768 4767
f 4543 4544 4769
f 4543 4769 4768
f 4544 4545 4770
f 4544 4770 4769
f 4545 4546 4771
f 4545 4771 4770
f 4546 4547 4772
f 4546 4772 4771
f 4547 4548 4773
f 4547 4773 4772
f 4548 4549 4774
f 4548 4774 4773
f 4549 4550 4775
f 4549 4775 4774
f 4550 4551 4776
f 4550 4776 4775
f 4551 4552 4777
f 4551 4777 4776
f 4552 4553 4778
f 4552 4778 4777
f 4553 4554 4779
f 4553 4779 4778
f 4554 4555 4780
f 4554 4780 4779
f 4555 4556 4781
f 4555 4781 4780
f 4556 4557 4782
f 4556 4782 4781
f 4557 4558 4783
f 4557 4783 4782
f 4558 4559 4784
f 4558 4784 4783
f 4559 4560 4785
f 4559 4785 4784
f 4560 4561 4786
f 4560 4786 4785
f 4561 4562 4787
f 4561 4787 4786
f 4562 4563 4788
f 4562 4788 4787
f 4563 4564 4789
f 4563 4789 4788
f 4564 4565 4790
f 4564 4790 4789
f 4565 4566 4791
f 4565 4791 4790
f 4566 4567 4792
f 4566 4792 4791
f 4567 4568 4793
f 4567 4793 4792
f 4568 4569 4794
f 4568 4794 4793
f 4569 4570 4795
f 4569 4795 4794
f 4570 4571 4796
f 4570 4796 4795
f 4571 4572 4797
f 4571 4797 4796
f 4572 4573 4798
f 4572 4798 4797
f 4573 4574 4799
f 4573 4799 4798
f 4574 4575 4800
f 4574 4800 4799
f 4575 4576 4801
f 4575 4801 4800
f 4576 4577 4802
f 4576 4802 4801
f 4577 4578 4803
f 4577 4803 4802
f 4578 4579 4804
f 4578 4804 4803
f 4579 4580 4805
f 4579 4805 4804
f 4580 4581 4806
f 4580 4806 4805
f 4581 4582 4807
f 4581 4807 4806
f 4582 4583 4808
f 4582 4808 4807
f 4583 4584 4809
f 4583 4809 4808
f 4584 4585 4810
f 4584 4810 4809
f 4585 4586 4811
f 4585 4811 4810
f 4586 4587 4812
f 4586 4812 4811
f 4587 4588 4813
f 4587 4813 4812
f 4588 4589 4814
f 4588 4814 4813
f 4589 4590 4815
f 4589 4815 4814
f 4590 4591 4816
f 4590 4816 4815
f 4591 4592 4817
f 4591 4817 4816
f 4592 4593 4818
f 4592 4818 4817
f 4593 4594 4819
f 4593 4819 4818
f 4594 4595 4820
f 4594 4820 4819
f 4595 4596 4821
f 4595 4821 4820
f 4596 4597 4822
f 4596 4822 4821
f 4597 4598 4823
f 4597 4823 4822
f 4598 4599 4824
f 4598 4824 4823
f 4599 4600 4825
f 4599 4825 4824
f 4600 4601 4826
f 4600 4826 4825
f 4601 4602 4827
f 4601 4827 4826
f 4602 4603 4828
f 4602 4828 4827
f 4603 4604 4829
f 4603 4829 4828
f 4604 4605 4830
f 4604 4830 4829
f 4605 4606 4831
f 4605 4831 4830
f 4606 4607 4832
f 4606 4832 4831
f 4607 4608 4833
f 4607 4833 4832
f 4608 4609 4834
f 4608 4834 4833
f 4609 4610 4835
f 4609 4835 4834
f 4610 4611 4836
f 4610 4836 4835
f 4611 4612 4837
f 4611 4837 4836
f 4612 4613 4838
f 4612 4838 4837
f 4613 4614 4839
f 4613 4839 4838
f 4614 4615 4840
f 4614 4840 4839
f 4615 4616 4841
f 4615 4841 4840
f 4616 4617 4842
f 4616 4842 4841
f 4617 4618 4843
f 4617 4843 4842
f 4618 4619 4844
f 4618 4844 4843
f 4619 4620 4845
f 4619 4845 4844
f 4620 4621 4846
f 4620 4846 4845
f 4621 4622 4847
f 4621 4847 4846
f 4622 4623 4848
f 4622 4848 4847
f 4623 4624 4849
f 4623 4849 4848
f 4624 4625 4850
f 4624 4850 4849
f 4625 4626 4851
f 4625 4851 4850
f 4626 4627 4852
f 4626 4852 4851
f 4627 4628 4853
f 4627 4853 4852
f 4628 4629 4854
f 4628 4854 4853
f 4629 4630 4855
f 4629 4855 4854
f 4630 4631 4856
f 4630 4856 4855
f 4631 4632 4857
f 4631 4857 4856
f 4632 4633 4858
f 4632 4858 4857
f 4633 4634 4859
f 4633 4859 4858
f 4634 4635 4860
f 4634 4860 4859
f 4635 4636 4861
f 4635 4861 4860
f 4636 4637 4862
f 4636 4862 4861
f 4637 4638 4863
f 4637 4863 4862
f 4638 4639 4864
f 4638 4864 4863
f 4639 4640 4865
f 4639 4865 4864
f 4640 4641 4866
f 4640 4866 4865
f 4641 4642 4867
f 4641 4867 4866
f 4642 4643 4868
f 4642 4868 4867
f 4643 4644 4869
f 4643 4869 4868
f 4644 4645 4870
f 4644 4870 4869
f 4645 4646 4871
f 4645 4871 4870
f 4646 4647 4872
f 4646 4872 4871
f 4647 4648 4873
f 4647 4873 4872
f 4648 4649 4874
f 4648 4874 4873
f 4649 4650 4875
f 4649 4875 4874
f 4650 4651 4876
f 4650 4876 4875
f 4651 4652 4877
f 4651 4877 4876
f 4652 4653 4878
f 4652 4878 4877
f 4653 4654 4879
f 4653 4879 4878
f 4654 4655 4880
f 4654 4880 4879
f 4655 4656 4881
f 4655 4881 4880
f 4656 4657 4882
f 4656 4882 4881
f 4657 4658 4883
f 4657 4883 4882
f 4658 4659 4884
f 4658 4884 4883
f 4659 4660 4885
f 4659 4885 4884
f 4660 4661 4886
f 4660 4886 4885
f 4661 4662 4887
f 4661 4887 4886
f 4662 4663 4888
f 4662 4888 4887
f 4663 4664 4889
f 4663 4889 4888
f 4664 4665 4890
f 4664 4890 4889
f 4665 4666 4891
f 4665 4891 4890
f 4666 4667 4892
f 4666 4892 4891
f 4667 4668 4893
f 4667 4893 4892
f 4668 4669 4894
f 4668 4894 4893
f 4669 4670 4895
f 4669 4895 4894
f 4670 4671 4896
f 4670 4896 4895
f 4671 4672 4897
f 4671 4897 4896
f 4672 4673 4898
f 4672 4898 4897
f 4673 4674 4899
f 4673 4899 4898
f 4674 4675 4900
f 4674 4900 4899
f 4675 4676 4901
f 4675 4901 4900
f 4676 4677 4902
f 4676 4902 4901
f 4677 4678 4903
f 4677 4903 4902
f 4678 4679 4904
f 4678 4904 4903
f 4679 4680 4905
f 4679 4905 4904
f 4680 4681 4906
f 4680 4906 4905
f 4681 4682 4907
f 4681 4907 4906
f 4682 4683 4908
f 4682 4908 4907
f 4683 4684 4909
f 4683 4909 4908
f 4684 4685 4910
f 4684 4910 4909
f 4685 4686 4911
f 4685 4911 4910
f 4686 4687 4912
f 4686 4912 4911
f 4687 4688 4913
f 4687 4913 4912
f 4688 4689 4914
f 4688 4914 4913
f 4689 4690 4915
f 4689 4915 4914
f 4690 4691 4916
f 4690 4916 4915
f 4691 4692 4917
f 4691 4917 4916
f 4692 4693 4918
f 4692 4918 4917
f 4693 4694 4919
f 4693 4919 4918
f 4694 4695 4920
f 4694 4920 4919
f 4695 4696 4921
f 4695 4921 4920
f 4696 4697 4922
f 4696 4922 4921
f 4697 4698 4923
f 4697 4923 4922
f 4698 4699 4924
f 4698 4924 4923
f 4699 4700 4925
f 4699 4925 4924
f 4700 4701 4926
f 4700 4926 4925
f 4701 4702 4927
f 4701 4927 4926
f 4702 4703 4928
f 4702 4928 4927
f 4703 4479 4704
f 4703 4704 4928
